merchant_id,category,state,total_txn_count,total_volume,fraud_rate,risk_score,risk_label
MRC03697,POS_Fashion,Ogun,86,2255369.96,0.0930232558139534,0.9999994,Very High
MRC04732,POS_Fuel,Rivers,45,564378.6,0.1777777777777777,0.9999994,Very High
MRC01033,Online_Ecommerce,Lagos,53,1867357.43,0.0943396226415094,0.9999993,Very High
MRC01395,POS_Retail,Edo,69,727205.65,0.1884057971014492,0.99999917,Very High
MRC02950,Online_Travel,Lagos,63,8468372.21,0.1269841269841269,0.99999917,Very High
MRC04470,POS_Grocery,Anambra,84,707455.32,0.0952380952380952,0.99999917,Very High
MRC00215,POS_Fuel,Lagos,46,674800.74,0.108695652173913,0.99999905,Very High
MRC02297,POS_Grocery,Kano,98,806497.92,0.1326530612244898,0.9999989,Very High
MRC02377,Online_Gaming,Rivers,117,362596.43,0.1282051282051282,0.9999988,Very High
MRC04006,POS_Retail,Edo,51,529553.18,0.1372549019607843,0.9999987,Very High
MRC04298,POS_Restaurant,Lagos,50,279264.36,0.1,0.9999987,Very High
MRC01807,Online_Bills,Kaduna,64,819687.21,0.109375,0.9999987,Very High
MRC02559,POS_Restaurant,Abuja,105,519562.36,0.0952380952380952,0.99999857,Very High
MRC03628,POS_Electronics,Plateau,53,4376236.28,0.0943396226415094,0.99999857,Very High
MRC03386,POS_Fashion,Lagos,57,1304476.14,0.1052631578947368,0.99999845,Very High
MRC03688,POS_Retail,Lagos,70,662128.56,0.1,0.99999845,Very High
MRC01975,POS_Grocery,Benue,343,2752674.02,0.1166180758017492,0.99999833,Very High
MRC00738,POS_Grocery,Kano,50,405407.89,0.14,0.99999833,Very High
MRC00392,Online_Ecommerce,Lagos,66,2155003.18,0.1212121212121212,0.99999833,Very High
MRC03237,POS_Grocery,Imo,2625,21383081.26,0.1001904761904761,0.99999833,Very High
MRC00968,Transfer_P2P,Edo,62,1376532.96,0.1129032258064516,0.9999982,Very High
MRC02487,Online_Ecommerce,Abuja,142,5336509.86,0.0915492957746478,0.9999982,Very High
MRC00352,Online_Bills,Kaduna,178,2132105.86,0.1235955056179775,0.9999982,Very High
MRC02202,Online_Gaming,Lagos,53,207666.94,0.1509433962264151,0.9999981,Very High
MRC00453,Transfer_Business,Anambra,82,21900361.21,0.0975609756097561,0.9999981,Very High
MRC01946,POS_Retail,Edo,48,483834.83,0.1041666666666666,0.999998,Very High
MRC01139,POS_Pharmacy,Lagos,87,542998.45,0.1034482758620689,0.999998,Very High
MRC01742,Online_Travel,Bayelsa,116,18737040.82,0.1724137931034483,0.99999785,Very High
MRC03412,Online_Ecommerce,Lagos,50,1897408.64,0.1,0.99999785,Very High
MRC01950,Transfer_Payroll,Lagos,86,15163183.98,0.0930232558139534,0.99999774,Very High
MRC01416,POS_Retail,Enugu,62,631442.0599999999,0.0967741935483871,0.99999774,Very High
MRC04508,Transfer_Business,Oyo,115,28826021.87,0.1130434782608695,0.99999774,Very High
MRC02203,POS_Grocery,Oyo,67,560535.53,0.1492537313432835,0.9999976,Very High
MRC02914,POS_Fuel,Kano,178,2878852.33,0.1011235955056179,0.9999976,Very High
MRC02434,POS_Restaurant,Delta,46,275007.55,0.0869565217391304,0.9999975,Very High
MRC02468,Online_Gaming,Imo,45,91252.05,0.1333333333333333,0.9999975,Very High
MRC00684,POS_Retail,Enugu,50,556603.32,0.08,0.9999975,Very High
MRC00321,POS_Grocery,Oyo,112,908413.32,0.0982142857142857,0.9999975,Very High
MRC02676,Online_Bills,Lagos,45,515338.22,0.0888888888888888,0.9999975,Very High
MRC02602,POS_Grocery,Lagos,248,2071024.4,0.0887096774193548,0.9999975,Very High
MRC00813,Online_Ecommerce,Lagos,211,7944429.87,0.0947867298578199,0.9999974,Very High
MRC01413,Transfer_P2P,Ogun,152,3231287.51,0.0921052631578947,0.9999974,Very High
MRC01076,POS_Retail,Oyo,54,577454.19,0.1851851851851851,0.9999974,Very High
MRC00115,Online_Ecommerce,Kwara,49,2180489.45,0.0816326530612244,0.9999974,Very High
MRC00248,POS_Grocery,Abuja,220,1748447.15,0.1,0.99999726,Very High
MRC03960,Transfer_P2P,Lagos,135,2597053.76,0.1037037037037037,0.99999726,Very High
MRC03551,POS_Restaurant,Rivers,49,230110.57,0.0816326530612244,0.99999726,Very High
MRC00972,POS_Retail,Plateau,52,491653.19,0.0961538461538461,0.99999714,Very High
MRC00757,Transfer_P2P,Abuja,58,1343241.05,0.1206896551724138,0.99999714,Very High
MRC02299,Online_Gaming,Enugu,45,123786.22,0.1555555555555555,0.99999714,Very High
MRC00581,Transfer_Payroll,Kaduna,71,13173802.43,0.0985915492957746,0.999997,Very High
MRC02007,POS_Fashion,Kano,70,1698444.96,0.1142857142857142,0.999997,Very High
MRC04807,POS_Restaurant,Kaduna,81,438651.19,0.0987654320987654,0.9999969,Very High
MRC02391,POS_Restaurant,Kano,111,505055.52,0.1351351351351351,0.9999969,Very High
MRC03293,Online_Ecommerce,Lagos,58,1859787.09,0.1551724137931034,0.9999969,Very High
MRC04721,Online_Bills,Rivers,61,688555.78,0.1147540983606557,0.9999968,Very High
MRC03807,POS_Electronics,Cross River,54,4663020.5,0.0925925925925925,0.9999968,Very High
MRC03533,POS_Grocery,Abuja,55,431040.16,0.1636363636363636,0.9999968,Very High
MRC01769,POS_Retail,Anambra,399,4173427.46,0.1077694235588972,0.99999666,Very High
MRC01470,POS_Restaurant,Lagos,43,242598.08,0.0930232558139534,0.99999666,Very High
MRC04025,POS_Fuel,Rivers,127,1900556.01,0.1023622047244094,0.99999666,Very High
MRC03457,POS_Retail,Rivers,128,1324794.98,0.109375,0.99999666,Very High
MRC03539,POS_Grocery,Imo,62,488597.45,0.0967741935483871,0.9999964,Very High
MRC04232,Online_Bills,Abuja,81,980276.42,0.0864197530864197,0.9999964,Very High
MRC02787,Online_Ecommerce,Lagos,50,1894572.47,0.08,0.9999964,Very High
MRC03894,Online_Bills,Bayelsa,192,2318996.41,0.0833333333333333,0.9999963,Very High
MRC01626,Online_Ecommerce,Enugu,50,1903777.51,0.1,0.9999963,Very High
MRC01760,Online_Ecommerce,Lagos,941,33155832.91,0.0956429330499468,0.9999963,Very High
MRC04466,Online_Ecommerce,Abuja,44,1765458.32,0.1363636363636363,0.9999962,Very High
MRC01324,POS_Retail,Abuja,45,464223.99,0.1111111111111111,0.9999962,Very High
MRC03579,POS_Retail,Lagos,67,657869.29,0.1044776119402985,0.9999962,Very High
MRC00241,POS_Grocery,Kano,58,474045.92,0.1896551724137931,0.9999962,Very High
MRC03609,Online_Travel,Lagos,124,19214065.16,0.0806451612903225,0.9999962,Very High
MRC01679,Transfer_P2P,Benue,100,1859009.69,0.13,0.99999607,Very High
MRC01925,POS_Restaurant,Abia,92,386146.47,0.1195652173913043,0.99999607,Very High
MRC03379,Online_Travel,Abuja,47,7310440.99,0.1276595744680851,0.99999595,Very High
MRC00885,POS_Retail,Delta,59,653053.66,0.1694915254237288,0.9999958,Very High
MRC00068,Online_Ecommerce,Bayelsa,67,2120423.73,0.1044776119402985,0.9999957,Very High
MRC03703,POS_Restaurant,Abuja,122,591792.6,0.0901639344262295,0.9999957,Very High
MRC01847,Transfer_Payroll,Abuja,51,9343631.21,0.196078431372549,0.9999957,Very High
MRC02953,POS_Restaurant,Bayelsa,134,689301.87,0.0820895522388059,0.99999547,Very High
MRC03462,Online_Bills,Lagos,41,577161.07,0.0975609756097561,0.99999547,Very High
MRC02569,POS_Retail,Abuja,1087,11576025.57,0.0846366145354185,0.99999535,Very High
MRC04840,POS_Electronics,Enugu,440,38063173.36,0.0795454545454545,0.99999535,Very High
MRC01844,Transfer_P2P,Ogun,90,1872303.5,0.0888888888888888,0.9999951,Very High
MRC00010,Online_Travel,Enugu,65,9271114.43,0.1076923076923077,0.9999951,Very High
MRC00629,POS_Retail,Oyo,340,3638826.57,0.1088235294117647,0.9999951,Very High
MRC03312,POS_Restaurant,Lagos,45,228837.27,0.0888888888888888,0.999995,Very High
MRC03687,POS_Fashion,Cross River,168,4226527.3,0.0892857142857142,0.9999949,Very High
MRC00543,Online_Bills,Lagos,105,1207301.34,0.1047619047619047,0.9999949,Very High
MRC00522,Online_Bills,Enugu,67,860568.75,0.0746268656716417,0.9999949,Very High
MRC02813,Online_Ecommerce,Oyo,55,1892553.74,0.1636363636363636,0.9999949,Very High
MRC02198,Transfer_P2P,Anambra,235,5208345.11,0.0978723404255319,0.9999949,Very High
MRC01614,POS_Retail,Rivers,103,994985.17,0.116504854368932,0.9999949,Very High
MRC01241,Transfer_P2P,Lagos,46,833766.4,0.0869565217391304,0.99999475,Very High
MRC00902,POS_Restaurant,Rivers,45,214636.61,0.1111111111111111,0.99999464,Very High
MRC04176,POS_Electronics,Lagos,52,4332007.92,0.0769230769230769,0.9999945,Very High
MRC03758,POS_Restaurant,Abuja,46,228870.56,0.0869565217391304,0.9999944,Very High
MRC00038,Online_Ecommerce,Osun,107,3899539.6,0.0841121495327102,0.9999943,Very High
MRC04736,Transfer_P2P,Abia,49,1035197.85,0.0816326530612244,0.99999416,Very High
MRC03872,Transfer_Payroll,Oyo,73,13297445.64,0.1232876712328767,0.99999416,Very High
MRC01961,POS_Electronics,Lagos,77,6892438.16,0.1298701298701298,0.99999404,Very High
MRC03744,POS_Fuel,Lagos,50,840422.33,0.1,0.99999404,Very High
MRC00452,Online_Ecommerce,Lagos,51,1750438.12,0.0980392156862745,0.9999938,Very High
MRC03254,POS_Pharmacy,Oyo,522,3217832.37,0.0727969348659003,0.9999938,Very High
MRC02727,POS_Fuel,Rivers,46,691354.84,0.108695652173913,0.9999938,Very High
MRC00276,Transfer_P2P,Oyo,54,1214683.25,0.1296296296296296,0.9999937,Very High
MRC04010,Online_Gaming,Ogun,104,323726.64,0.0865384615384615,0.99999356,Very High
MRC01178,POS_Retail,Kwara,44,466322.2,0.0909090909090909,0.99999356,Very High
MRC03073,POS_Fashion,Bayelsa,43,917021.03,0.0930232558139534,0.99999344,Very High
MRC02025,POS_Fuel,Rivers,45,606351.83,0.0888888888888888,0.9999932,Very High
MRC00461,POS_Supermarket,Lagos,47,407576.42,0.1063829787234042,0.9999932,Very High
MRC00878,Online_Ecommerce,Delta,79,2886769.34,0.0886075949367088,0.9999931,Very High
MRC04755,Transfer_Business,Lagos,313,78168839.87,0.108626198083067,0.9999931,Very High
MRC04883,POS_Retail,Kaduna,66,644714.81,0.0757575757575757,0.99999297,Very High
MRC03365,Online_Bills,Lagos,44,558734.69,0.1136363636363636,0.9999927,Very High
MRC02063,Online_Travel,Abuja,128,19022939.66,0.078125,0.9999925,Very High
MRC03168,POS_Restaurant,Delta,46,225159.07,0.0869565217391304,0.99999225,Very High
MRC01681,Online_Bills,Lagos,89,1144318.05,0.0898876404494382,0.99999225,Very High
MRC04598,POS_Grocery,Lagos,130,1014200.1,0.1692307692307692,0.99999225,Very High
MRC04686,POS_Grocery,Delta,136,1061332.77,0.1102941176470588,0.99999225,Very High
MRC00946,POS_Retail,Rivers,83,861032.62,0.144578313253012,0.99999213,Very High
MRC03304,POS_Pharmacy,Lagos,85,491911.28,0.1058823529411764,0.99999213,Very High
MRC00114,POS_Grocery,Abuja,67,569078.97,0.0895522388059701,0.99999213,Very High
MRC03433,POS_Retail,Benue,46,399868.29,0.1304347826086956,0.9999919,Very High
MRC02755,POS_Retail,Lagos,52,516234.62,0.0961538461538461,0.9999919,Very High
MRC03891,POS_Fashion,Kaduna,112,2698364.91,0.1607142857142857,0.9999914,Very High
MRC04141,Online_Ecommerce,Lagos,48,1915304.64,0.125,0.9999913,Very High
MRC01652,Transfer_P2P,Delta,344,7208575.66,0.0843023255813953,0.99999094,Very High
MRC01264,POS_Pharmacy,Lagos,52,342974.43,0.0769230769230769,0.99999094,Very High
MRC00754,Online_Bills,Imo,53,626040.22,0.0943396226415094,0.99999094,Very High
MRC00430,POS_Retail,Kaduna,42,432009.04,0.119047619047619,0.9999908,Very High
MRC00446,Transfer_P2P,Abuja,43,802969.27,0.1162790697674418,0.9999907,Very High
MRC01345,Transfer_Business,Abuja,63,15379785.18,0.1269841269841269,0.9999907,Very High
MRC01970,Online_Ecommerce,Abuja,85,3013478.88,0.1058823529411764,0.99999034,Very High
MRC02817,Transfer_Business,Abuja,43,9878690.88,0.1162790697674418,0.99999034,Very High
MRC01965,Online_Bills,Abuja,79,1017464.86,0.0886075949367088,0.99999034,Very High
MRC04737,Online_Ecommerce,Anambra,52,1998403.47,0.1346153846153846,0.99999034,Very High
MRC00845,Online_Ecommerce,Abuja,114,3832283.54,0.0964912280701754,0.99999034,Very High
MRC00211,POS_Fashion,Benue,69,1670853.47,0.1014492753623188,0.9999895,Very High
MRC02917,Online_Travel,Ogun,42,6044980.78,0.0952380952380952,0.9999894,Very High
MRC04677,Online_Ecommerce,Lagos,157,5216855.51,0.1019108280254777,0.9999894,Very High
MRC04806,Online_Ecommerce,Lagos,81,2762872.3,0.0864197530864197,0.99998915,Very High
MRC01808,POS_Grocery,Ekiti,131,987478.61,0.0839694656488549,0.99998915,Very High
MRC01662,Online_Ecommerce,Abuja,78,2733246.98,0.141025641025641,0.99998903,Very High
MRC03131,Online_Travel,Abuja,42,6020211.45,0.0952380952380952,0.9999889,Very High
MRC04048,Transfer_P2P,Bayelsa,587,12387894.25,0.06984667802385,0.9999889,Very High
MRC01135,Online_Bills,Plateau,44,567773.97,0.1590909090909091,0.9999888,Very High
MRC03901,Transfer_Business,Cross River,53,12869420.14,0.0943396226415094,0.9999888,Very High
MRC03903,POS_Grocery,Plateau,106,843443.86,0.0943396226415094,0.99998856,Very High
MRC02331,POS_Pharmacy,Kwara,69,439521.72,0.1014492753623188,0.99998844,Very High
MRC03368,POS_Electronics,Osun,204,18599593.17,0.0735294117647058,0.9999882,Very High
MRC04374,POS_Retail,Osun,96,934201.58,0.0833333333333333,0.9999876,Very High
MRC02765,POS_Restaurant,Lagos,68,386520.31,0.088235294117647,0.9999875,Very High
MRC02793,POS_Restaurant,Lagos,64,314122.28,0.109375,0.9999875,Very High
MRC01583,POS_Pharmacy,Oyo,42,240130.28,0.1428571428571428,0.99998736,Very High
MRC02359,POS_Restaurant,Kano,72,361955.47,0.1111111111111111,0.9999871,Very High
MRC01274,POS_Restaurant,Lagos,53,288794.0,0.0754716981132075,0.9999871,Very High
MRC02351,POS_Electronics,Abia,67,6130146.44,0.1044776119402985,0.999987,Very High
MRC02076,Transfer_Business,Abia,44,11192029.34,0.1818181818181818,0.999987,Very High
MRC01051,Online_Bills,Delta,155,2004473.8,0.0967741935483871,0.99998677,Very High
MRC00817,Online_Ecommerce,Lagos,49,1507491.34,0.1224489795918367,0.99998677,Very High
MRC03410,POS_Electronics,Abia,59,5179923.12,0.0847457627118644,0.99998665,Very High
MRC01045,Online_Bills,Lagos,46,589987.0,0.1304347826086956,0.9999865,Very High
MRC00679,Online_Ecommerce,Kwara,47,1628796.26,0.1489361702127659,0.9999864,Very High
MRC00466,Online_Bills,Abuja,55,685031.1,0.0909090909090909,0.9999864,Very High
MRC00478,Online_Bills,Kano,91,1127076.98,0.1098901098901098,0.9999863,Very High
MRC04814,Transfer_Business,Kaduna,67,17839313.45,0.0746268656716417,0.9999863,Very High
MRC02382,Transfer_Business,Oyo,68,17115903.57,0.1029411764705882,0.9999857,Very High
MRC01884,POS_Fuel,Kaduna,64,985058.2,0.125,0.9999852,Very High
MRC03753,POS_Grocery,Abuja,63,494513.53,0.0793650793650793,0.9999851,Very High
MRC00921,POS_Grocery,Kaduna,43,358140.19,0.0930232558139534,0.99998486,Very High
MRC04910,Online_Ecommerce,Abuja,126,3976311.77,0.0952380952380952,0.99998474,Very High
MRC01421,POS_Fuel,Delta,78,1222845.87,0.0897435897435897,0.99998474,Very High
MRC02187,POS_Electronics,Rivers,43,3069705.07,0.0930232558139534,0.99998474,Very High
MRC00761,POS_Restaurant,Abia,45,275435.5,0.1111111111111111,0.9999846,Very High
MRC00870,POS_Pharmacy,Kano,69,461268.86,0.072463768115942,0.9999845,Very High
MRC03574,POS_Retail,Abuja,46,505193.24,0.1304347826086956,0.9999844,Very High
MRC00839,Online_Travel,Lagos,93,13052234.41,0.0967741935483871,0.99998426,Very High
MRC01425,POS_Electronics,Ogun,122,9910515.68,0.0737704918032786,0.999984,Very High
MRC02966,POS_Fuel,Kano,67,1024035.64,0.0746268656716417,0.9999839,Very High
MRC01704,Transfer_P2P,Lagos,318,7007615.52,0.0786163522012578,0.9999838,Very High
MRC03552,Online_Ecommerce,Osun,51,1852676.3,0.0784313725490196,0.99998367,Very High
MRC03985,POS_Fuel,Abia,73,1122835.25,0.0821917808219178,0.9999833,Very High
MRC01713,POS_Electronics,Abuja,48,4466181.4,0.125,0.99998283,Very High
MRC01672,Online_Gaming,Abuja,45,162406.84,0.0888888888888888,0.9999827,Very High
MRC00723,POS_Retail,Lagos,68,767537.02,0.1029411764705882,0.99998224,Very High
MRC04444,POS_Fashion,Oyo,78,1888232.76,0.0897435897435897,0.9999821,Very High
MRC02708,POS_Supermarket,Kaduna,56,434013.77,0.1071428571428571,0.99998176,Very High
MRC04199,POS_Pharmacy,Abia,89,523385.02,0.0786516853932584,0.99998164,Very High
MRC02938,POS_Retail,Kaduna,82,826758.27,0.1097560975609756,0.9999814,Very High
MRC01563,POS_Supermarket,Enugu,226,1848248.62,0.0884955752212389,0.99998105,Very High
MRC01877,POS_Pharmacy,Rivers,50,297116.24,0.08,0.9999808,Very High
MRC00022,POS_Grocery,Abuja,63,499252.14,0.1746031746031746,0.9999808,Very High
MRC04235,Online_Ecommerce,Lagos,160,5507091.5200000005,0.09375,0.9999807,Very High
MRC03316,Online_Ecommerce,Kano,51,1756073.07,0.1176470588235294,0.9999801,Very High
MRC04956,Transfer_P2P,Oyo,134,2843361.64,0.0895522388059701,0.99998,Very High
MRC01669,POS_Retail,Rivers,51,517429.74,0.1176470588235294,0.99998,Very High
MRC02530,Transfer_P2P,Ogun,42,796101.71,0.0952380952380952,0.99997985,Very High
MRC00789,POS_Restaurant,Lagos,57,284731.42,0.1228070175438596,0.9999796,Very High
MRC00367,POS_Grocery,Lagos,89,730131.08,0.0898876404494382,0.9999795,Very High
MRC03010,POS_Retail,Lagos,85,880965.85,0.0823529411764705,0.9999789,Very High
MRC00649,Transfer_P2P,Benue,90,1896717.19,0.1,0.9999788,Very High
MRC04590,Online_Ecommerce,Kaduna,81,2828318.47,0.1111111111111111,0.9999784,Very High
MRC01007,POS_Restaurant,Cross River,58,278084.07,0.1034482758620689,0.9999782,Very High
MRC00417,POS_Grocery,Abuja,196,1768975.05,0.0714285714285714,0.99997807,Very High
MRC00855,Transfer_P2P,Lagos,71,1586350.98,0.0845070422535211,0.9999778,Very High
MRC04329,POS_Supermarket,Abuja,116,934290.88,0.0862068965517241,0.9999777,Very High
MRC03331,Transfer_P2P,Kwara,66,1357729.6,0.0757575757575757,0.9999776,Very High
MRC04912,Online_Bills,Lagos,1431,17792472.73,0.0712788259958071,0.99997723,Very High
MRC04247,Transfer_P2P,Lagos,48,944846.95,0.1875,0.9999771,Very High
MRC04685,Online_Ecommerce,Lagos,62,2161017.78,0.0967741935483871,0.9999759,Very High
MRC03252,POS_Restaurant,Lagos,69,368947.48,0.072463768115942,0.9999759,Very High
MRC02442,POS_Supermarket,Delta,50,395531.55,0.08,0.9999758,Very High
MRC04586,Online_Bills,Lagos,55,593549.85,0.109090909090909,0.9999751,Very High
MRC03489,Transfer_Payroll,Lagos,107,18665807.89,0.1121495327102803,0.9999747,Very High
MRC00715,POS_Pharmacy,Lagos,91,552983.07,0.1098901098901098,0.99997437,Very High
MRC00133,Transfer_P2P,Kaduna,194,4338067.77,0.0721649484536082,0.999974,Very High
MRC02315,Online_Bills,Rivers,73,945052.2,0.0821917808219178,0.9999738,Very High
MRC04947,POS_Fashion,Lagos,76,2034313.27,0.1052631578947368,0.99997365,Very High
MRC03939,POS_Retail,Kano,52,538731.38,0.1153846153846153,0.99997354,Very High
MRC00190,POS_Restaurant,Cross River,341,1728067.85,0.0791788856304985,0.99997354,Very High
MRC03236,POS_Fashion,Enugu,62,1597435.04,0.1129032258064516,0.9999732,Very High
MRC01342,POS_Grocery,Enugu,157,1291053.28,0.0700636942675159,0.99997306,Very High
MRC03966,POS_Fuel,Lagos,159,2354321.72,0.0754716981132075,0.99997306,Very High
MRC01690,POS_Grocery,Lagos,63,457020.71,0.1269841269841269,0.9999728,Very High
MRC02321,POS_Grocery,Kwara,57,467410.2,0.087719298245614,0.9999727,Very High
MRC02975,Online_Ecommerce,Oyo,55,2248327.12,0.0909090909090909,0.9999727,Very High
MRC03946,POS_Fuel,Kano,63,865093.65,0.0793650793650793,0.99997234,Very High
MRC01706,Transfer_P2P,Imo,85,1769236.74,0.0823529411764705,0.99997175,Very High
MRC02600,Online_Bills,Ogun,44,577723.47,0.1590909090909091,0.9999714,Very High
MRC01692,Transfer_Business,Oyo,76,18945941.89,0.0921052631578947,0.9999713,Very High
MRC04991,POS_Fuel,Kaduna,104,1483656.64,0.0865384615384615,0.9999707,Very High
MRC02392,POS_Restaurant,Kano,50,210642.03,0.08,0.99996996,Very High
MRC03183,POS_Retail,Kaduna,48,423288.88,0.1041666666666666,0.9999697,Very High
MRC01625,POS_Retail,Rivers,48,418254.11,0.1041666666666666,0.9999695,Very High
MRC00252,Transfer_P2P,Lagos,80,1861635.0,0.125,0.9999691,Very High
MRC00289,POS_Fashion,Abia,113,2837224.54,0.0884955752212389,0.9999684,Very High
MRC01906,Transfer_P2P,Lagos,108,2295379.55,0.0833333333333333,0.99996805,Very High
MRC01487,POS_Retail,Delta,62,522662.19,0.0967741935483871,0.9999677,Very High
MRC00909,Online_Ecommerce,Edo,149,5580707.59,0.087248322147651,0.9999676,Very High
MRC00622,Transfer_Business,Enugu,68,18158391.83,0.1029411764705882,0.99996746,Very High
MRC01654,Transfer_Business,Kano,69,17991631.63,0.072463768115942,0.99996746,Very High
MRC02176,Transfer_P2P,Plateau,203,4431233.34,0.0788177339901477,0.99996734,Very High
MRC02579,POS_Grocery,Lagos,45,402515.61,0.0888888888888888,0.9999666,Very High
MRC03101,Online_Ecommerce,Kaduna,44,1231188.37,0.0909090909090909,0.9999659,Very High
MRC01028,POS_Restaurant,Edo,57,276325.69,0.1228070175438596,0.99996495,Very High
MRC02732,POS_Retail,Lagos,42,414456.11,0.0952380952380952,0.9999641,Very High
MRC02913,POS_Supermarket,Lagos,46,352282.5,0.0869565217391304,0.999964,Very High
MRC02171,Online_Ecommerce,Abuja,64,2341408.91,0.078125,0.99996305,Very High
MRC01195,POS_Fuel,Rivers,71,1049175.64,0.0845070422535211,0.99996305,Very High
MRC03883,POS_Pharmacy,Abuja,109,758899.35,0.091743119266055,0.999962,Very High
MRC00692,Online_Bills,Edo,49,602123.95,0.1020408163265306,0.99996185,Very High
MRC04079,Online_Bills,Abuja,389,5025783.63,0.0796915167095115,0.9999615,Very High
MRC01855,Transfer_Business,Lagos,377,95649913.95,0.0822281167108753,0.9999614,Very High
MRC01456,Online_Travel,Lagos,78,12185808.02,0.1025641025641025,0.99996126,Very High
MRC03295,POS_Grocery,Lagos,282,2304166.61,0.0780141843971631,0.99996066,Very High
MRC02272,POS_Pharmacy,Osun,83,509874.34,0.0843373493975903,0.99996066,Very High
MRC02754,Online_Ecommerce,Abia,52,1763693.84,0.0769230769230769,0.9999603,Very High
MRC02276,POS_Retail,Imo,42,473129.01,0.0952380952380952,0.99995947,Very High
MRC02760,POS_Restaurant,Lagos,48,240040.14,0.1041666666666666,0.99995875,Very High
MRC03116,POS_Retail,Lagos,66,749800.9500000001,0.0757575757575757,0.9999585,Very High
MRC04852,Online_Ecommerce,Lagos,153,5427223.19,0.0784313725490196,0.99995756,Very High
MRC02830,POS_Restaurant,Lagos,58,294037.3,0.1379310344827586,0.99995697,Very High
MRC01548,POS_Supermarket,Oyo,64,592636.87,0.078125,0.9999565,Very High
MRC01222,POS_Electronics,Enugu,49,4006234.47,0.0816326530612244,0.99995637,Very High
MRC03341,POS_Retail,Lagos,43,499917.87,0.0930232558139534,0.99995613,Very High
MRC02773,POS_Pharmacy,Kano,67,383889.99,0.0746268656716417,0.99995553,Very High
MRC03484,POS_Fashion,Lagos,122,2878544.86,0.0737704918032786,0.99995494,Very High
MRC01228,Online_Ecommerce,Lagos,47,1634450.12,0.1489361702127659,0.999954,Very High
MRC00712,POS_Retail,Lagos,114,1274961.37,0.087719298245614,0.99995327,Very High
MRC03225,Transfer_Business,Enugu,51,11598431.39,0.0784313725490196,0.99995244,Very High
MRC04421,Online_Ecommerce,Oyo,46,1485634.31,0.0869565217391304,0.9999492,Very High
MRC04832,POS_Grocery,Delta,58,423265.59,0.1551724137931034,0.9999485,Very High
MRC00168,POS_Retail,Enugu,62,667387.3,0.0806451612903225,0.9999474,Very High
MRC04898,POS_Supermarket,Anambra,45,366949.82,0.1111111111111111,0.9999461,Very High
MRC03156,Online_Bills,Enugu,60,738747.94,0.0833333333333333,0.9999454,Very High
MRC00189,Transfer_P2P,Lagos,950,19703621.33,0.0694736842105263,0.99994516,Very High
MRC03294,POS_Retail,Lagos,47,450905.14,0.0851063829787234,0.9999448,Very High
MRC04489,Online_Ecommerce,Lagos,233,8242936.35,0.0686695278969957,0.99994457,Very High
MRC01346,POS_Electronics,Abuja,54,4884142.71,0.0925925925925925,0.9999441,Very High
MRC04849,Online_Ecommerce,Lagos,63,1972384.98,0.0952380952380952,0.99994266,Very High
MRC02829,Online_Travel,Lagos,45,6926685.68,0.1555555555555555,0.9999424,Very High
MRC03066,POS_Retail,Delta,96,906103.25,0.09375,0.9999418,Very High
MRC04763,POS_Retail,Enugu,44,383432.91,0.0909090909090909,0.9999416,Very High
MRC01030,POS_Fuel,Abia,42,656708.53,0.1428571428571428,0.99993885,Very High
MRC01617,Online_Bills,Enugu,136,1661858.41,0.0735294117647058,0.9999385,Very High
MRC00338,Online_Gaming,Kano,55,166025.81,0.1272727272727272,0.9999379,Very High
MRC03200,POS_Pharmacy,Lagos,67,419859.61,0.0895522388059701,0.9999373,Very High
MRC01927,Online_Ecommerce,Abia,56,1886465.03,0.0892857142857142,0.99993575,Very High
MRC02526,POS_Retail,Osun,63,682196.95,0.0793650793650793,0.99993575,Very High
MRC00323,Transfer_P2P,Delta,43,917077.21,0.0930232558139534,0.9999356,Very High
MRC03972,POS_Fuel,Kaduna,45,628442.14,0.0888888888888888,0.9999342,Very High
MRC02161,Online_Ecommerce,Rivers,376,13895474.21,0.0691489361702127,0.9999341,Very High
MRC00819,POS_Fuel,Kwara,60,859386.04,0.0833333333333333,0.99993336,Very High
MRC00940,Transfer_Business,Abuja,44,12425723.04,0.0909090909090909,0.999933,Very High
MRC03857,POS_Retail,Lagos,59,575283.56,0.0847457627118644,0.99993145,Very High
MRC02459,POS_Restaurant,Lagos,114,575463.58,0.0789473684210526,0.99993,Very High
MRC03243,POS_Fuel,Ekiti,50,896776.1900000001,0.08,0.99992776,Very High
MRC03377,POS_Retail,Lagos,227,2354652.26,0.0837004405286343,0.9999269,Very High
MRC02357,POS_Fashion,Enugu,53,1311459.44,0.1132075471698113,0.9999261,Very High
MRC00485,Online_Travel,Kwara,50,7559747.77,0.12,0.99992335,Very High
MRC01242,POS_Retail,Abuja,52,504787.5,0.0769230769230769,0.99992335,Very High
MRC01686,POS_Fuel,Rivers,52,693673.04,0.0769230769230769,0.9999224,Very High
MRC00525,Transfer_P2P,Benue,50,1154213.36,0.08,0.9999207,Very High
MRC02047,POS_Supermarket,Lagos,48,422977.16,0.0833333333333333,0.99992037,Very High
MRC03405,Transfer_P2P,Kano,318,6544635.88,0.0691823899371069,0.99992037,Very High
MRC01205,POS_Supermarket,Bayelsa,66,517682.98,0.0757575757575757,0.9999201,Very High
MRC02743,POS_Grocery,Delta,60,474574.03,0.1,0.99991953,Very High
MRC04826,Online_Travel,Rivers,76,11790192.26,0.0789473684210526,0.9999188,Very High
MRC04187,Online_Bills,Ogun,212,2546102.76,0.070754716981132,0.99991846,Very High
MRC04958,Online_Travel,Lagos,46,7338199.47,0.0869565217391304,0.999915,Very High
MRC02805,Transfer_Business,Lagos,186,44111149.11,0.0967741935483871,0.99991393,Very High
MRC04578,POS_Fashion,Ogun,90,2210394.0300000003,0.0888888888888888,0.9999131,Very High
MRC01063,POS_Restaurant,Lagos,97,495142.39,0.0824742268041237,0.99991274,Very High
MRC00043,POS_Fuel,Lagos,64,1007316.05,0.078125,0.9999126,Very High
MRC04700,Online_Ecommerce,Ogun,77,2469627.78,0.0909090909090909,0.9999126,Very High
MRC03159,POS_Retail,Edo,65,757594.19,0.0769230769230769,0.99991155,Very High
MRC00843,Transfer_Business,Oyo,76,21598594.45,0.0789473684210526,0.99991155,Very High
MRC04587,Transfer_P2P,Lagos,91,1836084.45,0.0879120879120879,0.99991,Very High
MRC00956,POS_Retail,Abuja,59,627941.35,0.0847457627118644,0.9999094,Very High
MRC04555,Online_Ecommerce,Lagos,45,1497824.75,0.0888888888888888,0.999907,Very High
MRC00511,Online_Ecommerce,Abia,68,3002726.1,0.0735294117647058,0.9999058,Very High
MRC00434,POS_Pharmacy,Lagos,42,274686.38,0.0952380952380952,0.9999051,Very High
MRC01397,POS_Restaurant,Enugu,145,765804.44,0.0758620689655172,0.9999044,Very High
MRC03371,Transfer_Business,Lagos,44,10562839.3,0.0909090909090909,0.9999043,Very High
MRC03583,Online_Ecommerce,Kano,173,5965080.43,0.0751445086705202,0.99990404,Very High
MRC04886,Online_Ecommerce,Ogun,108,4099453.98,0.074074074074074,0.99990165,Very High
MRC02033,Online_Gaming,Abuja,685,2080670.29,0.0715328467153284,0.99990034,Very High
MRC00121,Transfer_Business,Abuja,85,20628476.45,0.0705882352941176,0.9998995,Very High
MRC04506,Online_Ecommerce,Lagos,42,1371675.34,0.0952380952380952,0.9998989,Very High
MRC03372,POS_Restaurant,Enugu,72,373444.61,0.0833333333333333,0.99989676,Very High
MRC02709,POS_Grocery,Cross River,213,1706822.44,0.0751173708920187,0.99989665,Very High
MRC03918,POS_Retail,Lagos,42,421496.11,0.0714285714285714,0.99989605,Very High
MRC02566,POS_Restaurant,Kaduna,85,419960.51,0.0823529411764705,0.99989593,Very High
MRC02083,POS_Electronics,Lagos,62,5179172.38,0.0806451612903225,0.9998956,Very High
MRC02329,POS_Restaurant,Lagos,53,245742.43,0.0754716981132075,0.99989533,Very High
MRC03015,Online_Travel,Abuja,47,7310950.49,0.0851063829787234,0.99989486,Very High
MRC03999,Online_Travel,Rivers,159,24554569.07,0.0754716981132075,0.9998925,Very High
MRC03759,POS_Grocery,Rivers,60,556690.64,0.1166666666666666,0.99988985,Very High
MRC01773,POS_Restaurant,Kano,56,252590.81,0.1071428571428571,0.99988985,Very High
MRC03240,Transfer_Business,Anambra,60,16162644.21,0.1,0.9998889,Very High
MRC03685,Transfer_Business,Abuja,62,16481549.13,0.0967741935483871,0.99988866,Very High
MRC03606,Transfer_Business,Lagos,53,15738843.87,0.0754716981132075,0.999887,Very High
MRC00598,POS_Restaurant,Kano,69,374911.02,0.072463768115942,0.99988663,Very High
MRC02619,POS_Retail,Anambra,42,384725.05,0.0714285714285714,0.9998797,Very High
MRC00728,POS_Restaurant,Delta,64,328883.47,0.078125,0.99987745,Very High
MRC03087,POS_Grocery,Delta,60,457085.64,0.1,0.9998759,Very High
MRC03979,POS_Grocery,Imo,100,722170.42,0.08,0.9998754,Very High
MRC04404,Online_Ecommerce,Plateau,76,2783478.41,0.0789473684210526,0.9998746,Very High
MRC02718,POS_Pharmacy,Lagos,84,492521.86,0.0833333333333333,0.9998739,Very High
MRC03786,Online_Bills,Oyo,123,1478288.87,0.073170731707317,0.9998729,Very High
MRC02896,Transfer_P2P,Ekiti,65,1561274.82,0.0769230769230769,0.9998728,Very High
MRC03120,POS_Grocery,Kano,46,368369.26,0.0869565217391304,0.99987245,Very High
MRC00483,Transfer_Business,Enugu,42,10324388.89,0.0714285714285714,0.9998714,Very High
MRC00579,POS_Fuel,Oyo,251,3729737.5,0.0717131474103585,0.99987006,Very High
MRC03702,POS_Fashion,Lagos,55,1617229.16,0.0909090909090909,0.9998696,Very High
MRC00360,POS_Grocery,Kaduna,60,564773.0,0.0833333333333333,0.9998696,Very High
MRC00664,Online_Travel,Kano,101,15034384.21,0.0792079207920792,0.9998692,Very High
MRC04422,POS_Electronics,Oyo,101,9389837.55,0.0792079207920792,0.99986637,Very High
MRC03635,POS_Restaurant,Edo,50,272080.28,0.08,0.9998617,Very High
MRC04481,POS_Pharmacy,Abia,42,253627.42,0.0952380952380952,0.99985814,Very High
MRC04077,POS_Grocery,Rivers,99,852405.22,0.0707070707070707,0.9998579,Very High
MRC03137,POS_Supermarket,Lagos,60,495176.16,0.0833333333333333,0.99985397,Very High
MRC04783,POS_Retail,Lagos,60,664658.55,0.1166666666666666,0.99985206,Very High
MRC04851,POS_Restaurant,Anambra,66,345261.89,0.0757575757575757,0.9998466,Very High
MRC02012,Online_Ecommerce,Lagos,48,1773791.85,0.0833333333333333,0.9998443,Very High
MRC00808,POS_Fuel,Abuja,141,2178372.59,0.0709219858156028,0.9998436,Very High
MRC01061,POS_Pharmacy,Kano,243,1527072.95,0.0658436213991769,0.9998419,Very High
MRC02145,POS_Fashion,Lagos,100,2260342.07,0.11,0.99984145,Very High
MRC01916,POS_Retail,Rivers,50,580797.76,0.1,0.99983823,Very High
MRC04652,POS_Fuel,Kano,66,1019212.79,0.0909090909090909,0.9998348,Very High
MRC03712,Transfer_P2P,Kano,56,1056876.26,0.0892857142857142,0.99983466,Very High
MRC00529,POS_Fuel,Rivers,250,3826996.15,0.076,0.99983037,Very High
MRC00299,POS_Electronics,Abuja,1043,88226527.12,0.0661553211888782,0.9998265,Very High
MRC03398,POS_Supermarket,Kaduna,53,440957.62,0.0754716981132075,0.99982494,Very High
MRC03211,Online_Ecommerce,Rivers,50,1692994.45,0.12,0.99982363,Very High
MRC00194,POS_Pharmacy,Abuja,99,610476.54,0.0707070707070707,0.9998235,Very High
MRC01890,POS_Electronics,Oyo,51,4599609.28,0.0784313725490196,0.9998198,Very High
MRC03954,Online_Travel,Bayelsa,221,34275016.92,0.0678733031674208,0.9998173,Very High
MRC04770,POS_Fuel,Enugu,44,722908.7,0.0681818181818181,0.99981636,Very High
MRC01458,POS_Pharmacy,Kano,53,386841.66,0.0754716981132075,0.9998142,Very High
MRC01777,POS_Retail,Lagos,105,1019138.92,0.0666666666666666,0.99980956,Very High
MRC02294,POS_Pharmacy,Oyo,78,533484.83,0.0769230769230769,0.9998079,Very High
MRC02767,Transfer_Payroll,Edo,72,12794501.09,0.0833333333333333,0.9998054,Very High
MRC03622,POS_Pharmacy,Kano,41,232084.1,0.073170731707317,0.99980444,Very High
MRC00462,Online_Bills,Abuja,60,640452.46,0.0833333333333333,0.9998031,Very High
MRC01132,Online_Ecommerce,Abuja,81,2861013.97,0.074074074074074,0.99978846,Very High
MRC01711,POS_Grocery,Benue,356,2958481.45,0.0702247191011236,0.99978834,Very High
MRC01204,Transfer_Payroll,Plateau,43,7965717.61,0.0697674418604651,0.99978346,Very High
MRC01460,Transfer_P2P,Abuja,50,1009997.83,0.08,0.99978215,Very High
MRC04050,POS_Fashion,Kano,318,7707610.15,0.0628930817610062,0.99978024,Very High
MRC01544,POS_Restaurant,Anambra,42,269334.8,0.0714285714285714,0.9997776,Very High
MRC04694,Transfer_P2P,Oyo,75,1499742.6,0.08,0.9997769,Very High
MRC04740,Online_Gaming,Lagos,89,250607.8,0.0674157303370786,0.9997769,Very High
MRC00922,POS_Grocery,Rivers,45,388609.58,0.1111111111111111,0.99977046,Very High
MRC04157,POS_Grocery,Lagos,43,320943.36,0.0697674418604651,0.9997527,Very High
MRC04887,POS_Grocery,Delta,73,538749.15,0.0821917808219178,0.9997515,Very High
MRC00165,Online_Ecommerce,Kwara,42,1659110.35,0.0714285714285714,0.99974614,Very High
MRC01469,POS_Fuel,Ekiti,47,685646.3200000001,0.0851063829787234,0.9997427,Very High
MRC02707,Online_Ecommerce,Kwara,51,2072787.48,0.0784313725490196,0.99974245,Very High
MRC03597,POS_Retail,Delta,55,669412.82,0.109090909090909,0.99974173,Very High
MRC02533,POS_Grocery,Lagos,42,358099.52,0.119047619047619,0.9997391,Very High
MRC00883,Online_Bills,Lagos,90,1127741.71,0.0777777777777777,0.9997383,Very High
MRC04777,POS_Restaurant,Edo,43,236530.66,0.0697674418604651,0.9997346,Very High
MRC04495,Online_Ecommerce,Anambra,313,11116292.5,0.0702875399361022,0.9997304,Very High
MRC04976,Transfer_P2P,Ogun,43,1039747.06,0.0697674418604651,0.9997278,Very High
MRC03783,POS_Grocery,Edo,167,1357907.67,0.0658682634730539,0.9997278,Very High
MRC00654,POS_Retail,Kano,47,490665.77,0.1063829787234042,0.9997249,Very High
MRC01683,POS_Electronics,Enugu,48,3946999.27,0.0833333333333333,0.9997247,Very High
MRC01202,Online_Gaming,Lagos,135,425017.61,0.0666666666666666,0.9997235,Very High
MRC02988,POS_Grocery,Anambra,48,408660.34,0.1041666666666666,0.99971575,Very High
MRC04067,Online_Ecommerce,Anambra,76,2587337.02,0.0921052631578947,0.9997154,Very High
MRC02324,Transfer_P2P,Lagos,45,945486.86,0.0666666666666666,0.9997143,Very High
MRC02538,POS_Retail,Edo,73,820615.5700000001,0.0821917808219178,0.99971193,Very High
MRC02153,POS_Retail,Lagos,426,4551026.68,0.0704225352112676,0.9997086,Very High
MRC00911,Online_Bills,Plateau,43,510044.16,0.0930232558139534,0.9997063,Very High
MRC00285,Online_Bills,Lagos,44,480651.13,0.0909090909090909,0.9997056,Very High
MRC03215,POS_Restaurant,Abia,44,185824.76,0.0681818181818181,0.9997056,Very High
MRC03847,Online_Bills,Abuja,65,818742.01,0.0769230769230769,0.9997054,Very High
MRC00913,POS_Fuel,Abia,122,1898902.15,0.0655737704918032,0.99970347,Very High
MRC01982,POS_Restaurant,Lagos,46,209604.45,0.0869565217391304,0.9996996,Very High
MRC04030,Transfer_Business,Abia,43,11139964.93,0.0697674418604651,0.9996942,Very High
MRC00243,POS_Retail,Osun,85,932378.63,0.0705882352941176,0.999694,Very High
MRC04734,POS_Grocery,Rivers,47,351047.26,0.1063829787234042,0.99968493,Very High
MRC01674,Online_Bills,Bayelsa,50,601970.26,0.08,0.9996828,Very High
MRC03911,POS_Retail,Oyo,43,446367.99,0.1162790697674418,0.9996815,Very High
MRC00561,POS_Fuel,Oyo,44,630741.78,0.0681818181818181,0.99967813,Very High
MRC03345,POS_Electronics,Ekiti,68,5655054.71,0.088235294117647,0.999676,Very High
MRC04984,POS_Restaurant,Enugu,93,461563.14,0.075268817204301,0.99967337,Very High
MRC00530,Online_Bills,Lagos,53,684384.07,0.0754716981132075,0.9996674,Very High
MRC01157,POS_Supermarket,Lagos,44,289329.93,0.0681818181818181,0.9996649,Very High
MRC00582,POS_Retail,Oyo,46,441710.92,0.0652173913043478,0.99965584,Very High
MRC03126,POS_Retail,Lagos,78,789517.48,0.0769230769230769,0.9996499,Very High
MRC03163,POS_Fuel,Abuja,145,2247100.52,0.0758620689655172,0.9996431,Very High
MRC03645,Online_Bills,Lagos,54,581696.37,0.0925925925925925,0.99963474,Very High
MRC03572,POS_Restaurant,Abuja,94,522234.42,0.0851063829787234,0.9996294,Very High
MRC02274,POS_Pharmacy,Ogun,57,378860.42,0.1052631578947368,0.9996277,Very High
MRC01761,Online_Travel,Lagos,48,7277166.16,0.0625,0.99962604,Very High
MRC04537,POS_Fuel,Abuja,75,1214050.09,0.08,0.99962246,Very High
MRC04207,POS_Fuel,Kano,43,520749.63,0.0697674418604651,0.9996184,Very High
MRC01331,Transfer_P2P,Abuja,52,926980.34,0.0769230769230769,0.9996113,Very High
MRC00667,POS_Retail,Rivers,54,565247.52,0.0925925925925925,0.99960524,Very High
MRC03461,POS_Pharmacy,Imo,41,274464.68,0.073170731707317,0.99960226,Very High
MRC02365,POS_Restaurant,Plateau,42,216819.11,0.0714285714285714,0.99960154,Very High
MRC04177,POS_Fuel,Abuja,44,605146.73,0.0909090909090909,0.9996013,Very High
MRC04914,POS_Retail,Lagos,95,965148.0,0.0842105263157894,0.9995995,Very High
MRC02310,Transfer_P2P,Lagos,141,2848917.98,0.0709219858156028,0.99959916,Very High
MRC02572,POS_Retail,Enugu,49,449007.18,0.1224489795918367,0.99959797,Very High
MRC00617,Online_Bills,Oyo,46,415388.49,0.0652173913043478,0.99959666,Very High
MRC00657,POS_Retail,Bayelsa,80,773798.03,0.075,0.999589,Very High
MRC00309,POS_Retail,Abuja,53,559506.71,0.0754716981132075,0.9995819,Very High
MRC02436,Online_Bills,Kano,50,602317.26,0.08,0.9995741,Very High
MRC04418,POS_Retail,Cross River,172,1758066.92,0.0697674418604651,0.9995733,Very High
MRC04355,POS_Retail,Osun,44,435170.12,0.0681818181818181,0.99957246,Very High
MRC02712,Online_Bills,Abuja,46,562028.43,0.0869565217391304,0.9995716,Very High
MRC01881,POS_Pharmacy,Abuja,43,275323.76,0.0697674418604651,0.99956363,Very High
MRC03209,POS_Fuel,Delta,44,661439.85,0.0909090909090909,0.99956256,Very High
MRC03797,POS_Fuel,Imo,53,675632.3099999999,0.0754716981132075,0.9995615,Very High
MRC04544,POS_Supermarket,Lagos,43,387638.82,0.0930232558139534,0.9995586,Very High
MRC04494,POS_Retail,Delta,42,466107.18,0.0714285714285714,0.9995529,Very High
MRC00007,POS_Pharmacy,Lagos,218,1411023.76,0.0688073394495412,0.9995479,Very High
MRC02066,Transfer_Business,Rivers,111,27226828.52,0.09009009009009,0.9995427,Very High
MRC01070,POS_Supermarket,Ekiti,82,642236.92,0.0853658536585365,0.9995396,Very High
MRC00567,POS_Retail,Lagos,53,516995.34,0.0754716981132075,0.99953806,Very High
MRC01741,Transfer_Business,Abuja,45,12013093.49,0.0666666666666666,0.9995352,Very High
MRC02534,Online_Bills,Lagos,49,672568.0,0.0612244897959183,0.9995347,Very High
MRC01047,POS_Fashion,Lagos,44,1046259.19,0.1136363636363636,0.9995327,Very High
MRC01642,Transfer_P2P,Edo,74,1498053.07,0.081081081081081,0.9995265,Very High
MRC03375,Online_Ecommerce,Anambra,42,1458153.27,0.0714285714285714,0.99952626,Very High
MRC01322,POS_Fuel,Delta,224,3373447.78,0.0669642857142857,0.9995117,Very High
MRC03862,POS_Fuel,Kano,48,716577.8200000001,0.1041666666666666,0.99951017,Very High
MRC00988,POS_Retail,Oyo,143,1539178.52,0.0629370629370629,0.9995003,Very High
MRC01803,POS_Fashion,Lagos,48,1309338.72,0.0833333333333333,0.9994906,Very High
MRC03732,Online_Bills,Lagos,45,529633.05,0.0666666666666666,0.99948585,Very High
MRC00117,POS_Pharmacy,Oyo,44,290874.83,0.0681818181818181,0.9994832,Very High
MRC01288,Online_Ecommerce,Lagos,48,1843037.0,0.0625,0.9994822,Very High
MRC04530,Transfer_P2P,Kano,361,7443413.2,0.0664819944598338,0.99947864,Very High
MRC02087,POS_Retail,Abuja,49,430126.99,0.1020408163265306,0.9994773,Very High
MRC03383,POS_Electronics,Abuja,51,4802287.96,0.0980392156862745,0.9994766,Very High
MRC04015,POS_Restaurant,Lagos,45,220519.02,0.0666666666666666,0.9994704,Very High
MRC01303,POS_Retail,Kaduna,54,480893.37,0.0925925925925925,0.9994618,Very High
MRC04531,POS_Pharmacy,Oyo,44,289774.89,0.0681818181818181,0.99945694,Very High
MRC00381,Online_Travel,Kaduna,167,25280604.34,0.0778443113772455,0.99944323,Very High
MRC01366,POS_Restaurant,Lagos,74,400407.19,0.081081081081081,0.9994386,Very High
MRC01947,POS_Retail,Abuja,62,625797.86,0.1129032258064516,0.99943763,Very High
MRC04000,Transfer_P2P,Oyo,103,1978663.79,0.0679611650485436,0.9994369,Very High
MRC00888,Online_Ecommerce,Kaduna,49,1907787.02,0.0612244897959183,0.9994362,Very High
MRC04098,POS_Grocery,Rivers,49,397160.58,0.0612244897959183,0.9994337,Very High
MRC00994,POS_Fashion,Enugu,44,1105615.71,0.0909090909090909,0.99943346,Very High
MRC00230,POS_Electronics,Anambra,47,3493844.06,0.0638297872340425,0.9994312,Very High
MRC00963,POS_Grocery,Enugu,47,359338.74,0.0851063829787234,0.9994091,Very High
MRC02964,Online_Bills,Enugu,45,450459.69,0.1111111111111111,0.9994091,Very High
MRC00439,POS_Fuel,Lagos,43,610521.6,0.0697674418604651,0.99940884,Very High
MRC03062,Transfer_P2P,Lagos,68,1585040.28,0.0588235294117647,0.9994073,Very High
MRC00414,POS_Retail,Abuja,47,534008.87,0.0638297872340425,0.9994056,Very High
MRC04482,Transfer_Business,Benue,45,11823022.9,0.0666666666666666,0.9994025,Very High
MRC03326,Online_Bills,Lagos,41,380532.93,0.0975609756097561,0.99939597,Very High
MRC02263,Online_Bills,Lagos,80,967397.27,0.075,0.9993949,Very High
MRC01321,POS_Restaurant,Kaduna,52,264680.67,0.0769230769230769,0.9993932,Very High
MRC01650,Online_Bills,Rivers,60,739126.8,0.0833333333333333,0.9993905,Very High
MRC03107,POS_Supermarket,Enugu,42,371089.39,0.0714285714285714,0.9993755,Very High
MRC00590,Transfer_P2P,Osun,108,2214700.8,0.074074074074074,0.9993718,Very High
MRC00671,POS_Supermarket,Kaduna,54,444409.68,0.074074074074074,0.999368,Very High
MRC02843,Online_Travel,Edo,57,8549433.42,0.087719298245614,0.99935025,Very High
MRC01551,Online_Travel,Kwara,114,16401004.36,0.0701754385964912,0.9993488,Very High
MRC01723,POS_Grocery,Kano,414,3199352.13,0.0676328502415458,0.9993445,Very High
MRC04301,POS_Retail,Lagos,139,1373354.12,0.0935251798561151,0.9993393,Very High
MRC03840,Online_Bills,Ekiti,81,1053176.11,0.074074074074074,0.9993193,Very High
MRC00399,POS_Fashion,Lagos,44,1008658.69,0.0681818181818181,0.9993088,Very High
MRC02435,Online_Ecommerce,Bayelsa,44,1820682.54,0.0681818181818181,0.9993063,Very High
MRC04032,POS_Grocery,Oyo,48,362749.88,0.0625,0.9993062,Very High
MRC04124,POS_Supermarket,Kwara,47,421987.15,0.0638297872340425,0.9993011,Very High
MRC03671,POS_Grocery,Abuja,50,397088.59,0.06,0.99930024,Very High
MRC01622,POS_Retail,Lagos,42,482556.46,0.0714285714285714,0.9992913,Very High
MRC01311,Transfer_Business,Abuja,58,15535666.83,0.0862068965517241,0.9992902,Very High
MRC03441,Transfer_P2P,Lagos,49,1080949.28,0.0612244897959183,0.9992853,Very High
MRC01095,Online_Ecommerce,Abuja,55,1495241.19,0.0727272727272727,0.99927646,Very High
MRC00347,POS_Supermarket,Lagos,62,476646.85,0.0806451612903225,0.99927336,Very High
MRC00814,POS_Restaurant,Cross River,44,255864.33,0.0681818181818181,0.99927217,Very High
MRC01420,Transfer_P2P,Lagos,58,1178201.62,0.0689655172413793,0.9992699,Very High
MRC01522,Transfer_P2P,Lagos,85,1764734.9,0.0823529411764705,0.9992501,Very High
MRC01494,POS_Pharmacy,Rivers,44,278037.18,0.0681818181818181,0.99924785,Very High
MRC02562,Online_Ecommerce,Lagos,135,4919357.66,0.0592592592592592,0.9992459,Very High
MRC01480,Online_Bills,Delta,381,4675725.72,0.0656167979002624,0.9992374,Very High
MRC01085,Online_Ecommerce,Delta,329,11887932.07,0.0668693009118541,0.99923706,Very High
MRC00548,POS_Retail,Lagos,362,3679477.32,0.0662983425414364,0.9992235,Very High
MRC01013,POS_Restaurant,Benue,147,707944.75,0.0680272108843537,0.9992161,Very High
MRC00880,Online_Ecommerce,Abuja,64,2160608.0,0.0625,0.99921143,Very High
MRC00345,POS_Fuel,Kwara,56,804620.64,0.0714285714285714,0.99920887,Very High
MRC00416,POS_Restaurant,Lagos,50,254594.51,0.06,0.9992073,Very High
MRC03905,Transfer_Business,Lagos,48,11673874.03,0.0625,0.99919456,Very High
MRC02257,Transfer_Business,Kano,50,12417850.88,0.06,0.99919003,Very High
MRC00668,Online_Ecommerce,Anambra,43,1419926.42,0.0697674418604651,0.9991872,Very High
MRC04243,POS_Grocery,Imo,153,1200119.44,0.065359477124183,0.9991825,Very High
MRC01789,Transfer_Business,Bayelsa,43,12159878.34,0.0697674418604651,0.9991792,Very High
MRC03691,Online_Travel,Kaduna,46,7542819.31,0.0652173913043478,0.9991757,Very High
MRC03478,POS_Electronics,Oyo,42,3878291.55,0.1428571428571428,0.99917406,Very High
MRC04188,Transfer_P2P,Kwara,53,1118333.33,0.0754716981132075,0.9991715,Very High
MRC00317,POS_Pharmacy,Lagos,228,1416625.11,0.0701754385964912,0.9991714,Very High
MRC02971,Online_Bills,Oyo,51,624794.4,0.0784313725490196,0.9991602,Very High
MRC01603,Online_Bills,Lagos,96,1264248.07,0.0729166666666666,0.99915814,Very High
MRC01104,POS_Grocery,Oyo,46,338956.79,0.0652173913043478,0.9991566,Very High
MRC03825,Transfer_P2P,Abuja,329,6454618.68,0.0668693009118541,0.9991534,Very High
MRC00003,Online_Ecommerce,Lagos,121,4516969.45,0.0661157024793388,0.99914646,Very High
MRC00822,Online_Bills,Ekiti,65,723964.99,0.0615384615384615,0.99914634,Very High
MRC02146,Transfer_Business,Lagos,84,21820834.33,0.0714285714285714,0.9991242,Very High
MRC01382,Transfer_Business,Osun,56,15022368.26,0.0892857142857142,0.99911875,Very High
MRC04759,POS_Retail,Rivers,107,1113829.16,0.0654205607476635,0.9991167,Very High
MRC00279,Online_Ecommerce,Lagos,43,1383712.37,0.0697674418604651,0.9991123,Very High
MRC00271,POS_Retail,Delta,59,591023.61,0.0677966101694915,0.99910885,Very High
MRC02350,Transfer_Business,Abuja,62,14634483.23,0.064516129032258,0.99910766,Very High
MRC00722,POS_Electronics,Benue,113,10532618.76,0.0707964601769911,0.9990754,Very High
MRC00943,Transfer_Payroll,Kaduna,65,12106847.14,0.0615384615384615,0.99903107,Very High
MRC01418,Online_Gaming,Rivers,57,172007.39,0.087719298245614,0.999012,Very High
MRC02136,Online_Ecommerce,Abuja,49,1947925.29,0.0612244897959183,0.9990068,Very High
MRC01543,POS_Grocery,Lagos,212,1827040.3,0.0660377358490566,0.9989974,Very High
MRC00412,POS_Retail,Lagos,119,1248916.22,0.0672268907563025,0.9989825,Very High
MRC03425,POS_Grocery,Anambra,46,391742.86,0.0652173913043478,0.9989802,Very High
MRC01805,Online_Ecommerce,Oyo,53,2002514.91,0.0754716981132075,0.9989654,Very High
MRC01651,Transfer_P2P,Enugu,271,5238579.8,0.062730627306273,0.99895537,Very High
MRC02043,POS_Supermarket,Abuja,65,531616.34,0.0769230769230769,0.9989519,Very High
MRC02485,Online_Ecommerce,Edo,80,2600371.72,0.075,0.9989398,Very High
MRC03442,Transfer_Business,Lagos,44,11234937.4,0.0681818181818181,0.9989298,Very High
MRC02058,POS_Retail,Rivers,47,465732.39,0.0638297872340425,0.9989042,Very High
MRC02948,Transfer_Business,Cross River,41,10620323.42,0.0975609756097561,0.9988883,Very High
MRC00506,POS_Retail,Lagos,78,708309.58,0.0641025641025641,0.99887043,Very High
MRC02591,POS_Fashion,Cross River,461,11991534.49,0.0629067245119305,0.99886936,Very High
MRC02206,Online_Ecommerce,Benue,63,2373277.71,0.0634920634920634,0.99886096,Very High
MRC02264,POS_Supermarket,Ogun,44,354435.45,0.0681818181818181,0.99885595,Very High
MRC01333,Online_Bills,Kano,119,1402219.07,0.0672268907563025,0.99884427,Very High
MRC01926,POS_Retail,Rivers,45,419780.47,0.0666666666666666,0.9988172,Very High
MRC03594,POS_Pharmacy,Bayelsa,54,343890.71,0.074074074074074,0.9988029,Very High
MRC02968,Transfer_Business,Edo,57,13607197.14,0.1052631578947368,0.99880266,Very High
MRC00903,POS_Restaurant,Abuja,45,205687.2,0.0666666666666666,0.99879223,Very High
MRC01832,Online_Ecommerce,Ogun,44,1777706.66,0.0681818181818181,0.9987832,Very High
MRC03348,POS_Retail,Rivers,51,539079.25,0.0588235294117647,0.99878305,Very High
MRC02437,POS_Supermarket,Kaduna,101,890226.1900000001,0.0594059405940594,0.9987704,Very High
MRC02039,Online_Ecommerce,Benue,105,3567722.52,0.0571428571428571,0.9987686,Very High
MRC01027,Transfer_Business,Lagos,52,12314204.46,0.0576923076923076,0.9987643,Very High
MRC03307,POS_Grocery,Kaduna,52,423409.6,0.0961538461538461,0.9987606,Very High
MRC03249,Online_Bills,Kwara,49,577975.0,0.0612244897959183,0.9987602,Very High
MRC02936,Transfer_P2P,Rivers,50,971924.64,0.06,0.9987557,Very High
MRC03666,POS_Electronics,Kano,52,4510220.74,0.0576923076923076,0.99874985,Very High
MRC04312,Online_Ecommerce,Enugu,115,4223556.37,0.0695652173913043,0.9987105,Very High
MRC01390,POS_Supermarket,Lagos,46,431502.59,0.0652173913043478,0.99869305,Very High
MRC04173,POS_Grocery,Lagos,50,417158.56,0.06,0.9986926,Very High
MRC02582,Transfer_P2P,Delta,50,1227773.56,0.08,0.99868387,Very High
MRC01790,POS_Retail,Rivers,165,1600501.31,0.0666666666666666,0.9986808,Very High
MRC02622,Transfer_Business,Imo,46,14042823.61,0.0652173913043478,0.9986785,Very High
MRC02607,Online_Ecommerce,Anambra,147,5326654.03,0.0748299319727891,0.99864954,Very High
MRC00550,POS_Supermarket,Lagos,77,585454.24,0.0779220779220779,0.9986487,Very High
MRC01120,POS_Restaurant,Lagos,61,342260.06,0.081967213114754,0.99864656,Very High
MRC02652,POS_Pharmacy,Rivers,47,333363.43,0.0638297872340425,0.99863774,Very High
MRC01885,POS_Fuel,Oyo,76,1152374.36,0.0789473684210526,0.9986297,Very High
MRC03220,POS_Grocery,Oyo,58,391288.36,0.1206896551724138,0.9986274,Very High
MRC02384,Online_Bills,Oyo,1020,12979313.74,0.0627450980392156,0.9986191,Very High
MRC00442,Transfer_P2P,Lagos,59,1317677.23,0.0677966101694915,0.9986154,Very High
MRC01296,Online_Ecommerce,Lagos,47,1587975.07,0.0638297872340425,0.99859744,Very High
MRC01335,POS_Restaurant,Enugu,52,242850.6,0.0576923076923076,0.9985953,Very High
MRC02710,POS_Restaurant,Lagos,55,276325.19,0.0727272727272727,0.9985764,Very High
MRC01828,POS_Fuel,Lagos,80,1188400.07,0.0625,0.998575,Very High
MRC01129,POS_Retail,Abuja,52,473044.73,0.0576923076923076,0.998548,Very High
MRC04143,Online_Bills,Lagos,114,1410796.83,0.0701754385964912,0.99853146,Very High
MRC04693,POS_Grocery,Lagos,80,704732.5,0.0625,0.9985299,Very High
MRC04111,Transfer_P2P,Lagos,57,1062567.79,0.0701754385964912,0.9985239,Very High
MRC04792,POS_Electronics,Abuja,68,6305315.5,0.0588235294117647,0.9985072,Very High
MRC03542,Online_Travel,Oyo,143,22840173.5,0.0629370629370629,0.99849844,Very High
MRC04781,Transfer_P2P,Abuja,83,1656469.73,0.0602409638554216,0.9984906,Very High
MRC02249,POS_Retail,Lagos,44,485106.17,0.0909090909090909,0.9984616,Very High
MRC01960,Transfer_Business,Edo,206,52427980.91,0.0631067961165048,0.99845684,Very High
MRC00933,Online_Ecommerce,Lagos,58,1765563.96,0.0689655172413793,0.9984523,Very High
MRC04838,POS_Grocery,Delta,44,380046.19,0.0909090909090909,0.9984384,Very High
MRC03259,Online_Ecommerce,Rivers,45,1747270.84,0.0888888888888888,0.9984334,Very High
MRC02022,Transfer_P2P,Lagos,409,8670579.69,0.0635696821515892,0.9984321,Very High
MRC02221,Online_Travel,Enugu,61,9046298.18,0.081967213114754,0.9984124,Very High
MRC02875,POS_Grocery,Delta,52,389867.75,0.0576923076923076,0.9984085,Very High
MRC04545,POS_Retail,Lagos,45,492100.94,0.0666666666666666,0.9984061,Very High
MRC04877,POS_Fashion,Kwara,45,1190633.53,0.0666666666666666,0.99838257,Very High
MRC02705,POS_Retail,Lagos,45,513022.34,0.0666666666666666,0.9983601,Very High
MRC04452,POS_Retail,Kano,51,545000.13,0.0588235294117647,0.9983494,Very High
MRC03395,Transfer_P2P,Benue,105,2184617.13,0.0666666666666666,0.9983394,Very High
MRC04631,POS_Grocery,Plateau,50,370488.53,0.06,0.9983374,Very High
MRC00331,Online_Bills,Lagos,47,498484.03,0.0638297872340425,0.99832076,Very High
MRC01887,Transfer_Business,Abuja,44,12758530.8,0.0909090909090909,0.99830997,Very High
MRC02780,Transfer_Business,Ogun,55,15280254.87,0.0727272727272727,0.99830925,Very High
MRC00891,Online_Travel,Rivers,43,7101922.29,0.0697674418604651,0.99830025,Very High
MRC01715,Online_Bills,Cross River,48,661639.42,0.0625,0.99828714,Very High
MRC02666,Online_Bills,Ekiti,59,677311.56,0.0847457627118644,0.9982843,Very High
MRC03448,Transfer_P2P,Kwara,93,2209034.6,0.064516129032258,0.998283,Very High
MRC02189,POS_Restaurant,Abuja,65,312490.4,0.0615384615384615,0.99827087,Very High
MRC03920,Transfer_Business,Edo,48,12714183.14,0.0625,0.99824893,Very High
MRC00887,Online_Travel,Imo,52,8358818.34,0.0576923076923076,0.99824715,Very High
MRC00788,POS_Retail,Lagos,49,495723.33,0.0612244897959183,0.99822193,Very High
MRC03528,Transfer_Business,Enugu,47,12330290.77,0.0638297872340425,0.99822026,Very High
MRC03964,Online_Travel,Lagos,47,7253013.28,0.0638297872340425,0.9982175,Very High
MRC02771,POS_Restaurant,Lagos,65,336026.8,0.0615384615384615,0.9982146,Very High
MRC00865,POS_Grocery,Cross River,57,443682.08,0.0701754385964912,0.99819595,Very High
MRC00744,POS_Electronics,Abuja,63,5579077.4,0.0634920634920634,0.99819213,Very High
MRC03959,POS_Pharmacy,Lagos,96,602549.84,0.0729166666666666,0.9981833,Very High
MRC00914,Online_Ecommerce,Ekiti,194,7102200.88,0.0618556701030927,0.9981806,Very High
MRC02313,Transfer_Business,Oyo,47,11904041.07,0.0638297872340425,0.9981653,Very High
MRC04339,POS_Grocery,Kano,74,596984.45,0.0945945945945946,0.9981298,Very High
MRC00980,Transfer_P2P,Oyo,65,1274737.45,0.0615384615384615,0.99811566,Very High
MRC01901,POS_Retail,Lagos,59,599813.71,0.0847457627118644,0.9981098,Very High
MRC01501,Online_Ecommerce,Ekiti,51,1803287.17,0.0588235294117647,0.99808854,Very High
MRC04822,Transfer_P2P,Rivers,78,1609730.95,0.0641025641025641,0.9980761,Very High
MRC04367,Online_Ecommerce,Lagos,65,1913259.78,0.0615384615384615,0.99804306,Very High
MRC01785,POS_Fuel,Imo,43,601906.99,0.0697674418604651,0.9980254,Very High
MRC04149,Transfer_P2P,Lagos,45,901391.42,0.0666666666666666,0.9980211,Very High
MRC00729,POS_Fuel,Lagos,48,686922.69,0.0625,0.99800307,Very High
MRC04456,Transfer_Business,Rivers,45,10383177.42,0.0888888888888888,0.997979,Very High
MRC04498,POS_Restaurant,Lagos,62,328574.99,0.064516129032258,0.997964,Very High
MRC01057,Transfer_P2P,Rivers,53,1030241.17,0.0943396226415094,0.9979475,Very High
MRC02777,Transfer_P2P,Oyo,42,933785.55,0.0714285714285714,0.9979175,Very High
MRC03482,Transfer_Business,Oyo,43,11200284.02,0.1162790697674418,0.99790996,Very High
MRC04866,POS_Restaurant,Oyo,174,893764.6,0.0632183908045977,0.9979013,Very High
MRC03824,Transfer_Business,Ogun,43,9883798.15,0.0697674418604651,0.9978988,Very High
MRC01398,POS_Restaurant,Enugu,72,381476.23,0.0694444444444444,0.9978656,Very High
MRC02419,Transfer_Payroll,Ogun,79,13429408.14,0.0632911392405063,0.9978167,Very High
MRC00212,POS_Restaurant,Kwara,54,294502.43,0.074074074074074,0.9978125,Very High
MRC01707,POS_Supermarket,Imo,217,1844389.51,0.064516129032258,0.99781215,Very High
MRC01372,POS_Grocery,Ekiti,360,2903488.26,0.0611111111111111,0.9978096,Very High
MRC01623,POS_Retail,Oyo,119,1174714.05,0.0672268907563025,0.9977775,Very High
MRC02070,Online_Bills,Lagos,51,645499.8200000001,0.0784313725490196,0.9977539,Very High
MRC02551,POS_Retail,Abuja,62,625019.74,0.064516129032258,0.99773896,Very High
MRC04223,Online_Travel,Ogun,51,7870668.23,0.0784313725490196,0.9976835,Very High
MRC02878,Online_Ecommerce,Kwara,47,1365817.38,0.0638297872340425,0.99765766,Very High
MRC03799,Online_Ecommerce,Lagos,44,1447125.29,0.0681818181818181,0.9976404,Very High
MRC00772,Online_Ecommerce,Abuja,82,3031587.04,0.0609756097560975,0.99763966,Very High
MRC04441,POS_Supermarket,Lagos,46,354856.7,0.0652173913043478,0.9976076,Very High
MRC01499,POS_Retail,Enugu,51,532604.44,0.0588235294117647,0.9975902,Very High
MRC04690,Online_Ecommerce,Abuja,70,2237759.77,0.0571428571428571,0.99755293,Very High
MRC04276,POS_Retail,Kaduna,52,574666.9299999999,0.0576923076923076,0.9975299,Very High
MRC04398,POS_Restaurant,Lagos,53,262537.81,0.0566037735849056,0.99751794,Very High
MRC00021,POS_Fuel,Rivers,81,1219859.41,0.074074074074074,0.99750936,Very High
MRC00781,POS_Pharmacy,Imo,59,373956.81,0.0677966101694915,0.9974929,Very High
MRC04906,Online_Travel,Oyo,100,15261322.39,0.06,0.9974796,Very High
MRC02090,POS_Retail,Lagos,51,522639.38,0.0784313725490196,0.9973884,Very High
MRC03631,Online_Travel,Osun,84,13466389.62,0.0714285714285714,0.9973653,Very High
MRC00836,Online_Ecommerce,Delta,83,2943080.79,0.0602409638554216,0.99735826,Very High
MRC00110,Transfer_P2P,Lagos,45,741727.42,0.0666666666666666,0.99734807,Very High
MRC00752,POS_Retail,Edo,217,2209347.79,0.064516129032258,0.99732685,Very High
MRC03582,POS_Restaurant,Lagos,52,236495.62,0.0576923076923076,0.99728477,Very High
MRC03189,POS_Retail,Lagos,50,586007.81,0.06,0.99728215,Very High
MRC04844,POS_Retail,Rivers,50,427941.04,0.06,0.9972625,Very High
MRC00340,Transfer_Business,Abuja,70,16642989.82,0.0714285714285714,0.9972379,Very High
MRC00906,Transfer_Business,Abuja,69,19168370.18,0.0579710144927536,0.99723166,Very High
MRC03717,POS_Pharmacy,Lagos,79,489087.26,0.0759493670886076,0.99722797,Very High
MRC04801,POS_Retail,Enugu,62,597814.66,0.064516129032258,0.99716705,Very High
MRC04697,POS_Grocery,Enugu,184,1493573.93,0.0652173913043478,0.9971365,Very High
MRC03870,POS_Retail,Anambra,60,603959.1900000001,0.0666666666666666,0.9971193,Very High
MRC02111,POS_Fashion,Abuja,54,1040327.35,0.074074074074074,0.99711263,Very High
MRC02984,Online_Ecommerce,Imo,49,1646195.32,0.0612244897959183,0.9970969,Very High
MRC01238,POS_Supermarket,Abuja,67,505309.82,0.0597014925373134,0.99709463,Very High
MRC03618,Transfer_Payroll,Abia,52,9162717.28,0.0576923076923076,0.9970777,Very High
MRC03122,POS_Grocery,Ogun,44,382334.47,0.0681818181818181,0.99705446,Very High
MRC02496,Online_Ecommerce,Abuja,45,1357847.74,0.0666666666666666,0.9970463,Very High
MRC03953,POS_Fashion,Abuja,52,1335633.97,0.0576923076923076,0.9970451,Very High
MRC04427,POS_Fuel,Oyo,60,814081.45,0.0666666666666666,0.99704295,Very High
MRC01964,Transfer_Payroll,Kano,80,14319168.17,0.0625,0.99701774,Very High
MRC01094,POS_Restaurant,Lagos,63,333330.29,0.0634920634920634,0.99701285,Very High
MRC03571,POS_Fashion,Kano,42,1035877.05,0.0714285714285714,0.99698466,Very High
MRC02986,Transfer_Payroll,Delta,94,16034609.65,0.0638297872340425,0.99696654,Very High
MRC04834,Transfer_Business,Lagos,54,13940232.65,0.074074074074074,0.99696594,Very High
MRC02997,Online_Ecommerce,Abuja,78,2500615.55,0.0641025641025641,0.99694854,Very High
MRC01581,Transfer_Business,Abuja,81,20056966.71,0.0617283950617283,0.9969336,Very High
MRC00145,POS_Fuel,Kano,55,815755.33,0.0727272727272727,0.99692184,Very High
MRC03257,POS_Retail,Lagos,46,455154.22,0.0652173913043478,0.9969031,Very High
MRC00696,Online_Bills,Enugu,61,689184.87,0.0655737704918032,0.9968755,Very High
MRC01186,Online_Bills,Kwara,79,1082502.84,0.0632911392405063,0.99679583,Very High
MRC00539,POS_Restaurant,Ogun,98,563145.76,0.0612244897959183,0.9967931,Very High
MRC00806,Transfer_Payroll,Bayelsa,51,9418385.41,0.0588235294117647,0.9967824,Very High
MRC04942,Transfer_Business,Abia,43,12695812.99,0.0697674418604651,0.99674326,Very High
MRC00652,POS_Grocery,Kano,64,478907.35,0.0625,0.99673426,Very High
MRC04099,POS_Retail,Lagos,49,484463.32,0.0612244897959183,0.9967129,Very High
MRC00773,Online_Ecommerce,Edo,70,2511862.72,0.0571428571428571,0.9966773,Very High
MRC01280,POS_Pharmacy,Oyo,58,299278.87,0.0862068965517241,0.99666566,Very High
MRC02598,POS_Retail,Lagos,68,703984.08,0.0588235294117647,0.99665606,Very High
MRC03843,POS_Restaurant,Ekiti,44,207504.72,0.0681818181818181,0.9966042,Very High
MRC04878,POS_Electronics,Lagos,96,7775447.22,0.0729166666666666,0.9965655,Very High
MRC03947,Online_Bills,Plateau,64,760394.15,0.0625,0.9965454,Very High
MRC04937,Online_Ecommerce,Ogun,65,2418034.44,0.0615384615384615,0.99653924,Very High
MRC04753,POS_Retail,Rivers,55,635650.75,0.0727272727272727,0.9965378,Very High
MRC01073,POS_Supermarket,Rivers,52,407055.63,0.0576923076923076,0.99646676,Very High
MRC01301,POS_Retail,Ogun,42,402084.13,0.0952380952380952,0.996425,Very High
MRC00860,Online_Ecommerce,Abuja,85,3230294.29,0.0588235294117647,0.99640924,Very High
MRC04328,POS_Retail,Lagos,73,692779.39,0.0684931506849315,0.99636155,Very High
MRC01533,POS_Supermarket,Rivers,77,723072.27,0.0649350649350649,0.99635845,Very High
MRC01315,POS_Retail,Rivers,45,399445.9,0.0666666666666666,0.9962907,Very High
MRC02517,Online_Ecommerce,Lagos,45,1452797.73,0.0666666666666666,0.9962619,Very High
MRC01797,POS_Restaurant,Enugu,73,363616.47,0.0684931506849315,0.996259,Very High
MRC00146,POS_Grocery,Rivers,47,356618.74,0.0638297872340425,0.9962417,Very High
MRC01986,Transfer_P2P,Kwara,161,3025241.75,0.0559006211180124,0.9962394,Very High
MRC01208,Transfer_P2P,Abuja,44,926172.16,0.0681818181818181,0.99620205,Very High
MRC00833,Transfer_P2P,Cross River,47,999278.67,0.0638297872340425,0.99615604,Very High
MRC00948,Online_Ecommerce,Oyo,78,2774706.23,0.0641025641025641,0.9961359,Very High
MRC04151,Transfer_Business,Abia,71,19507401.32,0.056338028169014,0.99613523,Very High
MRC04501,Transfer_P2P,Kwara,59,1092371.96,0.0677966101694915,0.9959882,Very High
MRC03679,POS_Supermarket,Abia,46,338332.5,0.0652173913043478,0.9959436,Very High
MRC00927,POS_Electronics,Kwara,43,3321041.3,0.0930232558139534,0.9959279,Very High
MRC00051,Online_Gaming,Plateau,53,155003.31,0.0566037735849056,0.9959175,Very High
MRC00834,POS_Restaurant,Abuja,53,259200.12,0.0566037735849056,0.9958962,Very High
MRC00857,POS_Grocery,Imo,66,534032.31,0.0606060606060606,0.9958853,Very High
MRC02132,Transfer_Business,Bayelsa,63,14839963.06,0.0634920634920634,0.99582654,Very High
MRC04440,POS_Retail,Imo,51,510574.14,0.0588235294117647,0.99577916,Very High
MRC03047,Online_Ecommerce,Kano,111,4275372.88,0.072072072072072,0.9957455,Very High
MRC02577,POS_Retail,Oyo,55,582985.53,0.0727272727272727,0.99574536,Very High
MRC01701,Online_Bills,Edo,48,577937.04,0.0625,0.99574125,Very High
MRC03274,Online_Travel,Kaduna,49,7310962.49,0.0612244897959183,0.99570435,Very High
MRC01439,POS_Retail,Oyo,52,528268.04,0.0576923076923076,0.995621,Very High
MRC01340,Transfer_P2P,Rivers,65,1316484.87,0.0923076923076923,0.99559706,Very High
MRC01424,POS_Fuel,Delta,56,847322.0800000001,0.0714285714285714,0.9955966,Very High
MRC04711,POS_Fuel,Osun,1624,24308604.42,0.0609605911330049,0.9955781,Very High
MRC01344,POS_Supermarket,Rivers,62,517417.85,0.064516129032258,0.9955539,Very High
MRC01719,Online_Bills,Abuja,81,1029989.65,0.0617283950617283,0.9955397,Very High
MRC04363,POS_Pharmacy,Abuja,57,335307.39,0.0701754385964912,0.99552876,Very High
MRC04768,Online_Travel,Rivers,84,12891477.5,0.0595238095238095,0.99549943,Very High
MRC01122,POS_Grocery,Ogun,51,440309.72,0.0588235294117647,0.99543446,Very High
MRC01643,POS_Retail,Lagos,184,1879284.2,0.0597826086956521,0.99542445,Very High
MRC03853,Transfer_Business,Kano,53,13278325.41,0.0566037735849056,0.9954041,Very High
MRC00463,Transfer_P2P,Enugu,380,7270023.52,0.0631578947368421,0.9953648,Very High
MRC02617,Online_Ecommerce,Lagos,48,1481834.0,0.0625,0.99535674,Very High
MRC03198,POS_Restaurant,Oyo,65,326972.25,0.0615384615384615,0.9952905,Very High
MRC00181,POS_Electronics,Lagos,162,15117136.27,0.0617283950617283,0.9952615,Very High
MRC00263,Transfer_Business,Rivers,77,18327661.4,0.0649350649350649,0.9952597,Very High
MRC00308,POS_Grocery,Edo,87,636132.88,0.057471264367816,0.99523664,Very High
MRC00710,Transfer_P2P,Rivers,57,1187423.12,0.0701754385964912,0.9952128,Very High
MRC04664,Transfer_Business,Abuja,197,43224527.56,0.0609137055837563,0.99518764,Very High
MRC00387,POS_Pharmacy,Cross River,50,285733.58,0.06,0.99517256,Very High
MRC02910,POS_Restaurant,Kaduna,64,317250.52,0.0625,0.99511623,Very High
MRC04793,Transfer_P2P,Delta,54,1057508.4,0.074074074074074,0.99509734,Very High
MRC00762,Online_Ecommerce,Lagos,61,2184802.18,0.0655737704918032,0.99509215,Very High
MRC04457,Transfer_P2P,Osun,99,2324947.86,0.0606060606060606,0.9950658,Very High
MRC01144,Transfer_Business,Anambra,57,14534843.78,0.0701754385964912,0.995059,Very High
MRC00877,POS_Retail,Oyo,64,705094.73,0.0625,0.9950564,Very High
MRC02974,POS_Restaurant,Rivers,49,226594.25,0.0612244897959183,0.99504244,Very High
MRC04986,POS_Grocery,Anambra,545,4278201.49,0.0587155963302752,0.99503577,Very High
MRC03754,Transfer_Business,Abuja,76,18992451.86,0.0657894736842105,0.9949962,Very High
MRC02981,Transfer_Business,Bayelsa,46,12576969.5,0.0652173913043478,0.9949884,Very High
MRC01336,Transfer_Business,Imo,93,24559096.39,0.064516129032258,0.99497825,Very High
MRC00693,POS_Fuel,Lagos,73,1088194.23,0.0684931506849315,0.99497545,Very High
MRC04058,Online_Gaming,Ogun,222,723546.22,0.063063063063063,0.99492055,Very High
MRC03652,Online_Ecommerce,Rivers,69,2620961.18,0.0579710144927536,0.9948377,Very High
MRC01539,POS_Pharmacy,Rivers,50,307062.52,0.06,0.99477494,Very High
MRC02570,POS_Restaurant,Abuja,80,415150.72,0.0625,0.994697,Very High
MRC01140,Transfer_P2P,Plateau,305,6383648.57,0.0622950819672131,0.99463695,Very High
MRC00658,Online_Bills,Lagos,215,2608009.74,0.0604651162790697,0.9945939,Very High
MRC03067,POS_Retail,Cross River,48,560433.36,0.0625,0.9945657,Very High
MRC03083,Online_Ecommerce,Delta,59,1950622.22,0.0677966101694915,0.9945358,Very High
MRC00785,POS_Fuel,Oyo,52,790367.59,0.0576923076923076,0.99448806,Very High
MRC02219,POS_Fashion,Abuja,147,3892934.15,0.0612244897959183,0.9944208,Very High
MRC04088,POS_Grocery,Bayelsa,44,352838.82,0.0681818181818181,0.994371,Very High
MRC00643,Online_Ecommerce,Anambra,88,2628665.6,0.0681818181818181,0.9943416,Very High
MRC03309,POS_Fuel,Benue,70,1026177.64,0.0857142857142857,0.99433833,Very High
MRC02096,Online_Bills,Kano,426,5220888.92,0.0586854460093896,0.99432486,Very High
MRC02882,POS_Grocery,Abuja,69,611550.3,0.0579710144927536,0.9942186,Very High
MRC03935,POS_Fashion,Kano,83,2267632.43,0.0602409638554216,0.9942145,Very High
MRC04261,Online_Ecommerce,Kaduna,109,4001709.08,0.0642201834862385,0.99420774,Very High
MRC01297,POS_Fashion,Lagos,99,2770239.3,0.0606060606060606,0.9941962,Very High
MRC02223,POS_Grocery,Oyo,51,385157.22,0.0588235294117647,0.99416935,Very High
MRC01968,POS_Retail,Ogun,51,565436.52,0.0588235294117647,0.9941316,Very High
MRC00070,POS_Grocery,Lagos,80,663935.76,0.0625,0.99408036,Very High
MRC01207,POS_Retail,Enugu,44,476675.0,0.0681818181818181,0.9940785,Very High
MRC04028,POS_Retail,Imo,84,750383.0,0.0595238095238095,0.9940701,Very High
MRC04864,Online_Travel,Lagos,108,16005245.3,0.0648148148148148,0.9940572,Very High
MRC01716,Transfer_P2P,Abuja,49,1141467.79,0.0612244897959183,0.99402916,Very High
MRC01399,POS_Supermarket,Plateau,74,552693.01,0.0675675675675675,0.99402773,Very High
MRC03887,POS_Retail,Lagos,50,458364.78,0.08,0.9939586,Very High
MRC03164,Transfer_Business,Benue,58,13602822.7,0.0689655172413793,0.99395186,Very High
MRC02903,POS_Electronics,Kano,79,6440997.82,0.0632911392405063,0.9939229,Very High
MRC00702,POS_Pharmacy,Lagos,68,421569.86,0.0588235294117647,0.9939169,Very High
MRC04382,Online_Bills,Oyo,65,767030.6799999999,0.0615384615384615,0.99388254,Very High
MRC03388,POS_Fuel,Lagos,49,628760.38,0.0612244897959183,0.99381715,Very High
MRC00523,POS_Pharmacy,Lagos,73,467454.6,0.0684931506849315,0.9937903,Very High
MRC03318,Online_Bills,Kwara,246,2841794.46,0.0609756097560975,0.9937596,Very High
MRC02584,Transfer_Business,Plateau,69,15466937.67,0.0579710144927536,0.9937489,Very High
MRC02547,POS_Fuel,Benue,61,910453.26,0.0655737704918032,0.9937209,Very High
MRC02091,Online_Ecommerce,Edo,82,3209564.44,0.0609756097560975,0.9937117,Very High
MRC03181,Transfer_Business,Bayelsa,83,20416604.55,0.0602409638554216,0.9936894,Very High
MRC02271,POS_Pharmacy,Kaduna,46,276676.74,0.0652173913043478,0.99364895,Very High
MRC02159,POS_Grocery,Lagos,114,901210.72,0.0614035087719298,0.99354905,Very High
MRC02406,Online_Ecommerce,Lagos,53,2037802.42,0.0566037735849056,0.9935394,Very High
MRC02899,Online_Bills,Oyo,160,1855022.24,0.0625,0.993515,Very High
MRC01932,POS_Supermarket,Anambra,44,329988.25,0.0681818181818181,0.99342865,Very High
MRC04682,POS_Electronics,Delta,96,8939152.15,0.0625,0.99342334,Very High
MRC02125,POS_Supermarket,Cross River,61,496854.48,0.0655737704918032,0.9934024,Very High
MRC02240,POS_Retail,Kano,46,441100.57,0.0652173913043478,0.99338746,Very High
MRC04218,POS_Grocery,Delta,48,426006.0,0.0625,0.9933298,Very High
MRC01356,Online_Bills,Kano,48,623362.92,0.0625,0.9933041,Very High
MRC00440,Online_Ecommerce,Kano,87,3195690.61,0.057471264367816,0.99326855,Very High
MRC02648,POS_Grocery,Lagos,54,389582.47,0.074074074074074,0.9932463,Very High
MRC03006,Online_Bills,Kaduna,169,2040327.72,0.059171597633136,0.99319625,Very High
MRC00268,POS_Restaurant,Lagos,131,633908.47,0.0610687022900763,0.9931617,Very High
MRC01064,Online_Ecommerce,Edo,53,1901701.22,0.0566037735849056,0.99315876,Very High
MRC01229,Transfer_Payroll,Lagos,43,8175430.189999999,0.0697674418604651,0.9931465,Very High
MRC04467,Transfer_P2P,Abia,53,1304977.44,0.0566037735849056,0.99314076,Very High
MRC02466,POS_Fashion,Lagos,94,2481671.71,0.0638297872340425,0.99303025,Very High
MRC01768,Online_Gaming,Ekiti,51,171119.74,0.0588235294117647,0.9929536,Very High
MRC03496,Online_Gaming,Ogun,60,196150.9,0.0666666666666666,0.9929512,Very High
MRC04890,POS_Retail,Kano,111,1150135.62,0.063063063063063,0.9928905,Very High
MRC00961,Transfer_P2P,Abuja,57,1189307.21,0.0701754385964912,0.9928542,Very High
MRC01287,POS_Fuel,Enugu,105,1680493.15,0.0571428571428571,0.99284464,Very High
MRC03208,Online_Ecommerce,Kwara,71,2567733.86,0.056338028169014,0.9925408,Very High
MRC01795,Online_Ecommerce,Lagos,69,2507460.07,0.0579710144927536,0.99248624,Very High
MRC01567,Online_Gaming,Ogun,95,272683.1,0.0631578947368421,0.9924752,Very High
MRC03936,Online_Bills,Rivers,76,917539.81,0.0657894736842105,0.99243283,Very High
MRC03269,POS_Retail,Lagos,135,1309932.21,0.0592592592592592,0.99239445,Very High
MRC01005,POS_Fuel,Kaduna,66,989618.39,0.0606060606060606,0.99236625,Very High
MRC02068,Online_Ecommerce,Edo,47,1696057.4,0.0638297872340425,0.9923367,Very High
MRC00882,Online_Travel,Kano,65,9325590.88,0.0615384615384615,0.9923017,Very High
MRC04324,POS_Pharmacy,Lagos,118,712101.99,0.059322033898305,0.99227977,Very High
MRC04880,POS_Retail,Abuja,66,597952.97,0.0606060606060606,0.9921187,Very High
MRC04995,Transfer_P2P,Imo,51,1128089.65,0.0588235294117647,0.9920763,Very High
MRC00760,POS_Pharmacy,Kaduna,67,407551.46,0.0597014925373134,0.9918561,Very High
MRC02686,Online_Bills,Kaduna,51,572014.53,0.0588235294117647,0.9918541,Very High
MRC04254,POS_Retail,Abuja,69,714943.12,0.0579710144927536,0.9918401,Very High
MRC03625,POS_Restaurant,Enugu,59,298517.15,0.0677966101694915,0.9918372,Very High
MRC00325,Online_Ecommerce,Lagos,258,8825581.4,0.0581395348837209,0.991833,Very High
MRC03976,Transfer_P2P,Lagos,75,1471830.77,0.0666666666666666,0.991662,Very High
MRC03419,Online_Bills,Oyo,70,897404.21,0.0571428571428571,0.9914243,Very High
MRC00764,Transfer_Business,Lagos,97,23888463.69,0.0618556701030927,0.9913214,Very High
MRC02120,Transfer_Payroll,Kano,152,25966578.13,0.0592105263157894,0.99128985,Very High
MRC03760,POS_Retail,Rivers,47,488804.13,0.0638297872340425,0.9912883,Very High
MRC01910,Transfer_P2P,Lagos,123,2576132.41,0.056910569105691,0.99111545,Very High
MRC01266,Online_Ecommerce,Lagos,83,2831967.13,0.0602409638554216,0.99099004,Very High
MRC01955,POS_Retail,Lagos,49,522922.39,0.0612244897959183,0.9908193,Very High
MRC03108,POS_Electronics,Plateau,51,4523467.55,0.0588235294117647,0.9908031,Very High
MRC03432,POS_Supermarket,Kaduna,106,836684.68,0.0566037735849056,0.99078196,Very High
MRC03358,POS_Electronics,Plateau,86,7144148.82,0.0581395348837209,0.9906391,Very High
MRC04119,Online_Ecommerce,Oyo,49,1397792.76,0.0612244897959183,0.99062485,Very High
MRC04311,POS_Pharmacy,Enugu,118,765241.8,0.059322033898305,0.9905523,Very High
MRC01656,Transfer_P2P,Delta,62,1457581.26,0.064516129032258,0.9904524,Very High
MRC01601,Online_Bills,Ogun,57,696280.62,0.0701754385964912,0.99039614,Very High
MRC00900,Online_Travel,Delta,87,13139654.27,0.057471264367816,0.990137,Very High
MRC04258,POS_Restaurant,Enugu,89,436168.83,0.0561797752808988,0.9900878,Very High
MRC04615,POS_Retail,Osun,64,619768.22,0.0625,0.99003404,Very High
MRC03601,POS_Grocery,Lagos,152,1152977.32,0.0657894736842105,0.9899095,Very High
MRC01304,Transfer_P2P,Osun,763,15352251.42,0.0576671035386631,0.9898829,Very High
MRC02746,Online_Travel,Edo,249,36377759.99,0.0562248995983935,0.9895886,Very High
MRC02895,Online_Bills,Lagos,52,542817.58,0.0576923076923076,0.9895225,Very High
MRC03587,Online_Ecommerce,Abia,50,1723961.1,0.06,0.98951215,Very High
MRC02850,Transfer_Payroll,Enugu,118,21562609.18,0.059322033898305,0.98951054,Very High
MRC01762,Transfer_P2P,Enugu,68,1428021.9,0.0588235294117647,0.98944676,Very High
MRC02680,Online_Travel,Ekiti,134,18582695.0,0.0597014925373134,0.989165,Very High
MRC00603,Online_Ecommerce,Lagos,88,3155549.39,0.0568181818181818,0.9888981,Very High
MRC00016,POS_Retail,Edo,114,1175929.35,0.0614035087719298,0.988704,Very High
MRC00222,POS_Grocery,Lagos,696,5647459.34,0.0560344827586206,0.98843503,Very High
MRC03057,Transfer_P2P,Lagos,1668,34057979.91,0.0605515587529976,0.9880884,Very High
MRC02233,Transfer_P2P,Enugu,125,2744345.35,0.056,0.988062,Very High
MRC04683,POS_Electronics,Bayelsa,54,4369453.97,0.074074074074074,0.9880333,Very High
MRC03207,Online_Bills,Abuja,221,2808269.91,0.0633484162895927,0.98797417,Very High
MRC00209,Online_Gaming,Lagos,113,337487.12,0.0619469026548672,0.987948,Very High
MRC04761,POS_Retail,Enugu,69,758573.06,0.0579710144927536,0.9877801,Very High
MRC01727,POS_Fuel,Enugu,177,2562236.23,0.0564971751412429,0.98756754,Very High
MRC04036,POS_Electronics,Enugu,90,8509013.7,0.0666666666666666,0.98734623,Very High
MRC04857,Online_Travel,Osun,57,8977487.03,0.0701754385964912,0.98726106,Very High
MRC00681,Transfer_P2P,Rivers,43,870647.33,0.0697674418604651,0.98693734,Very High
MRC04800,Online_Ecommerce,Cross River,174,5758609.95,0.057471264367816,0.98672014,Very High
MRC04815,Transfer_P2P,Delta,78,1683252.17,0.0641025641025641,0.9863723,Very High
MRC04678,Transfer_P2P,Lagos,53,1208758.8,0.0566037735849056,0.9863333,Very High
MRC04017,POS_Grocery,Kano,251,2208067.79,0.0597609561752988,0.98622847,Very High
MRC01776,Transfer_P2P,Abuja,393,8275664.56,0.0585241730279898,0.98607177,Very High
MRC00562,Transfer_P2P,Abuja,71,1247512.39,0.056338028169014,0.9855993,Very High
MRC02188,POS_Retail,Ogun,47,405279.35,0.0638297872340425,0.9854901,Very High
MRC00163,Transfer_Business,Delta,129,36063216.53,0.0620155038759689,0.9852749,Very High
MRC03291,POS_Grocery,Lagos,61,458013.78,0.0655737704918032,0.98506004,Very High
MRC03041,POS_Grocery,Rivers,108,886149.65,0.0648148148148148,0.9850022,Very High
MRC00322,Transfer_Business,Lagos,98,25995888.66,0.0612244897959183,0.98479825,Very High
MRC03674,Online_Ecommerce,Lagos,81,2804200.38,0.0617283950617283,0.98459667,Very High
MRC02378,Online_Bills,Delta,62,877471.39,0.064516129032258,0.98446274,Very High
MRC02961,Transfer_P2P,Rivers,47,786090.5,0.0638297872340425,0.9844487,Very High
MRC04859,POS_Grocery,Abuja,58,408067.11,0.0689655172413793,0.9842552,Very High
MRC03380,POS_Electronics,Lagos,160,13334797.42,0.05625,0.98421824,Very High
MRC00498,POS_Grocery,Oyo,126,1052742.07,0.0634920634920634,0.984054,Very High
MRC02078,POS_Pharmacy,Abia,74,460233.94,0.0675675675675675,0.98399895,Very High
MRC00518,Online_Ecommerce,Oyo,228,8152671.55,0.0614035087719298,0.98397094,Very High
MRC00182,Online_Ecommerce,Lagos,55,1979434.37,0.0727272727272727,0.98364973,Very High
MRC03683,Transfer_P2P,Lagos,65,1490382.81,0.0615384615384615,0.9833921,Very High
MRC02585,POS_Grocery,Delta,61,533874.57,0.0655737704918032,0.98319083,Very High
MRC03018,Transfer_Business,Kaduna,207,54467430.93,0.0579710144927536,0.98306733,Very High
MRC02762,Online_Ecommerce,Benue,65,2185111.1,0.0615384615384615,0.98278874,Very High
MRC01077,Online_Bills,Delta,230,2916948.68,0.0565217391304347,0.98246527,Very High
MRC02021,Transfer_P2P,Kaduna,130,2669261.65,0.0615384615384615,0.98235667,Very High
MRC00549,POS_Restaurant,Lagos,77,384725.73,0.0649350649350649,0.9823252,Very High
MRC03000,Online_Ecommerce,Lagos,43,1177394.8,0.0697674418604651,0.9820939,Very High
MRC04251,POS_Retail,Lagos,70,679887.6799999999,0.0571428571428571,0.9819728,Very High
MRC00863,Online_Travel,Oyo,81,11832563.72,0.0617283950617283,0.98197216,Very High
MRC03889,POS_Retail,Lagos,88,954105.86,0.0568181818181818,0.9818662,Very High
MRC02353,POS_Grocery,Lagos,546,4448167.13,0.0567765567765567,0.9817853,Very High
MRC04216,POS_Restaurant,Lagos,49,259280.01,0.0612244897959183,0.98127043,Very High
MRC04356,POS_Retail,Osun,86,826675.09,0.0581395348837209,0.9811881,Very High
MRC01378,Transfer_Business,Kaduna,168,44679150.53,0.0595238095238095,0.980906,Very High
MRC01571,POS_Retail,Kano,71,719472.72,0.056338028169014,0.98064125,Very High
MRC01749,Online_Bills,Bayelsa,56,633312.54,0.0892857142857142,0.9804537,Very High
MRC02180,Online_Bills,Bayelsa,49,603122.03,0.0612244897959183,0.9799326,Very High
MRC03806,POS_Electronics,Abuja,139,12054314.01,0.0575539568345323,0.97805846,Very High
MRC01314,POS_Grocery,Oyo,71,616665.16,0.056338028169014,0.9773383,Very High
MRC00384,POS_Retail,Lagos,44,468750.79,0.0681818181818181,0.9772794,Very High
MRC00824,POS_Grocery,Edo,49,436628.92,0.0612244897959183,0.9772489,Very High
MRC04957,Transfer_Business,Lagos,68,17409980.46,0.0588235294117647,0.9770498,Very High
MRC03727,Transfer_Business,Rivers,46,11613685.29,0.0652173913043478,0.97629344,Very High
MRC03770,Online_Bills,Rivers,59,797609.1900000001,0.0677966101694915,0.97481865,Very High
MRC04469,POS_Retail,Ekiti,63,701740.95,0.0634920634920634,0.9747501,Very High
MRC01600,POS_Restaurant,Edo,57,317940.38,0.0701754385964912,0.97441655,Very High
MRC04916,Online_Ecommerce,Kano,71,2765045.3,0.056338028169014,0.97416955,Very High
MRC00584,POS_Electronics,Abuja,48,3913387.15,0.0625,0.9738322,Very High
MRC00162,POS_Grocery,Kaduna,55,421864.72,0.0727272727272727,0.9737584,Very High
MRC01582,POS_Restaurant,Kaduna,85,431736.81,0.0588235294117647,0.97222,Very High
MRC01114,POS_Supermarket,Edo,61,521152.39,0.0655737704918032,0.9720324,Very High
MRC04433,POS_Fuel,Lagos,43,623278.68,0.0697674418604651,0.96784246,Very High
MRC03494,Online_Bills,Lagos,50,552047.43,0.06,0.9677106,Very High
MRC01763,POS_Retail,Oyo,120,1297067.27,0.0583333333333333,0.9668336,Very High
MRC04193,Transfer_P2P,Anambra,110,2127198.94,0.0636363636363636,0.9609441,Very High
MRC04181,POS_Grocery,Lagos,42,340330.98,0.0714285714285714,0.95960337,Very High
MRC01720,Online_Bills,Lagos,62,783961.2999999999,0.064516129032258,0.9556433,Very High
MRC04776,Online_Travel,Kano,43,6423825.62,0.0697674418604651,0.95095587,Very High
MRC02990,POS_Grocery,Lagos,169,1345443.14,0.059171597633136,0.94816905,Very High
MRC00262,POS_Retail,Lagos,146,1432285.16,0.0616438356164383,0.9440901,Very High
MRC02514,POS_Retail,Kano,177,1808101.56,0.0621468926553672,0.93530643,Very High
MRC03117,Online_Bills,Kano,70,896928.4,0.0571428571428571,0.92862874,Very High
MRC03088,Online_Ecommerce,Lagos,85,2857325.57,0.0588235294117647,0.9222171,Very High
MRC00606,Online_Ecommerce,Lagos,935,35076536.34,0.0577540106951871,0.9219758,Very High
MRC04265,Transfer_P2P,Kaduna,51,1149905.16,0.0588235294117647,0.92032534,Very High
MRC03266,POS_Grocery,Bayelsa,48,357323.89,0.0625,0.9170839,Very High
MRC00742,POS_Fashion,Benue,82,1838892.57,0.0609756097560975,0.90806556,Very High
MRC03590,Online_Gaming,Abuja,71,253675.05,0.056338028169014,0.90746194,Very High
MRC03104,Online_Bills,Rivers,41,457706.3,0.073170731707317,0.9074578,Very High
MRC01260,Transfer_Business,Abuja,120,29726724.77,0.0583333333333333,0.9002029,Very High
MRC04519,POS_Grocery,Oyo,51,509973.57,0.0588235294117647,0.8969458,Very High
MRC01079,Transfer_Business,Enugu,59,14158822.0,0.0508474576271186,0.8858824,Very High
MRC02149,POS_Supermarket,Lagos,75,669953.09,0.0533333333333333,0.8774471,Very High
MRC01022,Transfer_Business,Enugu,201,52241469.83,0.0597014925373134,0.81646454,Very High
MRC03055,POS_Electronics,Lagos,69,6463118.96,0.0579710144927536,0.7907315,High
MRC04405,POS_Retail,Oyo,57,542547.64,0.0701754385964912,0.7569154,High
MRC03781,Transfer_Business,Oyo,55,14109430.73,0.0545454545454545,0.63161254,High
MRC00501,Online_Travel,Lagos,54,7704747.0,0.0555555555555555,0.62378776,High
MRC00315,POS_Retail,Lagos,471,4775828.8,0.0530785562632696,0.56735873,Medium
MRC02183,POS_Electronics,Oyo,129,10935291.5,0.0542635658914728,0.54860896,Medium
MRC02943,POS_Retail,Osun,60,691221.89,0.05,0.44782203,Medium
MRC03110,POS_Supermarket,Lagos,54,465949.62,0.0555555555555555,0.4308158,Medium
MRC00787,POS_Restaurant,Bayelsa,216,1124904.6,0.0555555555555555,0.40377975,Medium
MRC02121,Online_Ecommerce,Abuja,182,6684254.53,0.0549450549450549,0.38113856,Low
MRC01821,Online_Bills,Edo,54,790743.49,0.0555555555555555,0.37378478,Low
MRC00986,Online_Ecommerce,Kaduna,45,1853506.8,0.0444444444444444,0.28446245,Low
MRC02038,POS_Retail,Abuja,231,2421409.78,0.0562770562770562,0.2822408,Low
MRC00047,Transfer_P2P,Kaduna,49,955147.48,0.0408163265306122,0.27641588,Low
MRC01633,POS_Electronics,Benue,126,11797826.26,0.0555555555555555,0.2561756,Low
MRC04872,POS_Retail,Abuja,74,663910.34,0.054054054054054,0.23878917,Low
MRC03174,Online_Ecommerce,Rivers,795,28134880.04,0.0528301886792452,0.2282996,Low
MRC03030,Online_Ecommerce,Lagos,58,2186821.69,0.0517241379310344,0.2280313,Low
MRC02820,Online_Travel,Lagos,59,10088072.98,0.0508474576271186,0.21497367,Low
MRC02845,Transfer_P2P,Lagos,45,845478.97,0.0444444444444444,0.19674268,Very Low
MRC04039,Online_Ecommerce,Kano,165,6044761.54,0.0545454545454545,0.17987563,Very Low
MRC03413,Online_Travel,Abuja,42,6098714.22,0.0476190476190476,0.17018518,Very Low
MRC03426,Transfer_P2P,Anambra,61,1293675.24,0.0491803278688524,0.1642594,Very Low
MRC02035,POS_Restaurant,Edo,72,380061.18,0.0555555555555555,0.15702258,Very Low
MRC01166,Transfer_Business,Lagos,43,10890557.48,0.0465116279069767,0.14518027,Very Low
MRC03820,Transfer_P2P,Lagos,244,4961247.67,0.0532786885245901,0.13996361,Very Low
MRC01055,Online_Travel,Imo,69,9967320.49,0.0434782608695652,0.13962422,Very Low
MRC02977,Transfer_Business,Lagos,66,19093779.07,0.0454545454545454,0.13329217,Very Low
MRC03861,POS_Retail,Abia,63,639555.15,0.0476190476190476,0.12865986,Very Low
MRC03143,POS_Restaurant,Lagos,68,357690.38,0.0441176470588235,0.12772001,Very Low
MRC02525,POS_Retail,Lagos,72,696843.04,0.0555555555555555,0.1251252,Very Low
MRC04171,Transfer_Business,Lagos,92,19751013.74,0.0543478260869565,0.11960461,Very Low
MRC00488,POS_Electronics,Plateau,48,3559986.23,0.0416666666666666,0.1160521,Very Low
MRC04548,POS_Retail,Osun,45,471916.73,0.0444444444444444,0.115932874,Very Low
MRC00481,Online_Ecommerce,Oyo,66,2756769.08,0.0454545454545454,0.11554801,Very Low
MRC04946,POS_Retail,Oyo,63,693770.97,0.0476190476190476,0.11425281,Very Low
MRC04159,Online_Ecommerce,Anambra,50,1889413.81,0.04,0.11416947,Very Low
MRC00287,POS_Supermarket,Abuja,48,394447.52,0.0416666666666666,0.113731034,Very Low
MRC04162,POS_Fashion,Oyo,2527,64617923.05,0.0585674713098535,0.111092135,Very Low
MRC03695,Online_Bills,Lagos,91,1171797.17,0.0549450549450549,0.10092993,Very Low
MRC01474,Transfer_Business,Lagos,75,18093912.87,0.0533333333333333,0.098400116,Very Low
MRC02883,Online_Ecommerce,Rivers,75,2519042.08,0.0533333333333333,0.0971349,Very Low
MRC01784,POS_Fuel,Kaduna,54,899671.26,0.0555555555555555,0.09362951,Very Low
MRC00130,Online_Ecommerce,Lagos,266,9659421.25,0.0601503759398496,0.087538354,Very Low
MRC03138,Online_Bills,Kwara,117,1270948.55,0.0512820512820512,0.087027065,Very Low
MRC00793,Transfer_P2P,Lagos,62,1286515.66,0.0483870967741935,0.08698635,Very Low
MRC00688,Transfer_Payroll,Ogun,88,15891295.3,0.0454545454545454,0.0869763,Very Low
MRC01794,Transfer_P2P,Cross River,76,1548791.8,0.0526315789473684,0.08374884,Very Low
MRC01732,POS_Pharmacy,Oyo,67,448637.09,0.044776119402985,0.08340257,Very Low
MRC04557,Online_Gaming,Abuja,201,643348.97,0.0547263681592039,0.08321561,Very Low
MRC00633,Online_Ecommerce,Abuja,42,1426297.0,0.0476190476190476,0.07980054,Very Low
MRC01555,Transfer_Business,Lagos,46,10915464.69,0.0434782608695652,0.07959326,Very Low
MRC04569,POS_Supermarket,Osun,51,378416.32,0.0392156862745098,0.07690826,Very Low
MRC03527,POS_Fuel,Ogun,413,6320952.95,0.0532687651331719,0.07607997,Very Low
MRC04695,POS_Retail,Oyo,96,1061145.64,0.0520833333333333,0.07607815,Very Low
MRC01279,POS_Supermarket,Lagos,94,807658.89,0.0531914893617021,0.07477489,Very Low
MRC00866,POS_Fashion,Lagos,126,3240579.53,0.0555555555555555,0.0727405,Very Low
MRC01024,POS_Retail,Oyo,67,648331.23,0.044776119402985,0.072534695,Very Low
MRC03924,POS_Retail,Lagos,65,707524.54,0.0461538461538461,0.069806226,Very Low
MRC02484,Online_Bills,Enugu,63,797051.84,0.0476190476190476,0.06942745,Very Low
MRC03150,POS_Retail,Abia,306,3066974.55,0.0555555555555555,0.06751895,Very Low
MRC00896,Online_Bills,Abuja,80,851473.62,0.05,0.06684563,Very Low
MRC00746,POS_Supermarket,Kwara,47,327823.24,0.0425531914893617,0.06649061,Very Low
MRC00953,POS_Grocery,Oyo,55,531235.66,0.0545454545454545,0.0662029,Very Low
MRC00199,POS_Electronics,Lagos,204,17775808.85,0.0490196078431372,0.06547523,Very Low
MRC02510,POS_Retail,Lagos,59,587771.61,0.0508474576271186,0.06478853,Very Low
MRC02483,Transfer_Business,Abuja,100,22183116.11,0.05,0.06465427,Very Low
MRC01388,POS_Grocery,Lagos,44,343783.71,0.0454545454545454,0.06450631,Very Low
MRC00097,POS_Grocery,Enugu,43,312548.25,0.0465116279069767,0.060425818,Very Low
MRC01426,Online_Bills,Plateau,76,921288.32,0.0526315789473684,0.059823718,Very Low
MRC02737,Transfer_P2P,Kano,163,3530390.12,0.0552147239263803,0.05976346,Very Low
MRC01247,POS_Grocery,Abuja,61,472583.66,0.0491803278688524,0.0593081,Very Low
MRC02178,POS_Retail,Cross River,450,4474750.7,0.0533333333333333,0.056258187,Very Low
MRC02407,Online_Travel,Lagos,445,65563598.36,0.0539325842696629,0.055908702,Very Low
MRC04233,POS_Fashion,Enugu,45,1059732.2,0.0444444444444444,0.055885427,Very Low
MRC00864,Online_Ecommerce,Rivers,95,3591710.43,0.0526315789473684,0.055589043,Very Low
MRC04541,Online_Ecommerce,Lagos,41,1724330.22,0.048780487804878,0.055549305,Very Low
MRC03033,POS_Retail,Bayelsa,66,727346.65,0.0454545454545454,0.054071497,Very Low
MRC02639,Online_Bills,Oyo,42,494398.56,0.0476190476190476,0.052827846,Very Low
MRC02540,Transfer_Business,Ogun,136,35568308.26,0.0514705882352941,0.05273274,Very Low
MRC01918,POS_Retail,Kano,45,553314.86,0.0444444444444444,0.05257672,Very Low
MRC01371,POS_Retail,Kano,44,440363.83,0.0454545454545454,0.052527677,Very Low
MRC04932,POS_Retail,Kano,43,389270.43,0.0465116279069767,0.051844683,Very Low
MRC00826,POS_Electronics,Enugu,54,4659325.83,0.0555555555555555,0.05181267,Very Low
MRC01870,Online_Bills,Kano,52,603201.8,0.0384615384615384,0.048795152,Very Low
MRC01093,POS_Fuel,Lagos,384,5652082.36,0.0520833333333333,0.048515316,Very Low
MRC00058,POS_Restaurant,Ekiti,91,467683.72,0.0549450549450549,0.048483223,Very Low
MRC00372,Transfer_Business,Abuja,56,14609709.57,0.0535714285714285,0.047809154,Very Low
MRC03042,POS_Grocery,Oyo,46,351903.13,0.0434782608695652,0.047149483,Very Low
MRC03012,Online_Ecommerce,Lagos,235,8617976.01,0.051063829787234,0.046696432,Very Low
MRC00499,Online_Ecommerce,Ekiti,61,2412276.17,0.0491803278688524,0.045228127,Very Low
MRC03802,POS_Pharmacy,Abuja,58,317459.32,0.0517241379310344,0.044958107,Very Low
MRC02842,POS_Restaurant,Rivers,72,374633.04,0.0555555555555555,0.044579852,Very Low
MRC04379,POS_Retail,Benue,42,415483.28,0.0476190476190476,0.043831497,Very Low
MRC01353,Online_Bills,Lagos,57,691509.98,0.0526315789473684,0.043179482,Very Low
MRC03114,Transfer_Business,Rivers,1406,358351351.56,0.0519203413940256,0.042961597,Very Low
MRC01989,POS_Supermarket,Lagos,54,433675.88,0.0555555555555555,0.04293462,Very Low
MRC00560,Transfer_P2P,Lagos,53,1097982.28,0.0377358490566037,0.042894814,Very Low
MRC03363,POS_Electronics,Lagos,65,4625769.83,0.0461538461538461,0.04124479,Very Low
MRC03397,Transfer_Business,Kaduna,117,29222799.86,0.0512820512820512,0.040801164,Very Low
MRC01962,POS_Grocery,Kano,56,482013.16,0.0535714285714285,0.04049283,Very Low
MRC02798,POS_Pharmacy,Oyo,130,789455.17,0.0538461538461538,0.04037169,Very Low
MRC00807,POS_Fuel,Anambra,48,802434.08,0.0416666666666666,0.04031047,Very Low
MRC00122,POS_Pharmacy,Lagos,43,262706.51,0.0465116279069767,0.040250134,Very Low
MRC01585,Online_Travel,Rivers,43,6710245.83,0.0465116279069767,0.040182285,Very Low
MRC03833,Online_Ecommerce,Lagos,41,995573.94,0.048780487804878,0.040056664,Very Low
MRC00136,Online_Bills,Osun,70,967800.08,0.0428571428571428,0.039725352,Very Low
MRC00656,Transfer_Business,Abuja,72,15095389.97,0.0555555555555555,0.039174154,Very Low
MRC02638,POS_Fashion,Imo,124,3244532.26,0.0483870967741935,0.039037853,Very Low
MRC01596,Transfer_Business,Lagos,51,12969936.88,0.0392156862745098,0.038835652,Very Low
MRC04745,POS_Supermarket,Oyo,140,1109557.7,0.05,0.038319398,Very Low
MRC04523,Online_Travel,Oyo,57,8335853.93,0.0526315789473684,0.038226474,Very Low
MRC04500,Transfer_P2P,Anambra,307,6098031.41,0.0521172638436482,0.038193975,Very Low
MRC02605,POS_Retail,Lagos,60,727108.25,0.05,0.037946336,Very Low
MRC02067,Online_Bills,Kaduna,74,811829.98,0.054054054054054,0.037574105,Very Low
MRC00172,Transfer_Business,Lagos,120,32872078.65,0.05,0.037433222,Very Low
MRC02478,POS_Grocery,Cross River,59,425445.65,0.0508474576271186,0.037331704,Very Low
MRC01861,POS_Fuel,Rivers,82,1182162.32,0.048780487804878,0.03720779,Very Low
MRC03822,Online_Ecommerce,Delta,120,4252541.51,0.05,0.036744565,Very Low
MRC02954,Transfer_Business,Lagos,87,23185420.07,0.0459770114942528,0.03652996,Very Low
MRC02441,Online_Bills,Enugu,85,1042102.29,0.0470588235294117,0.036445297,Very Low
MRC04967,Online_Ecommerce,Lagos,47,1674050.3,0.0425531914893617,0.03610808,Very Low
MRC02056,POS_Grocery,Plateau,116,915735.97,0.0517241379310344,0.035995517,Very Low
MRC00371,POS_Grocery,Lagos,55,438274.55,0.0545454545454545,0.03539265,Very Low
MRC02781,POS_Restaurant,Abuja,48,242536.3,0.0416666666666666,0.034764886,Very Low
MRC04688,POS_Retail,Kano,80,694877.46,0.05,0.03451067,Very Low
MRC04926,Online_Gaming,Kaduna,60,187014.17,0.05,0.03447628,Very Low
MRC01150,Online_Travel,Enugu,69,11314275.93,0.0434782608695652,0.034433242,Very Low
MRC04819,Online_Ecommerce,Ogun,68,2514423.0300000003,0.0441176470588235,0.034074645,Very Low
MRC01452,Online_Bills,Abuja,56,763995.34,0.0535714285714285,0.033516236,Very Low
MRC02898,Online_Ecommerce,Edo,48,1392257.08,0.0416666666666666,0.032876406,Very Low
MRC02834,POS_Electronics,Lagos,72,6534668.18,0.0555555555555555,0.032840636,Very Low
MRC00164,POS_Pharmacy,Rivers,76,456086.01,0.0526315789473684,0.032539494,Very Low
MRC02696,POS_Retail,Rivers,66,688110.94,0.0454545454545454,0.032072097,Very Low
MRC03921,Transfer_Business,Lagos,64,16897695.81,0.046875,0.031667788,Very Low
MRC00850,Transfer_P2P,Kano,56,1179432.59,0.0535714285714285,0.031569522,Very Low
MRC03463,Online_Travel,Lagos,42,6219223.15,0.0476190476190476,0.031106759,Very Low
MRC03917,Online_Travel,Abuja,121,19349132.3,0.0495867768595041,0.03079751,Very Low
MRC02906,POS_Fashion,Lagos,51,1203977.21,0.0392156862745098,0.030795459,Very Low
MRC03827,POS_Retail,Lagos,45,511439.37,0.0444444444444444,0.030376235,Very Low
MRC02750,Transfer_Business,Lagos,49,12266801.28,0.0408163265306122,0.030258106,Very Low
MRC02278,POS_Supermarket,Kano,1670,13640238.06,0.0532934131736526,0.030094115,Very Low
MRC00456,POS_Fashion,Abia,64,1694756.6,0.046875,0.029704237,Very Low
MRC04727,Online_Gaming,Lagos,384,1175957.46,0.0520833333333333,0.029192567,Very Low
MRC02101,Online_Ecommerce,Lagos,45,1379048.46,0.0444444444444444,0.029192282,Very Low
MRC04939,POS_Retail,Oyo,47,433713.04,0.0425531914893617,0.02901364,Very Low
MRC00227,POS_Restaurant,Lagos,57,322305.78,0.0526315789473684,0.028924901,Very Low
MRC04112,POS_Grocery,Abuja,70,535740.67,0.0428571428571428,0.028572666,Very Low
MRC00109,POS_Retail,Lagos,44,393242.4,0.0454545454545454,0.028551849,Very Low
MRC01860,Transfer_Business,Lagos,206,54624560.11,0.0533980582524271,0.027961358,Very Low
MRC03568,POS_Retail,Delta,147,1504356.76,0.0544217687074829,0.027638568,Very Low
MRC00173,POS_Fashion,Oyo,134,3395586.13,0.0522388059701492,0.027567029,Very Low
MRC01404,POS_Electronics,Abuja,55,4325511.12,0.0545454545454545,0.027389724,Very Low
MRC02594,POS_Fuel,Oyo,46,647192.67,0.0434782608695652,0.02737562,Very Low
MRC03977,POS_Retail,Rivers,59,586616.78,0.0508474576271186,0.026824988,Very Low
MRC02941,POS_Electronics,Lagos,418,37195277.13,0.0502392344497607,0.026442122,Very Low
MRC03430,Online_Bills,Abia,41,544684.52,0.048780487804878,0.02620133,Very Low
MRC00856,Transfer_P2P,Lagos,84,1604099.01,0.0476190476190476,0.026185667,Very Low
MRC02199,Online_Gaming,Anambra,54,150277.45,0.0555555555555555,0.025952095,Very Low
MRC03043,POS_Grocery,Plateau,42,344090.74,0.0476190476190476,0.025789373,Very Low
MRC04846,POS_Restaurant,Abuja,59,335670.24,0.0508474576271186,0.025645709,Very Low
MRC00216,POS_Grocery,Plateau,78,638481.38,0.0512820512820512,0.02558985,Very Low
MRC03063,POS_Restaurant,Osun,44,257044.07,0.0454545454545454,0.025531832,Very Low
MRC02449,Online_Ecommerce,Lagos,91,3183407.72,0.0549450549450549,0.025459569,Very Low
MRC00576,POS_Fuel,Abia,44,668261.38,0.0454545454545454,0.025426593,Very Low
MRC01813,Transfer_Payroll,Lagos,83,15033796.21,0.0481927710843373,0.025358869,Very Low
MRC01327,POS_Retail,Lagos,333,3531152.48,0.051051051051051,0.024794297,Very Low
MRC03733,Online_Travel,Kwara,74,11211649.37,0.054054054054054,0.02468263,Very Low
MRC04053,POS_Grocery,Cross River,54,460827.59,0.0555555555555555,0.02467798,Very Low
MRC03362,POS_Grocery,Lagos,65,510696.87,0.0461538461538461,0.024608035,Very Low
MRC03050,POS_Retail,Enugu,69,732010.18,0.0434782608695652,0.024550764,Very Low
MRC00698,Transfer_P2P,Cross River,110,2419043.21,0.0545454545454545,0.024528861,Very Low
MRC01429,POS_Pharmacy,Oyo,65,421714.1,0.0461538461538461,0.024491988,Very Low
MRC02028,Online_Ecommerce,Lagos,42,1536232.88,0.0476190476190476,0.024435345,Very Low
MRC04090,POS_Retail,Ogun,64,649195.8,0.046875,0.024215907,Very Low
MRC02444,Transfer_P2P,Cross River,177,3379115.2,0.0508474576271186,0.023985472,Very Low
MRC04744,Online_Bills,Kaduna,65,869149.6,0.0461538461538461,0.023890136,Very Low
MRC01185,POS_Fashion,Delta,77,2070036.03,0.0519480519480519,0.023615722,Very Low
MRC04170,Transfer_P2P,Lagos,42,791918.25,0.0476190476190476,0.023389447,Very Low
MRC04041,POS_Electronics,Edo,66,5525080.17,0.0454545454545454,0.023187926,Very Low
MRC04799,POS_Retail,Lagos,476,4743765.83,0.0504201680672268,0.023097752,Very Low
MRC00329,Transfer_P2P,Benue,82,1597558.59,0.048780487804878,0.022948848,Very Low
MRC01733,POS_Electronics,Ogun,64,5513819.47,0.046875,0.022947788,Very Low
MRC03647,POS_Grocery,Edo,743,5980904.78,0.0497981157469717,0.022879258,Very Low
MRC00803,POS_Retail,Oyo,82,855888.44,0.048780487804878,0.022673784,Very Low
MRC02077,POS_Supermarket,Delta,76,632935.91,0.0526315789473684,0.022568023,Very Low
MRC03813,Transfer_Business,Ogun,41,11550853.62,0.048780487804878,0.022410179,Very Low
MRC01375,POS_Restaurant,Abuja,67,284244.82,0.044776119402985,0.022372987,Very Low
MRC01825,Transfer_Business,Benue,55,14445224.68,0.0545454545454545,0.022240624,Very Low
MRC00848,Online_Ecommerce,Bayelsa,76,2717042.81,0.0526315789473684,0.021824826,Very Low
MRC00011,Transfer_Business,Rivers,275,72478183.24,0.0545454545454545,0.021717504,Very Low
MRC02445,Transfer_Business,Delta,43,10173833.06,0.0465116279069767,0.021453451,Very Low
MRC04741,Transfer_Business,Kano,49,13444668.2,0.0408163265306122,0.021446021,Very Low
MRC03161,Online_Bills,Anambra,72,895629.98,0.0555555555555555,0.02136279,Very Low
MRC04072,Transfer_Payroll,Kwara,49,8432170.83,0.0408163265306122,0.021095188,Very Low
MRC04023,POS_Electronics,Osun,58,4670113.97,0.0517241379310344,0.021054396,Very Low
MRC01309,Online_Bills,Lagos,51,584589.59,0.0392156862745098,0.021045582,Very Low
MRC00055,Transfer_P2P,Delta,57,1170147.87,0.0526315789473684,0.02085144,Very Low
MRC01294,Transfer_P2P,Rivers,72,1474189.82,0.0555555555555555,0.020757478,Very Low
MRC04760,POS_Electronics,Lagos,62,5756620.81,0.0483870967741935,0.020667158,Very Low
MRC04307,Transfer_Business,Anambra,379,95324730.38,0.0554089709762532,0.020582061,Very Low
MRC02872,Online_Ecommerce,Oyo,62,2370807.82,0.0483870967741935,0.020539522,Very Low
MRC03048,Online_Bills,Imo,142,1797177.36,0.0492957746478873,0.020365339,Very Low
MRC00552,Transfer_P2P,Lagos,44,861593.51,0.0454545454545454,0.020311534,Very Low
MRC00540,POS_Grocery,Lagos,58,459977.47,0.0517241379310344,0.02021186,Very Low
MRC04966,POS_Electronics,Oyo,79,6712781.89,0.050632911392405,0.020070963,Very Low
MRC02958,Transfer_Payroll,Kano,44,7242199.03,0.0454545454545454,0.019955004,Very Low
MRC01339,POS_Grocery,Delta,67,523610.74,0.044776119402985,0.019930037,Very Low
MRC04771,POS_Retail,Enugu,41,389710.47,0.048780487804878,0.019895345,Very Low
MRC00545,Online_Gaming,Kaduna,43,137033.2,0.0465116279069767,0.018906021,Very Low
MRC00255,POS_Fuel,Lagos,72,1145650.23,0.0555555555555555,0.0188987,Very Low
MRC02583,Transfer_P2P,Lagos,47,1035911.09,0.0425531914893617,0.018856468,Very Low
MRC03332,POS_Fuel,Rivers,133,1932933.43,0.0526315789473684,0.018770717,Very Low
MRC00573,Transfer_Business,Abuja,55,12578926.37,0.0545454545454545,0.018694503,Very Low
MRC04045,POS_Retail,Lagos,186,1958172.19,0.053763440860215,0.01857942,Very Low
MRC04773,Online_Ecommerce,Lagos,54,1889033.96,0.0555555555555555,0.018554695,Very Low
MRC03125,POS_Retail,Kano,43,571932.11,0.0465116279069767,0.018275136,Very Low
MRC02940,Online_Ecommerce,Anambra,652,23234596.3,0.053680981595092,0.018000321,Very Low
MRC02337,Transfer_Business,Cross River,83,21174469.52,0.0481927710843373,0.017985543,Very Low
MRC04172,Online_Gaming,Enugu,83,279610.63,0.0481927710843373,0.017881561,Very Low
MRC04787,Online_Travel,Rivers,57,8700826.43,0.0350877192982456,0.017861892,Very Low
MRC02778,POS_Fuel,Anambra,74,1008995.59,0.054054054054054,0.017817877,Very Low
MRC02122,Online_Ecommerce,Rivers,44,1497001.88,0.0454545454545454,0.01780861,Very Low
MRC00537,Online_Bills,Lagos,239,2934744.51,0.0543933054393305,0.017791152,Very Low
MRC00335,POS_Fuel,Abuja,71,1017081.15,0.0422535211267605,0.01778848,Very Low
MRC04373,POS_Supermarket,Enugu,129,1058272.86,0.0542635658914728,0.017750718,Very Low
MRC03879,Online_Ecommerce,Anambra,82,2715476.69,0.048780487804878,0.017256632,Very Low
MRC01510,Transfer_P2P,Lagos,113,2432385.93,0.0442477876106194,0.017186508,Very Low
MRC01111,Online_Ecommerce,Plateau,3107,111650131.02,0.0505310588992597,0.017178237,Very Low
MRC00985,POS_Supermarket,Abuja,68,578335.48,0.0441176470588235,0.017093232,Very Low
MRC02327,POS_Fuel,Rivers,43,735946.26,0.0465116279069767,0.017091708,Very Low
MRC00116,Online_Ecommerce,Benue,67,2647501.97,0.044776119402985,0.017089706,Very Low
MRC03790,Online_Bills,Rivers,356,4336152.45,0.0505617977528089,0.017048378,Very Low
MRC00869,Online_Travel,Delta,78,11734600.23,0.0512820512820512,0.017027693,Very Low
MRC03970,Online_Ecommerce,Edo,43,1606063.73,0.0465116279069767,0.016872812,Very Low
MRC04965,POS_Grocery,Kaduna,54,413699.48,0.0555555555555555,0.016833033,Very Low
MRC01052,Online_Ecommerce,Abuja,227,7981155.18,0.052863436123348,0.016810518,Very Low
MRC02946,POS_Electronics,Enugu,41,3455049.11,0.048780487804878,0.016713345,Very Low
MRC02643,POS_Retail,Lagos,69,734016.11,0.0434782608695652,0.016682193,Very Low
MRC02465,POS_Supermarket,Lagos,57,478553.11,0.0526315789473684,0.01664351,Very Low
MRC03764,POS_Fashion,Abuja,58,1552650.49,0.0517241379310344,0.016565477,Very Low
MRC00125,POS_Pharmacy,Delta,60,392184.29,0.05,0.01625936,Very Low
MRC04509,POS_Restaurant,Imo,63,319188.26,0.0476190476190476,0.016178126,Very Low
MRC03914,Online_Ecommerce,Oyo,150,5893834.93,0.0466666666666666,0.016152244,Very Low
MRC02174,Online_Bills,Lagos,49,588411.38,0.0408163265306122,0.01605937,Very Low
MRC00349,Online_Bills,Bayelsa,64,737519.1,0.046875,0.016041713,Very Low
MRC04260,Transfer_Business,Lagos,63,15096308.11,0.0476190476190476,0.016041027,Very Low
MRC03880,POS_Restaurant,Oyo,148,725541.64,0.0472972972972973,0.01603919,Very Low
MRC03308,Transfer_P2P,Kano,54,1039402.58,0.0555555555555555,0.015959295,Very Low
MRC00079,POS_Grocery,Rivers,151,1212411.04,0.0529801324503311,0.015859488,Very Low
MRC01478,POS_Fuel,Lagos,54,780992.3,0.0555555555555555,0.015806213,Very Low
MRC00735,POS_Restaurant,Lagos,71,371753.1,0.0422535211267605,0.015756916,Very Low
MRC03690,POS_Electronics,Rivers,42,4198905.59,0.0476190476190476,0.015610385,Very Low
MRC04623,POS_Retail,Enugu,88,954845.95,0.0454545454545454,0.01553068,Very Low
MRC02702,POS_Retail,Kaduna,85,1032683.7,0.0470588235294117,0.015386769,Very Low
MRC02348,POS_Grocery,Anambra,54,387691.52,0.0555555555555555,0.015312335,Very Low
MRC00184,POS_Fuel,Lagos,85,1176845.8,0.0470588235294117,0.015250992,Very Low
MRC00615,Transfer_P2P,Ogun,43,1039240.19,0.0465116279069767,0.015171584,Very Low
MRC02655,Online_Ecommerce,Abuja,42,1489953.07,0.0476190476190476,0.0149868615,Very Low
MRC02646,Transfer_Business,Anambra,66,15936039.59,0.0454545454545454,0.014920079,Very Low
MRC01894,POS_Fashion,Abuja,100,2503871.21,0.04,0.01481795,Very Low
MRC01756,Transfer_P2P,Kwara,78,1589272.78,0.0512820512820512,0.014654961,Very Low
MRC04333,POS_Retail,Abia,83,871260.98,0.0481927710843373,0.0146207195,Very Low
MRC04131,POS_Retail,Ogun,148,1579553.24,0.0472972972972973,0.014523161,Very Low
MRC02305,Online_Ecommerce,Rivers,112,4504373.84,0.0535714285714285,0.014372275,Very Low
MRC02581,Transfer_Business,Rivers,42,10923080.63,0.0476190476190476,0.014286674,Very Low
MRC00119,POS_Grocery,Kano,68,558439.11,0.0441176470588235,0.014286211,Very Low
MRC01041,Online_Ecommerce,Imo,106,3610357.7,0.0471698113207547,0.014150365,Very Low
MRC00195,Online_Bills,Rivers,42,479271.65,0.0476190476190476,0.014079041,Very Low
MRC04319,POS_Retail,Lagos,45,454256.83,0.0444444444444444,0.014077935,Very Low
MRC03056,POS_Retail,Lagos,63,772490.84,0.0476190476190476,0.01405631,Very Low
MRC02030,POS_Grocery,Enugu,44,336315.22,0.0454545454545454,0.014045464,Very Low
MRC02200,POS_Grocery,Oyo,166,1259150.93,0.0542168674698795,0.01403186,Very Low
MRC02460,Online_Bills,Delta,205,2390527.18,0.0536585365853658,0.013937946,Very Low
MRC04724,POS_Restaurant,Ogun,47,234990.04,0.0425531914893617,0.013877567,Very Low
MRC01152,POS_Retail,Rivers,61,484500.24,0.0491803278688524,0.01375489,Very Low
MRC01091,Transfer_P2P,Lagos,42,875571.72,0.0476190476190476,0.013350908,Very Low
MRC04723,Online_Bills,Oyo,58,731168.43,0.0517241379310344,0.013243862,Very Low
MRC00566,Online_Gaming,Ogun,43,122973.4,0.0465116279069767,0.013207731,Very Low
MRC01357,Online_Ecommerce,Abuja,528,19977105.65,0.0473484848484848,0.013012894,Very Low
MRC02606,Online_Ecommerce,Rivers,51,1639248.92,0.0392156862745098,0.012975985,Very Low
MRC00274,Transfer_P2P,Lagos,42,991723.49,0.0476190476190476,0.012973525,Very Low
MRC02094,Transfer_P2P,Abuja,81,1670775.24,0.0493827160493827,0.012918819,Very Low
MRC02808,Online_Travel,Edo,54,7786417.53,0.0555555555555555,0.012741079,Very Low
MRC00318,POS_Retail,Delta,44,479217.56,0.0454545454545454,0.012652483,Very Low
MRC04351,POS_Fashion,Abia,59,1401691.2,0.0508474576271186,0.012440354,Very Low
MRC02625,Online_Travel,Plateau,61,8700312.64,0.0491803278688524,0.012308199,Very Low
MRC03217,POS_Grocery,Rivers,44,359826.32,0.0454545454545454,0.0122810295,Very Low
MRC02714,Transfer_P2P,Abuja,71,1325284.69,0.0422535211267605,0.012242947,Very Low
MRC03436,Online_Bills,Delta,41,458076.17,0.048780487804878,0.0121678775,Very Low
MRC02847,POS_Grocery,Oyo,41,352448.52,0.048780487804878,0.012059335,Very Low
MRC00316,Transfer_P2P,Kaduna,43,1068720.37,0.0465116279069767,0.011813789,Very Low
MRC01514,Online_Ecommerce,Lagos,48,1863841.5,0.0416666666666666,0.011562922,Very Low
MRC02430,Transfer_Business,Lagos,66,15176046.83,0.0454545454545454,0.011562193,Very Low
MRC04063,POS_Electronics,Lagos,43,3565370.51,0.0465116279069767,0.011488875,Very Low
MRC03476,POS_Fuel,Lagos,70,1005420.29,0.0428571428571428,0.011392478,Very Low
MRC02093,Transfer_Business,Cross River,53,13405033.77,0.0377358490566037,0.011289415,Very Low
MRC03213,Online_Ecommerce,Ogun,66,2143721.82,0.0454545454545454,0.011256247,Very Low
MRC04881,Online_Ecommerce,Kaduna,51,1652513.61,0.0392156862745098,0.011246596,Very Low
MRC00919,Transfer_P2P,Enugu,45,964129.26,0.0444444444444444,0.011234901,Very Low
MRC03247,Online_Bills,Benue,42,468547.36,0.0476190476190476,0.011032352,Very Low
MRC02162,Transfer_P2P,Lagos,42,809261.66,0.0476190476190476,0.01097142,Very Low
MRC04459,POS_Retail,Lagos,59,661125.76,0.0508474576271186,0.0109686265,Very Low
MRC03669,POS_Restaurant,Rivers,49,263045.25,0.0408163265306122,0.010950266,Very Low
MRC00208,POS_Pharmacy,Kwara,75,433148.21,0.0533333333333333,0.010910394,Very Low
MRC01127,Online_Ecommerce,Abuja,45,1691566.56,0.0444444444444444,0.010829333,Very Low
MRC03322,POS_Grocery,Ekiti,157,1376632.9,0.0509554140127388,0.010826683,Very Low
MRC01267,POS_Electronics,Lagos,68,5278321.09,0.0441176470588235,0.0105779525,Very Low
MRC03994,POS_Retail,Kano,82,825723.48,0.048780487804878,0.010549375,Very Low
MRC02841,Online_Ecommerce,Ogun,106,3814066.38,0.0471698113207547,0.01047908,Very Low
MRC00091,Transfer_P2P,Lagos,158,2960413.86,0.050632911392405,0.0103346715,Very Low
MRC02772,POS_Retail,Lagos,67,657324.96,0.044776119402985,0.010284316,Very Low
MRC03515,Transfer_Business,Kaduna,62,14212304.69,0.0483870967741935,0.010278867,Very Low
MRC00052,Online_Bills,Abuja,136,1513021.78,0.0514705882352941,0.01012977,Very Low
MRC02370,POS_Retail,Delta,125,1303927.44,0.048,0.010109881,Very Low
MRC03578,Transfer_P2P,Bayelsa,53,1181676.83,0.0377358490566037,0.009928574,Very Low
MRC04571,Transfer_Business,Oyo,178,46661462.18,0.0505617977528089,0.009927571,Very Low
MRC02855,POS_Fashion,Bayelsa,104,2557800.1,0.048076923076923,0.009877444,Very Low
MRC04142,POS_Electronics,Oyo,99,8415957.59,0.0404040404040404,0.00987344,Very Low
MRC00049,POS_Retail,Oyo,108,1092971.48,0.0555555555555555,0.009873308,Very Low
MRC00196,Transfer_P2P,Abuja,45,999988.64,0.0444444444444444,0.0098324455,Very Low
MRC01897,Transfer_P2P,Lagos,52,985108.61,0.0384615384615384,0.009773907,Very Low
MRC04391,POS_Restaurant,Lagos,188,997797.91,0.0531914893617021,0.009768264,Very Low
MRC02688,Transfer_P2P,Delta,66,1468087.64,0.0454545454545454,0.009619946,Very Low
MRC01270,POS_Grocery,Kano,42,327275.09,0.0476190476190476,0.009480571,Very Low
MRC00832,POS_Restaurant,Enugu,56,316044.33,0.0535714285714285,0.009448505,Very Low
MRC03172,Transfer_Business,Abuja,44,10904697.89,0.0454545454545454,0.009448381,Very Low
MRC04461,Transfer_P2P,Anambra,87,1806125.03,0.0459770114942528,0.009425523,Very Low
MRC01058,POS_Fashion,Delta,45,1341910.83,0.0444444444444444,0.009379962,Very Low
MRC03474,Online_Ecommerce,Lagos,66,2278080.83,0.0454545454545454,0.00936826,Very Low
MRC02791,POS_Pharmacy,Lagos,47,297540.88,0.0425531914893617,0.009268837,Very Low
MRC00852,Online_Ecommerce,Abia,45,1500857.63,0.0444444444444444,0.009011942,Very Low
MRC03314,POS_Retail,Kano,47,499351.97,0.0425531914893617,0.009011652,Very Low
MRC03002,POS_Electronics,Kaduna,55,4022210.93,0.0545454545454545,0.009004807,Very Low
MRC04020,POS_Grocery,Oyo,47,405121.44,0.0425531914893617,0.008947738,Very Low
MRC01513,POS_Grocery,Lagos,113,905478.11,0.0530973451327433,0.008894294,Very Low
MRC04971,Online_Ecommerce,Lagos,57,1961165.88,0.0526315789473684,0.008883674,Very Low
MRC02367,Online_Bills,Lagos,132,1509880.78,0.0454545454545454,0.008881474,Very Low
MRC02574,POS_Restaurant,Edo,57,282880.55,0.0526315789473684,0.008877147,Very Low
MRC03414,POS_Retail,Oyo,52,530964.75,0.0384615384615384,0.00882153,Very Low
MRC00112,POS_Fashion,Enugu,52,1179383.23,0.0384615384615384,0.0087629445,Very Low
MRC02208,POS_Grocery,Kano,142,1149743.44,0.0492957746478873,0.00875976,Very Low
MRC02677,Online_Bills,Enugu,45,523175.46,0.0444444444444444,0.008723284,Very Low
MRC04222,POS_Retail,Abuja,71,703478.07,0.0422535211267605,0.008679842,Very Low
MRC02470,POS_Retail,Benue,45,404101.95,0.0444444444444444,0.00867321,Very Low
MRC02806,Online_Ecommerce,Edo,276,10210647.48,0.0543478260869565,0.008662266,Very Low
MRC02675,Transfer_P2P,Delta,43,863894.27,0.0465116279069767,0.008606299,Very Low
MRC03792,Online_Ecommerce,Kwara,41,1463208.76,0.048780487804878,0.008595667,Very Low
MRC04863,Transfer_Business,Kaduna,64,15108805.81,0.046875,0.008566014,Very Low
MRC01110,POS_Retail,Abuja,121,1360177.67,0.0495867768595041,0.008491078,Very Low
MRC04704,POS_Fuel,Kaduna,50,747123.89,0.04,0.008455783,Very Low
MRC01667,POS_Fashion,Kano,145,3437719.68,0.0482758620689655,0.008405359,Very Low
MRC03522,Transfer_P2P,Rivers,90,1701648.02,0.0555555555555555,0.0083825225,Very Low
MRC00432,Online_Bills,Abuja,61,773593.7,0.0491803278688524,0.008341886,Very Low
MRC00342,POS_Fuel,Lagos,152,2426472.21,0.0526315789473684,0.00828912,Very Low
MRC00421,POS_Pharmacy,Plateau,44,282321.85,0.0454545454545454,0.008273456,Very Low
MRC02051,POS_Fuel,Rivers,62,1048865.48,0.0483870967741935,0.008030263,Very Low
MRC04536,POS_Fuel,Kano,87,1270366.7,0.0459770114942528,0.007960552,Very Low
MRC03818,POS_Restaurant,Plateau,58,269675.71,0.0517241379310344,0.0079536345,Very Low
MRC04271,POS_Retail,Lagos,67,663614.42,0.044776119402985,0.007937243,Very Low
MRC04540,Online_Bills,Abuja,60,736034.27,0.05,0.007923161,Very Low
MRC01332,Online_Ecommerce,Delta,260,9385104.8,0.05,0.007919267,Very Low
MRC00232,POS_Retail,Oyo,198,1938842.25,0.0454545454545454,0.007743496,Very Low
MRC01879,POS_Retail,Lagos,51,522413.17,0.0392156862745098,0.00770137,Very Low
MRC01796,Online_Ecommerce,Cross River,84,3173321.88,0.0476190476190476,0.007672995,Very Low
MRC04827,POS_Fashion,Delta,63,1669654.4,0.0476190476190476,0.007575212,Very Low
MRC02427,POS_Fuel,Abia,168,2497370.96,0.0476190476190476,0.0075751045,Very Low
MRC04748,POS_Grocery,Lagos,82,642510.24,0.048780487804878,0.0075720656,Very Low
MRC02867,POS_Retail,Delta,60,702130.01,0.05,0.007568135,Very Low
MRC00642,POS_Restaurant,Osun,668,3462232.31,0.0508982035928143,0.0075143925,Very Low
MRC04875,POS_Fuel,Rivers,58,926382.13,0.0517241379310344,0.007499411,Very Low
MRC02108,Transfer_P2P,Imo,125,2382163.52,0.048,0.007370886,Very Low
MRC04208,Online_Travel,Benue,43,6914898.61,0.0465116279069767,0.0073627825,Very Low
MRC01578,POS_Retail,Rivers,59,657147.93,0.0508474576271186,0.007303207,Very Low
MRC00258,Transfer_P2P,Lagos,56,1065404.06,0.0535714285714285,0.007239419,Very Low
MRC04475,Transfer_Business,Enugu,42,10781020.78,0.0476190476190476,0.0071814395,Very Low
MRC02603,Transfer_Business,Rivers,45,12150889.76,0.0444444444444444,0.0071513904,Very Low
MRC04371,Online_Travel,Lagos,47,7800474.12,0.0425531914893617,0.0071210004,Very Low
MRC04612,Online_Bills,Lagos,52,669451.32,0.0384615384615384,0.007040606,Very Low
MRC01782,POS_Supermarket,Delta,69,600932.4299999999,0.0289855072463768,0.0070173987,Very Low
MRC01963,Online_Bills,Abuja,116,1478523.22,0.0517241379310344,0.0068841325,Very Low
MRC04064,Online_Bills,Lagos,56,650936.97,0.0535714285714285,0.0068315407,Very Low
MRC02738,POS_Fuel,Ogun,46,725262.43,0.0434782608695652,0.006802282,Very Low
MRC00945,Online_Gaming,Kano,66,228431.37,0.0454545454545454,0.0067962697,Very Low
MRC02298,POS_Fuel,Osun,122,1910264.81,0.0491803278688524,0.00675497,Very Low
MRC04605,POS_Restaurant,Abia,42,210594.35,0.0476190476190476,0.0065647527,Very Low
MRC02369,POS_Grocery,Bayelsa,135,1200355.0,0.0518518518518518,0.006562872,Very Low
MRC00770,Online_Ecommerce,Ogun,43,1664572.63,0.0465116279069767,0.00656059,Very Low
MRC01853,POS_Fashion,Lagos,64,1545689.81,0.046875,0.006539748,Very Low
MRC03869,POS_Retail,Oyo,133,1270764.44,0.0451127819548872,0.0064815073,Very Low
MRC04551,POS_Retail,Edo,69,783679.21,0.0434782608695652,0.006462553,Very Low
MRC02204,Online_Bills,Lagos,61,757476.42,0.0491803278688524,0.006462308,Very Low
MRC02456,Online_Travel,Edo,428,63829427.05,0.0514018691588785,0.0063432995,Very Low
MRC04217,POS_Fashion,Lagos,44,1093484.34,0.0454545454545454,0.0063221846,Very Low
MRC03501,Online_Ecommerce,Kano,55,2180344.08,0.0545454545454545,0.006284001,Very Low
MRC01649,Online_Bills,Osun,77,828688.37,0.0519480519480519,0.0062800865,Very Low
MRC03968,Transfer_P2P,Lagos,41,804898.88,0.048780487804878,0.0062753567,Very Low
MRC00970,POS_Fuel,Oyo,82,1243622.6,0.048780487804878,0.0062266607,Very Low
MRC03950,Online_Ecommerce,Plateau,46,1571208.38,0.0434782608695652,0.0062251175,Very Low
MRC00470,POS_Retail,Abuja,270,2644290.68,0.0481481481481481,0.0062109916,Very Low
MRC04202,POS_Supermarket,Oyo,87,732364.14,0.0459770114942528,0.0061497767,Very Low
MRC00952,Transfer_P2P,Ogun,47,1136438.71,0.0425531914893617,0.0061435867,Very Low
MRC03800,Transfer_Business,Kaduna,70,16479271.91,0.0428571428571428,0.006017304,Very Low
MRC03450,Transfer_Business,Lagos,57,15155088.3,0.0526315789473684,0.0060080253,Very Low
MRC03011,POS_Grocery,Abuja,70,554841.2,0.0428571428571428,0.005974219,Very Low
MRC03226,POS_Grocery,Lagos,66,506498.08,0.0454545454545454,0.00594259,Very Low
MRC04699,POS_Retail,Abia,81,819326.13,0.0493827160493827,0.0058668316,Very Low
MRC04388,Transfer_Business,Kaduna,87,20433441.37,0.0459770114942528,0.0058479784,Very Low
MRC04775,POS_Fuel,Kaduna,62,971387.34,0.0483870967741935,0.005834551,Very Low
MRC01557,POS_Fuel,Benue,65,966788.79,0.0461538461538461,0.0058028204,Very Low
MRC02401,Transfer_P2P,Lagos,88,1989939.32,0.0454545454545454,0.0057778135,Very Low
MRC00225,Online_Bills,Bayelsa,42,568935.85,0.0476190476190476,0.0057749352,Very Low
MRC01735,Transfer_Business,Delta,74,19009875.26,0.054054054054054,0.005755647,Very Low
MRC00898,POS_Restaurant,Abuja,81,410425.63,0.0493827160493827,0.0057292413,Very Low
MRC00009,POS_Retail,Lagos,78,750925.37,0.0512820512820512,0.005690678,Very Low
MRC02018,POS_Fashion,Abuja,56,1540679.78,0.0535714285714285,0.0056121834,Very Low
MRC04553,Online_Travel,Abuja,42,6129666.39,0.0476190476190476,0.0055403695,Very Low
MRC01560,Online_Bills,Oyo,56,562995.34,0.0535714285714285,0.0055276053,Very Low
MRC00596,Online_Ecommerce,Lagos,54,1928980.29,0.0555555555555555,0.005507388,Very Low
MRC00716,POS_Grocery,Edo,73,640278.83,0.0547945205479452,0.0054904204,Very Low
MRC04348,POS_Supermarket,Kaduna,56,513357.2,0.0535714285714285,0.0053924695,Very Low
MRC01145,Transfer_Business,Imo,164,44655041.02,0.048780487804878,0.0053788554,Very Low
MRC03205,Online_Ecommerce,Delta,51,1864183.66,0.0392156862745098,0.005341333,Very Low
MRC03357,Online_Ecommerce,Lagos,55,2108870.37,0.0545454545454545,0.0053263814,Very Low
MRC00743,POS_Restaurant,Imo,57,275238.42,0.0526315789473684,0.0052877055,Very Low
MRC02475,POS_Retail,Anambra,78,818034.56,0.0512820512820512,0.005273259,Very Low
MRC03486,Online_Ecommerce,Ogun,51,1859651.11,0.0392156862745098,0.0052186474,Very Low
MRC01852,Online_Ecommerce,Plateau,51,1704821.7,0.0392156862745098,0.0052128956,Very Low
MRC00495,POS_Supermarket,Lagos,55,423849.52,0.0545454545454545,0.0051904195,Very Low
MRC01307,Transfer_Business,Lagos,66,16973848.75,0.0454545454545454,0.005164974,Very Low
MRC04635,POS_Restaurant,Lagos,52,238010.47,0.0384615384615384,0.0050753686,Very Low
MRC00213,Transfer_Business,Lagos,44,11814281.54,0.0454545454545454,0.0050712214,Very Low
MRC03020,Transfer_P2P,Abuja,125,2769577.84,0.04,0.0050455746,Very Low
MRC03607,POS_Electronics,Anambra,80,7023560.12,0.05,0.005034083,Very Low
MRC00202,Online_Ecommerce,Lagos,58,2061878.06,0.0517241379310344,0.005014082,Very Low
MRC03333,POS_Pharmacy,Lagos,240,1595482.57,0.05,0.004941363,Very Low
MRC01734,POS_Fuel,Cross River,55,841830.48,0.0545454545454545,0.004928463,Very Low
MRC01043,Transfer_Business,Cross River,124,31831649.86,0.0403225806451612,0.004913498,Very Low
MRC01818,POS_Retail,Enugu,72,745154.95,0.0555555555555555,0.0048941527,Very Low
MRC03054,Online_Ecommerce,Kwara,82,2945313.84,0.048780487804878,0.004621189,Very Low
MRC03798,POS_Grocery,Lagos,42,363451.95,0.0476190476190476,0.0046202308,Very Low
MRC00257,Online_Ecommerce,Abuja,83,3110301.64,0.0481927710843373,0.004599901,Very Low
MRC02922,Transfer_P2P,Bayelsa,119,2567562.96,0.0504201680672268,0.004565752,Very Low
MRC03851,Online_Bills,Bayelsa,53,712539.73,0.0377358490566037,0.00454513,Very Low
MRC03180,Transfer_Business,Rivers,83,21275706.18,0.0481927710843373,0.0045156856,Very Low
MRC01665,Online_Travel,Kwara,50,7747358.81,0.04,0.004441737,Very Low
MRC00062,POS_Restaurant,Cross River,42,233526.18,0.0476190476190476,0.004372729,Very Low
MRC03082,Online_Ecommerce,Anambra,133,4693577.36,0.0451127819548872,0.004345036,Very Low
MRC02931,Online_Ecommerce,Osun,113,4137704.98,0.0442477876106194,0.004325643,Very Low
MRC04526,Online_Ecommerce,Lagos,93,3161522.9,0.043010752688172,0.0043195705,Very Low
MRC02664,POS_Electronics,Enugu,41,3429513.44,0.048780487804878,0.004309273,Very Low
MRC00758,POS_Grocery,Delta,62,505630.25,0.0483870967741935,0.00429046,Very Low
MRC01856,Online_Ecommerce,Osun,103,3642657.83,0.0485436893203883,0.0042431504,Very Low
MRC02194,Transfer_P2P,Abuja,51,1051586.24,0.0392156862745098,0.004172703,Very Low
MRC03080,POS_Restaurant,Kano,49,249933.67,0.0408163265306122,0.0041411845,Very Low
MRC02477,Online_Bills,Lagos,46,639103.62,0.0434782608695652,0.0040711393,Very Low
MRC01843,POS_Electronics,Ogun,83,7233567.82,0.0481927710843373,0.0040676664,Very Low
MRC02512,POS_Pharmacy,Rivers,89,570105.05,0.0449438202247191,0.0040497,Very Low
MRC04385,POS_Restaurant,Ogun,209,1045936.85,0.0526315789473684,0.0040470744,Very Low
MRC03882,POS_Pharmacy,Ogun,47,269467.98,0.0425531914893617,0.0040249834,Very Low
MRC00201,Online_Bills,Ogun,51,602282.67,0.0392156862745098,0.0040068435,Very Low
MRC01893,POS_Fuel,Abuja,50,746899.6,0.04,0.0040041767,Very Low
MRC03576,POS_Grocery,Lagos,51,365948.91,0.0392156862745098,0.003998056,Very Low
MRC04264,POS_Restaurant,Kwara,42,188117.9,0.0476190476190476,0.0039658058,Very Low
MRC00747,POS_Fuel,Lagos,50,695442.2,0.04,0.0039582825,Very Low
MRC02541,POS_Fuel,Rivers,478,7469758.04,0.0523012552301255,0.00395235,Very Low
MRC01379,POS_Grocery,Abuja,86,683934.6,0.0465116279069767,0.003926175,Very Low
MRC02782,Transfer_Business,Abuja,48,13070019.1,0.0416666666666666,0.0039064335,Very Low
MRC02956,POS_Restaurant,Enugu,60,328980.73,0.05,0.0038602434,Very Low
MRC02665,Transfer_P2P,Lagos,48,923631.08,0.0416666666666666,0.00385251,Very Low
MRC00278,Online_Travel,Anambra,45,6045830.55,0.0444444444444444,0.0038134686,Very Low
MRC03656,Transfer_P2P,Lagos,69,1440357.2,0.0434782608695652,0.003811116,Very Low
MRC00733,POS_Grocery,Lagos,51,427119.63,0.0392156862745098,0.003795878,Very Low
MRC03157,POS_Grocery,Ogun,75,634302.78,0.0533333333333333,0.0037110024,Very Low
MRC03844,POS_Pharmacy,Oyo,53,342737.05,0.0377358490566037,0.003708574,Very Low
MRC03711,Transfer_Business,Benue,129,33652562.31,0.0465116279069767,0.0036949818,Very Low
MRC03693,POS_Grocery,Delta,46,325780.93,0.0434782608695652,0.003667219,Very Low
MRC00645,Online_Ecommerce,Lagos,48,1728259.5,0.0416666666666666,0.0036318759,Very Low
MRC02804,Online_Travel,Benue,74,12132513.99,0.054054054054054,0.0036158774,Very Low
MRC01463,POS_Fuel,Abuja,56,818978.05,0.0535714285714285,0.0036136692,Very Low
MRC00730,POS_Retail,Oyo,45,528656.05,0.0444444444444444,0.0035780238,Very Low
MRC03417,POS_Restaurant,Lagos,51,248651.08,0.0392156862745098,0.0035539845,Very Low
MRC02134,Transfer_P2P,Edo,53,1006783.04,0.0377358490566037,0.0034790176,Very Low
MRC01904,POS_Retail,Abuja,61,589536.5599999999,0.0491803278688524,0.0034571406,Very Low
MRC02852,Transfer_Business,Ogun,170,46397431.95,0.0470588235294117,0.0034549697,Very Low
MRC03751,Online_Ecommerce,Oyo,86,3221855.76,0.0465116279069767,0.0034009714,Very Low
MRC03549,POS_Retail,Anambra,64,739522.27,0.046875,0.0033874547,Very Low
MRC02654,POS_Fuel,Cross River,45,598172.74,0.0444444444444444,0.003327037,Very Low
MRC02854,POS_Grocery,Ogun,47,389626.84,0.0425531914893617,0.0033150194,Very Low
MRC04400,POS_Grocery,Ogun,43,316986.93,0.0465116279069767,0.00328623,Very Low
MRC01751,POS_Grocery,Delta,52,382756.77,0.0384615384615384,0.003262716,Very Low
MRC02678,Transfer_P2P,Kano,44,930564.31,0.0454545454545454,0.0032131334,Very Low
MRC01102,POS_Grocery,Abuja,45,348279.37,0.0444444444444444,0.0032032675,Very Low
MRC03019,Transfer_Payroll,Ogun,57,10178889.71,0.0526315789473684,0.0032004656,Very Low
MRC03354,POS_Retail,Kwara,44,411128.38,0.0454545454545454,0.0031669198,Very Low
MRC02309,POS_Retail,Abuja,45,468342.27,0.0444444444444444,0.0031525285,Very Low
MRC04052,Online_Gaming,Benue,42,124024.32,0.0476190476190476,0.0031403198,Very Low
MRC00917,Online_Bills,Lagos,43,572294.4,0.0465116279069767,0.0031294047,Very Low
MRC03127,POS_Fashion,Kano,43,1112948.69,0.0465116279069767,0.0031084777,Very Low
MRC02632,POS_Retail,Imo,144,1503812.17,0.0486111111111111,0.0030098972,Very Low
MRC00407,POS_Supermarket,Lagos,101,767899.67,0.0495049504950495,0.0029640743,Very Low
MRC00359,Online_Gaming,Rivers,44,141413.13999999998,0.0454545454545454,0.0029626528,Very Low
MRC03580,Online_Ecommerce,Kano,122,4242347.66,0.040983606557377,0.002959398,Very Low
MRC04214,Online_Bills,Lagos,41,501275.21,0.048780487804878,0.0029402731,Very Low
MRC00619,POS_Fashion,Anambra,48,1220535.57,0.0416666666666666,0.0029383376,Very Low
MRC01393,Transfer_P2P,Delta,128,2745998.61,0.046875,0.0028967091,Very Low
MRC04731,Online_Ecommerce,Abuja,43,1312417.65,0.0465116279069767,0.002894373,Very Low
MRC00916,POS_Pharmacy,Enugu,116,687283.91,0.043103448275862,0.002886401,Very Low
MRC00305,POS_Retail,Lagos,186,1862444.2,0.0483870967741935,0.0028786478,Very Low
MRC02393,Online_Ecommerce,Kaduna,44,1610623.78,0.0454545454545454,0.0028384686,Very Low
MRC01358,Online_Ecommerce,Delta,46,1466022.16,0.0217391304347826,0.0028151013,Very Low
MRC01647,POS_Electronics,Lagos,46,4062090.45,0.0434782608695652,0.0028138729,Very Low
MRC04661,Online_Ecommerce,Lagos,51,1771771.54,0.0392156862745098,0.0028137164,Very Low
MRC01943,POS_Retail,Bayelsa,273,2732742.0,0.0476190476190476,0.00281163,Very Low
MRC03185,POS_Fuel,Delta,120,1933547.72,0.05,0.0028054335,Very Low
MRC02053,POS_Retail,Abuja,53,486038.66,0.0377358490566037,0.0028040984,Very Low
MRC03634,POS_Fashion,Bayelsa,41,1031845.95,0.048780487804878,0.002791524,Very Low
MRC03624,POS_Grocery,Ogun,53,403974.84,0.0377358490566037,0.0027911204,Very Low
MRC03121,POS_Retail,Abia,42,532835.04,0.0476190476190476,0.0027904953,Very Low
MRC00569,Online_Bills,Kano,55,692059.36,0.0545454545454545,0.0027630762,Very Low
MRC01227,POS_Retail,Lagos,76,757686.55,0.0526315789473684,0.0027080327,Very Low
MRC01384,POS_Pharmacy,Abuja,42,297485.19,0.0476190476190476,0.0027062278,Very Low
MRC04981,POS_Retail,Kwara,51,590388.82,0.0392156862745098,0.0026803545,Very Low
MRC01876,POS_Electronics,Abuja,86,7047713.98,0.0465116279069767,0.0026394527,Very Low
MRC04790,POS_Retail,Lagos,43,339206.06,0.0465116279069767,0.002635256,Very Low
MRC02831,Online_Ecommerce,Abia,41,1458691.32,0.048780487804878,0.002634122,Very Low
MRC00675,POS_Restaurant,Rivers,283,1337903.43,0.0459363957597173,0.0026335246,Very Low
MRC00797,Transfer_P2P,Rivers,47,844456.55,0.0425531914893617,0.0026160358,Very Low
MRC04134,Online_Travel,Ogun,146,20811912.5,0.047945205479452,0.0025751856,Very Low
MRC04051,POS_Grocery,Kaduna,82,653215.05,0.048780487804878,0.0025453605,Very Low
MRC04477,POS_Grocery,Lagos,52,411641.51,0.0384615384615384,0.002531746,Very Low
MRC03808,Online_Ecommerce,Ogun,60,2405897.18,0.05,0.002509905,Very Low
MRC03603,POS_Grocery,Oyo,82,563350.7,0.0365853658536585,0.0025055872,Very Low
MRC01402,Transfer_Business,Delta,64,15419481.79,0.046875,0.0025054193,Very Low
MRC00096,Transfer_P2P,Lagos,59,1457613.76,0.0508474576271186,0.0024960795,Very Low
MRC03197,POS_Restaurant,Abuja,233,1241814.46,0.0515021459227467,0.0024924467,Very Low
MRC03454,Transfer_P2P,Kwara,43,834150.37,0.0465116279069767,0.0024740538,Very Low
MRC02140,Transfer_P2P,Ogun,57,1084006.71,0.0526315789473684,0.0024484303,Very Low
MRC04496,Online_Travel,Enugu,42,6149587.17,0.0476190476190476,0.0024278031,Very Low
MRC00428,Online_Gaming,Enugu,51,160412.85,0.0392156862745098,0.002426031,Very Low
MRC01866,Transfer_P2P,Abuja,53,1169406.45,0.0377358490566037,0.0024235167,Very Low
MRC04347,Online_Bills,Kaduna,53,575681.93,0.0377358490566037,0.0023950601,Very Low
MRC03275,Transfer_P2P,Enugu,56,1178152.85,0.0535714285714285,0.0023781238,Very Low
MRC02104,POS_Retail,Kano,53,555444.0700000001,0.0377358490566037,0.0023659528,Very Low
MRC02611,Online_Bills,Lagos,43,523264.91,0.0465116279069767,0.0023160218,Very Low
MRC04013,Online_Ecommerce,Oyo,53,1971015.24,0.0377358490566037,0.0023014096,Very Low
MRC00492,Online_Travel,Oyo,47,6422378.79,0.0425531914893617,0.002276176,Very Low
MRC02889,POS_Pharmacy,Abuja,46,267794.36,0.0217391304347826,0.0022465396,Very Low
MRC04654,POS_Grocery,Abuja,71,597752.85,0.0422535211267605,0.002243805,Very Low
MRC00138,POS_Restaurant,Lagos,61,300678.73,0.0491803278688524,0.0022428115,Very Low
MRC01862,Online_Bills,Rivers,48,662612.14,0.0416666666666666,0.0022343476,Very Low
MRC00662,Online_Bills,Rivers,175,2578724.57,0.0514285714285714,0.002208144,Very Low
MRC03875,Transfer_Payroll,Abuja,3562,640918505.63,0.0488489612577203,0.0022040966,Very Low
MRC03993,POS_Retail,Kano,79,783033.6,0.050632911392405,0.0021973953,Very Low
MRC02095,Transfer_Business,Abia,45,12293032.88,0.0444444444444444,0.0021819605,Very Low
MRC00171,Online_Ecommerce,Anambra,47,1655546.02,0.0425531914893617,0.0021780718,Very Low
MRC03468,Online_Travel,Oyo,44,6135938.3,0.0454545454545454,0.0021737071,Very Low
MRC00436,POS_Grocery,Ekiti,42,284455.3,0.0476190476190476,0.002167892,Very Low
MRC02742,Transfer_Business,Lagos,50,12046589.48,0.04,0.0021104359,Very Low
MRC03449,POS_Fashion,Kano,2380,60571372.38,0.0462184873949579,0.0021063106,Very Low
MRC04038,Online_Ecommerce,Rivers,53,1993962.02,0.0377358490566037,0.0020967608,Very Low
MRC03212,Online_Bills,Oyo,70,879185.15,0.0428571428571428,0.002087116,Very Low
MRC03605,Online_Bills,Lagos,184,2258622.34,0.0489130434782608,0.0020759038,Very Low
MRC00820,POS_Grocery,Enugu,119,1046964.34,0.042016806722689,0.0020728882,Very Low
MRC03158,POS_Retail,Lagos,53,632732.0599999999,0.0377358490566037,0.002072327,Very Low
MRC04513,Online_Ecommerce,Abuja,45,1490628.81,0.0444444444444444,0.0020654132,Very Low
MRC03704,Transfer_Payroll,Lagos,100,16666456.02,0.04,0.0020282702,Very Low
MRC00185,Online_Ecommerce,Rivers,46,1608416.98,0.0434782608695652,0.0020220128,Very Low
MRC00235,POS_Restaurant,Oyo,46,203639.69,0.0434782608695652,0.002012853,Very Low
MRC03795,Transfer_P2P,Abuja,49,1107378.6,0.0408163265306122,0.0020076928,Very Low
MRC03124,Online_Ecommerce,Cross River,51,1664415.28,0.0392156862745098,0.0019920014,Very Low
MRC03512,Online_Ecommerce,Oyo,62,2382709.48,0.032258064516129,0.0019826584,Very Low
MRC03081,POS_Retail,Abuja,107,1034172.08,0.0373831775700934,0.0019664003,Very Low
MRC03201,POS_Retail,Lagos,53,548088.43,0.0377358490566037,0.001960061,Very Low
MRC01928,POS_Pharmacy,Lagos,100,576995.83,0.04,0.001958781,Very Low
MRC04892,POS_Grocery,Abuja,83,680086.6900000001,0.0481927710843373,0.0019557832,Very Low
MRC00001,POS_Fuel,Abuja,44,568425.75,0.0454545454545454,0.0019424714,Very Low
MRC04920,Transfer_Payroll,Ekiti,45,8234331.76,0.0444444444444444,0.0019239218,Very Low
MRC01717,Transfer_Business,Kwara,44,9804736.1,0.0454545454545454,0.0018903195,Very Low
MRC03777,Online_Travel,Benue,52,6996707.96,0.0384615384615384,0.0018790299,Very Low
MRC00220,POS_Grocery,Kwara,197,1522262.25,0.0456852791878172,0.0018751365,Very Low
MRC01990,POS_Retail,Lagos,46,417978.17,0.0434782608695652,0.0018650256,Very Low
MRC00790,POS_Retail,Enugu,69,679850.22,0.0434782608695652,0.0018521971,Very Low
MRC03445,Online_Bills,Lagos,93,1039648.66,0.043010752688172,0.0018500604,Very Low
MRC00978,POS_Retail,Ogun,355,3301074.99,0.0478873239436619,0.0018339517,Very Low
MRC00324,POS_Fuel,Rivers,46,701346.97,0.0434782608695652,0.0018326071,Very Low
MRC00853,POS_Restaurant,Benue,64,287084.02,0.046875,0.001831484,Very Low
MRC02759,POS_Fashion,Edo,45,1066458.8,0.0444444444444444,0.001828848,Very Low
MRC00450,POS_Grocery,Cross River,130,971310.84,0.0461538461538461,0.0018240936,Very Low
MRC00812,POS_Electronics,Kano,96,8270187.3,0.0520833333333333,0.0018181829,Very Low
MRC02489,POS_Fuel,Abia,65,1007358.22,0.0461538461538461,0.0018129047,Very Low
MRC01031,Transfer_Business,Rivers,53,12559737.26,0.0377358490566037,0.0018119455,Very Low
MRC00178,POS_Supermarket,Rivers,120,952819.66,0.0416666666666666,0.0018118541,Very Low
MRC00895,POS_Retail,Abuja,51,483733.79,0.0392156862745098,0.0018025485,Very Low
MRC00580,POS_Fuel,Kano,49,707818.59,0.0408163265306122,0.0018005694,Very Low
MRC04303,Online_Ecommerce,Delta,81,2841742.5,0.037037037037037,0.0017959356,Very Low
MRC03361,Online_Ecommerce,Ogun,151,5738577.1,0.0463576158940397,0.0017869335,Very Low
MRC01914,POS_Grocery,Kaduna,49,410148.07,0.0408163265306122,0.0017824135,Very Low
MRC02636,POS_Grocery,Abuja,51,433675.31,0.0392156862745098,0.0017785897,Very Low
MRC04434,Online_Bills,Kaduna,57,727187.53,0.0526315789473684,0.0017785702,Very Low
MRC04270,Online_Ecommerce,Kano,51,1943453.02,0.0392156862745098,0.0017755562,Very Low
MRC00025,Online_Travel,Rivers,79,11070385.42,0.0379746835443038,0.001768334,Very Low
MRC00810,POS_Electronics,Abuja,62,5356021.64,0.0483870967741935,0.001767145,Very Low
MRC01731,POS_Electronics,Bayelsa,42,3450118.5,0.0476190476190476,0.0017510876,Very Low
MRC02970,Online_Ecommerce,Abia,70,2568724.81,0.0428571428571428,0.0017442253,Very Low
MRC00932,Transfer_Business,Ekiti,53,14214586.23,0.0377358490566037,0.0017354037,Very Low
MRC00296,POS_Fashion,Oyo,78,1896597.3,0.0512820512820512,0.0017271173,Very Low
MRC01407,POS_Restaurant,Benue,51,232783.45,0.0392156862745098,0.0017139617,Very Low
MRC01552,POS_Electronics,Abia,45,4005795.01,0.0444444444444444,0.0017126658,Very Low
MRC03726,POS_Fuel,Edo,47,620443.31,0.0425531914893617,0.0017108364,Very Low
MRC04253,POS_Grocery,Lagos,52,358589.3,0.0384615384615384,0.00168157,Very Low
MRC03876,Online_Ecommerce,Delta,190,6545757.19,0.0473684210526315,0.0016665863,Very Low
MRC02715,POS_Retail,Kano,60,679919.25,0.0333333333333333,0.0016661959,Very Low
MRC01259,Transfer_P2P,Lagos,53,1300561.04,0.0377358490566037,0.0016660049,Very Low
MRC01648,POS_Fashion,Osun,53,1395258.09,0.0377358490566037,0.0016628947,Very Low
MRC03670,POS_Electronics,Lagos,50,4642903.21,0.04,0.0016619911,Very Low
MRC02261,POS_Grocery,Lagos,51,392349.31,0.0392156862745098,0.0016347116,Very Low
MRC04118,POS_Restaurant,Abuja,42,242481.46,0.0476190476190476,0.0016308235,Very Low
MRC00156,POS_Electronics,Kaduna,51,3749433.45,0.0392156862745098,0.0016273817,Very Low
MRC02766,POS_Restaurant,Rivers,115,649481.36,0.0521739130434782,0.0016140031,Very Low
MRC02642,POS_Fuel,Abuja,47,739863.16,0.0425531914893617,0.0016038785,Very Low
MRC00261,Online_Bills,Oyo,52,664344.17,0.0384615384615384,0.0016004407,Very Low
MRC04108,Online_Ecommerce,Lagos,47,2072890.98,0.0425531914893617,0.0015958059,Very Low
MRC03734,Transfer_P2P,Abuja,48,877174.23,0.0416666666666666,0.0015635466,Very Low
MRC04174,POS_Pharmacy,Lagos,43,272527.78,0.0465116279069767,0.0015594104,Very Low
MRC02155,Online_Bills,Lagos,45,544411.51,0.0444444444444444,0.0015447881,Very Low
MRC02314,Online_Ecommerce,Lagos,44,1576535.08,0.0454545454545454,0.0015400978,Very Low
MRC00612,POS_Grocery,Enugu,44,343752.51,0.0454545454545454,0.0015352733,Very Low
MRC01527,Online_Ecommerce,Kaduna,43,1309947.85,0.0465116279069767,0.0015300886,Very Low
MRC02921,Online_Ecommerce,Abuja,88,2970538.18,0.0454545454545454,0.0015096363,Very Low
MRC01184,Transfer_Business,Ekiti,70,19038447.77,0.0428571428571428,0.0014987248,Very Low
MRC04703,Transfer_P2P,Lagos,45,979437.92,0.0444444444444444,0.0014943179,Very Low
MRC03784,Transfer_Business,Rivers,280,71254773.92,0.0464285714285714,0.0014894514,Very Low
MRC03735,POS_Retail,Rivers,43,380320.99,0.0465116279069767,0.0014881308,Very Low
MRC02861,POS_Retail,Ogun,114,1214788.55,0.0526315789473684,0.0014839809,Very Low
MRC04103,Online_Ecommerce,Lagos,65,2121202.54,0.0307692307692307,0.0014761693,Very Low
MRC00379,POS_Supermarket,Enugu,52,432360.7,0.0384615384615384,0.0014542872,Very Low
MRC01738,POS_Grocery,Abuja,51,418680.74,0.0392156862745098,0.0014512112,Very Low
MRC03051,POS_Grocery,Lagos,92,798267.03,0.0434782608695652,0.0014505065,Very Low
MRC00769,Transfer_P2P,Oyo,170,3368166.61,0.0470588235294117,0.0014485512,Very Low
MRC02318,Online_Bills,Rivers,88,1077769.53,0.0454545454545454,0.001447954,Very Low
MRC01348,Transfer_P2P,Abuja,68,1391050.94,0.0441176470588235,0.0014477927,Very Low
MRC04056,Online_Bills,Lagos,53,666794.69,0.0377358490566037,0.0014396118,Very Low
MRC04152,POS_Grocery,Abuja,47,415264.98,0.0425531914893617,0.0014391697,Very Low
MRC03565,Transfer_Business,Rivers,101,24600566.07,0.0396039603960396,0.0014280173,Very Low
MRC01329,Online_Bills,Enugu,43,449070.08,0.0465116279069767,0.0014237068,Very Low
MRC01451,POS_Supermarket,Abia,46,409550.21,0.0434782608695652,0.001422055,Very Low
MRC03627,POS_Retail,Anambra,93,977367.19,0.053763440860215,0.001418649,Very Low
MRC03566,Transfer_Business,Ogun,52,13161350.87,0.0384615384615384,0.0014038928,Very Low
MRC02788,Transfer_Business,Enugu,52,14120425.59,0.0384615384615384,0.0013982354,Very Low
MRC00256,Transfer_P2P,Lagos,85,1675392.85,0.0470588235294117,0.0013974892,Very Low
MRC00780,POS_Supermarket,Delta,49,402696.2,0.0408163265306122,0.0013912899,Very Low
MRC01969,Transfer_P2P,Lagos,45,889166.72,0.0444444444444444,0.0013900719,Very Low
MRC00918,POS_Grocery,Ogun,44,329029.24,0.0454545454545454,0.0013814061,Very Low
MRC03306,Online_Ecommerce,Kaduna,54,1670928.06,0.037037037037037,0.0013800589,Very Low
MRC02246,Transfer_P2P,Bayelsa,283,5521974.13,0.0459363957597173,0.0013720504,Very Low
MRC00277,Online_Ecommerce,Abuja,662,23481764.7,0.0483383685800604,0.0013697409,Very Low
MRC03409,Online_Travel,Benue,49,7350212.25,0.0408163265306122,0.0013396274,Very Low
MRC03146,Transfer_P2P,Oyo,52,1157439.43,0.0384615384615384,0.0013175431,Very Low
MRC00950,Transfer_P2P,Benue,78,1576548.75,0.0384615384615384,0.0013108873,Very Low
MRC01546,POS_Grocery,Oyo,77,703294.78,0.0389610389610389,0.0012941782,Very Low
MRC03961,POS_Retail,Rivers,50,460386.26,0.04,0.0012894984,Very Low
MRC00644,Transfer_P2P,Delta,103,2251300.28,0.0388349514563106,0.0012820227,Very Low
MRC02649,POS_Pharmacy,Delta,50,320174.66000000003,0.04,0.0012788208,Very Low
MRC03216,POS_Restaurant,Kaduna,48,300294.47,0.0416666666666666,0.0012477855,Very Low
MRC04443,Online_Ecommerce,Lagos,48,1454980.92,0.0416666666666666,0.0012452999,Very Low
MRC00798,POS_Retail,Lagos,122,1154162.07,0.040983606557377,0.0012421422,Very Low
MRC01607,POS_Grocery,Benue,56,401258.37,0.0535714285714285,0.0012235863,Very Low
MRC03023,POS_Pharmacy,Kaduna,149,866275.07,0.046979865771812,0.0012184381,Very Low
MRC04855,POS_Pharmacy,Kano,72,471214.54,0.0416666666666666,0.0012143563,Very Low
MRC01693,POS_Retail,Plateau,57,613489.91,0.0526315789473684,0.0012128466,Very Low
MRC02185,Transfer_Business,Benue,331,88145187.98,0.0513595166163142,0.0012125751,Very Low
MRC03896,Online_Bills,Lagos,44,502181.29,0.0454545454545454,0.0012042834,Very Low
MRC01627,POS_Fashion,Lagos,43,1148704.08,0.0465116279069767,0.0012017367,Very Low
MRC03949,Transfer_P2P,Lagos,173,3568713.61,0.0462427745664739,0.0011943175,Very Low
MRC00768,Online_Ecommerce,Oyo,100,4192468.87,0.05,0.001194309,Very Low
MRC01675,Online_Gaming,Delta,57,175739.3,0.0526315789473684,0.001188665,Very Low
MRC00334,POS_Electronics,Enugu,43,3974817.79,0.0465116279069767,0.0011761246,Very Low
MRC03745,POS_Retail,Lagos,310,3229192.13,0.0451612903225806,0.0011723528,Very Low
MRC01273,POS_Retail,Anambra,50,501331.34,0.04,0.0011718823,Very Low
MRC00393,Transfer_P2P,Abuja,45,854593.42,0.0444444444444444,0.0011504705,Very Low
MRC00187,POS_Fashion,Lagos,45,1148708.73,0.0444444444444444,0.0011483217,Very Low
MRC01537,POS_Retail,Abuja,157,1697483.41,0.0445859872611464,0.0011472327,Very Low
MRC01163,Transfer_Business,Kaduna,47,11781270.56,0.0425531914893617,0.00114099,Very Low
MRC01146,POS_Retail,Osun,70,674379.12,0.0428571428571428,0.0011300817,Very Low
MRC02934,Transfer_Payroll,Delta,44,8056063.59,0.0454545454545454,0.0011219836,Very Low
MRC02920,POS_Pharmacy,Oyo,46,269493.58,0.0434782608695652,0.001114994,Very Low
MRC01442,POS_Retail,Rivers,94,934442.81,0.0425531914893617,0.0011071012,Very Low
MRC03654,POS_Grocery,Delta,48,419555.19,0.0416666666666666,0.0010990341,Very Low
MRC01498,Transfer_P2P,Kaduna,47,1000162.14,0.0425531914893617,0.0010989739,Very Low
MRC01801,POS_Restaurant,Lagos,86,467323.57,0.0465116279069767,0.0010966512,Very Low
MRC02908,POS_Fuel,Lagos,49,798929.24,0.0408163265306122,0.0010958497,Very Low
MRC00636,Online_Ecommerce,Abuja,47,1592513.49,0.0425531914893617,0.0010936982,Very Low
MRC04522,POS_Grocery,Kaduna,44,337886.86,0.0454545454545454,0.0010850934,Very Low
MRC00627,Online_Bills,Imo,49,576105.86,0.0408163265306122,0.0010756191,Very Low
MRC04642,POS_Supermarket,Lagos,70,634525.5599999999,0.0428571428571428,0.0010755131,Very Low
MRC01553,Transfer_P2P,Delta,43,788988.21,0.0465116279069767,0.0010725545,Very Low
MRC03763,Transfer_Business,Lagos,59,15519509.47,0.0508474576271186,0.001064381,Very Low
MRC02128,Transfer_P2P,Oyo,183,3714357.94,0.0437158469945355,0.0010580549,Very Low
MRC00100,POS_Fashion,Enugu,43,954084.87,0.0465116279069767,0.0010558642,Very Low
MRC02621,POS_Retail,Lagos,302,3109752.79,0.0529801324503311,0.001054908,Very Low
MRC00143,Online_Bills,Rivers,104,1261099.3,0.0384615384615384,0.0010521484,Very Low
MRC02002,Transfer_Business,Lagos,63,16799394.87,0.0476190476190476,0.001019275,Very Low
MRC00151,POS_Pharmacy,Rivers,51,322437.3,0.0392156862745098,0.0010175727,Very Low
MRC02071,POS_Fashion,Edo,50,1255802.01,0.04,0.0010169138,Very Low
MRC03922,Transfer_Business,Kaduna,43,10945986.49,0.0465116279069767,0.0010148257,Very Low
MRC01809,POS_Electronics,Delta,52,4632638.45,0.0384615384615384,0.0010109431,Very Low
MRC04007,Online_Ecommerce,Oyo,108,3863474.54,0.0462962962962962,0.001004982,Very Low
MRC02166,Online_Gaming,Ogun,59,173847.48,0.0508474576271186,0.0010022087,Very Low
MRC02873,POS_Fuel,Kano,47,816536.35,0.0425531914893617,0.000999277,Very Low
MRC04789,POS_Restaurant,Kaduna,49,243179.7,0.0408163265306122,0.0009987478,Very Low
MRC03031,POS_Fuel,Abuja,64,1012938.5,0.046875,0.0009892733,Very Low
MRC01316,Online_Bills,Lagos,96,1246993.97,0.0520833333333333,0.0009840524,Very Low
MRC01957,POS_Retail,Kano,45,444115.61,0.0444444444444444,0.00097446155,Very Low
MRC04733,Online_Ecommerce,Imo,49,1636455.14,0.0408163265306122,0.0009736773,Very Low
MRC04230,POS_Fuel,Oyo,49,651407.62,0.0408163265306122,0.0009649327,Very Low
MRC01361,POS_Retail,Kano,59,624405.44,0.0508474576271186,0.0009543648,Very Low
MRC00703,Transfer_P2P,Enugu,52,927147.05,0.0384615384615384,0.00095329736,Very Low
MRC03662,POS_Pharmacy,Oyo,73,437828.99,0.0410958904109589,0.00093700655,Very Low
MRC04922,POS_Restaurant,Lagos,94,465822.45,0.0425531914893617,0.0009230487,Very Low
MRC01046,POS_Retail,Abuja,243,2700859.41,0.0452674897119341,0.00091885176,Very Low
MRC04871,Online_Ecommerce,Oyo,49,1786686.69,0.0408163265306122,0.0009160898,Very Low
MRC00064,POS_Grocery,Rivers,51,443883.96,0.0392156862745098,0.000906118,Very Low
MRC00726,Transfer_Business,Rivers,86,22848660.78,0.0348837209302325,0.00089750096,Very Low
MRC02965,POS_Fashion,Ogun,81,2134043.61,0.037037037037037,0.00089081813,Very Low
MRC04107,Transfer_P2P,Lagos,49,909598.25,0.0408163265306122,0.0008845432,Very Low
MRC04989,POS_Fashion,Ogun,322,8473657.14,0.046583850931677,0.0008738675,Very Low
MRC04486,POS_Supermarket,Rivers,53,435660.93,0.0377358490566037,0.00087310805,Very Low
MRC02495,POS_Grocery,Imo,201,1573503.9,0.044776119402985,0.00087265234,Very Low
MRC04229,Transfer_P2P,Rivers,152,2699918.69,0.0460526315789473,0.00086704775,Very Low
MRC01791,POS_Pharmacy,Lagos,64,405964.1,0.046875,0.0008596432,Very Low
MRC01996,POS_Restaurant,Abuja,49,222399.15,0.0408163265306122,0.0008592096,Very Low
MRC04818,Transfer_P2P,Ekiti,2652,55266968.55,0.0452488687782805,0.00085502554,Very Low
MRC02103,POS_Retail,Anambra,53,579708.5599999999,0.0377358490566037,0.0008492735,Very Low
MRC00411,POS_Retail,Oyo,53,496597.42,0.0377358490566037,0.00083291554,Very Low
MRC04629,POS_Grocery,Abuja,44,371339.58,0.0454545454545454,0.0008184268,Very Low
MRC03036,Online_Bills,Imo,431,5189018.4,0.0487238979118329,0.00081552257,Very Low
MRC03187,POS_Electronics,Lagos,71,5864922.37,0.0422535211267605,0.00081388996,Very Low
MRC01998,Transfer_P2P,Ogun,59,1219634.37,0.0508474576271186,0.00080969965,Very Low
MRC04581,Online_Ecommerce,Lagos,253,8838137.45,0.0434782608695652,0.00080858276,Very Low
MRC00858,POS_Restaurant,Kwara,51,237960.98,0.0392156862745098,0.0008079993,Very Low
MRC01536,POS_Retail,Kano,62,680437.21,0.032258064516129,0.0008078218,Very Low
MRC01619,POS_Fashion,Delta,53,1431205.01,0.0377358490566037,0.0008038393,Very Low
MRC00635,POS_Grocery,Kaduna,43,323793.06,0.0465116279069767,0.00080169045,Very Low
MRC03577,POS_Pharmacy,Benue,50,298612.97,0.04,0.00080125517,Very Low
MRC00578,POS_Retail,Lagos,299,3220582.51,0.0434782608695652,0.00079341035,Very Low
MRC04428,Online_Gaming,Kaduna,52,155746.11,0.0384615384615384,0.00078134786,Very Low
MRC02516,POS_Electronics,Abuja,124,10593162.65,0.0403225806451612,0.0007668871,Very Low
MRC01745,Transfer_Payroll,Enugu,46,8250429.149999999,0.0434782608695652,0.0007656545,Very Low
MRC04224,Transfer_Payroll,Enugu,89,15715634.15,0.0449438202247191,0.00075882586,Very Low
MRC02458,Transfer_Business,Lagos,73,18609383.9,0.0410958904109589,0.0007543895,Very Low
MRC04567,Transfer_Business,Edo,63,17401345.7,0.0317460317460317,0.0007502103,Very Low
MRC01764,Online_Bills,Lagos,42,400236.17,0.0238095238095238,0.00074940216,Very Low
MRC03234,Transfer_Business,Rivers,45,10992321.79,0.0444444444444444,0.0007430373,Very Low
MRC00105,Transfer_P2P,Lagos,306,6213980.73,0.0457516339869281,0.00074126245,Very Low
MRC01645,Transfer_P2P,Lagos,57,949983.59,0.0350877192982456,0.00073421694,Very Low
MRC04802,Online_Travel,Osun,49,7381184.8,0.0408163265306122,0.00073109777,Very Low
MRC04896,POS_Grocery,Abuja,51,366788.09,0.0392156862745098,0.0007171049,Very Low
MRC04354,POS_Grocery,Abuja,64,556037.58,0.03125,0.0007081783,Very Low
MRC02701,Transfer_P2P,Lagos,217,4530739.42,0.0460829493087557,0.0006931825,Very Low
MRC02874,Online_Bills,Plateau,52,666833.97,0.0384615384615384,0.0006922164,Very Low
MRC02416,Online_Bills,Osun,51,577616.54,0.0392156862745098,0.0006864694,Very Low
MRC01678,Online_Ecommerce,Kano,56,2132069.58,0.0357142857142857,0.0006857158,Very Low
MRC00507,POS_Restaurant,Lagos,279,1346283.27,0.046594982078853,0.0006750977,Very Low
MRC04454,Transfer_P2P,Abia,87,1916564.96,0.0344827586206896,0.0006733089,Very Low
MRC00175,POS_Fuel,Abuja,52,907750.64,0.0384615384615384,0.0006693326,Very Low
MRC01493,Online_Ecommerce,Lagos,89,3194834.52,0.0337078651685393,0.0006463209,Very Low
MRC03446,Transfer_P2P,Benue,47,811424.73,0.0425531914893617,0.0006460632,Very Low
MRC01472,POS_Grocery,Lagos,46,409151.27,0.0434782608695652,0.00064020563,Very Low
MRC00188,POS_Electronics,Anambra,99,9088191.79,0.0303030303030303,0.00063658727,Very Low
MRC00033,Online_Travel,Imo,51,6959933.76,0.0392156862745098,0.0006283955,Very Low
MRC01230,POS_Retail,Oyo,52,565493.09,0.0384615384615384,0.0006261345,Very Low
MRC01576,Online_Bills,Abuja,619,7617734.88,0.0500807754442649,0.000618215,Very Low
MRC03232,POS_Electronics,Enugu,79,6570772.15,0.0379746835443038,0.0006155784,Very Low
MRC01930,POS_Restaurant,Lagos,53,271274.03,0.0377358490566037,0.00061448687,Very Low
MRC03943,POS_Restaurant,Bayelsa,58,272407.07,0.0517241379310344,0.0006002397,Very Low
MRC00403,Transfer_Payroll,Benue,47,8882928.56,0.0425531914893617,0.00059658545,Very Low
MRC00210,Transfer_Business,Enugu,49,11971165.44,0.0408163265306122,0.0005910272,Very Low
MRC01436,POS_Grocery,Abuja,51,430091.23,0.0392156862745098,0.00058371754,Very Low
MRC04390,Online_Ecommerce,Lagos,64,2351750.99,0.03125,0.00058332906,Very Low
MRC00077,Online_Bills,Lagos,49,644215.21,0.0408163265306122,0.00057804905,Very Low
MRC03093,Transfer_P2P,Kano,292,6067291.32,0.0410958904109589,0.0005735171,Very Low
MRC03598,POS_Grocery,Rivers,45,319396.26,0.0444444444444444,0.000567489,Very Low
MRC04309,POS_Restaurant,Lagos,45,203241.76,0.0444444444444444,0.00056662806,Very Low
MRC01341,Online_Bills,Lagos,108,1374127.28,0.0462962962962962,0.00056472776,Very Low
MRC02752,Online_Bills,Kano,51,633322.11,0.0392156862745098,0.0005645106,Very Low
MRC04780,Online_Ecommerce,Rivers,73,2849202.58,0.0410958904109589,0.00056291564,Very Low
MRC03801,POS_Pharmacy,Rivers,90,552748.12,0.0444444444444444,0.0005596784,Very Low
MRC01823,Transfer_P2P,Lagos,152,3036877.06,0.0460526315789473,0.00055739033,Very Low
MRC03469,Online_Bills,Lagos,86,1125363.53,0.0348837209302325,0.0005542012,Very Low
MRC04941,Online_Ecommerce,Abia,94,3319897.78,0.0425531914893617,0.00054466317,Very Low
MRC02902,POS_Fashion,Enugu,108,2803219.63,0.037037037037037,0.00054455857,Very Low
MRC02836,Online_Ecommerce,Oyo,105,3927835.86,0.0380952380952381,0.0005443632,Very Low
MRC02645,Transfer_Business,Cross River,53,13067770.64,0.0377358490566037,0.00054205966,Very Low
MRC00027,POS_Retail,Abuja,46,489120.54,0.0434782608695652,0.0005405059,Very Low
MRC00767,POS_Fashion,Anambra,53,1329713.6,0.0377358490566037,0.00053937914,Very Low
MRC01476,POS_Restaurant,Lagos,61,298445.54,0.0327868852459016,0.00053846935,Very Low
MRC04316,Transfer_Payroll,Benue,62,11339930.89,0.032258064516129,0.0005293687,Very Low
MRC03349,POS_Retail,Rivers,46,502987.0,0.0217391304347826,0.00052740553,Very Low
MRC02493,Transfer_Payroll,Enugu,61,10380539.05,0.0491803278688524,0.0005213229,Very Low
MRC02959,POS_Fashion,Lagos,86,2031031.92,0.0348837209302325,0.00052066613,Very Low
MRC03990,Transfer_Business,Kano,91,24789312.91,0.0439560439560439,0.0005114007,Very Low
MRC00610,POS_Supermarket,Kwara,79,669214.77,0.0379746835443038,0.00050778996,Very Low
MRC03289,Online_Bills,Delta,51,736289.79,0.0392156862745098,0.0005001513,Very Low
MRC02557,POS_Grocery,Lagos,61,485949.53,0.0491803278688524,0.0004994313,Very Low
MRC02454,POS_Retail,Abuja,78,817547.96,0.0512820512820512,0.00048531496,Very Low
MRC00253,POS_Grocery,Abia,56,481964.25,0.0357142857142857,0.00048415127,Very Low
MRC00628,Transfer_Business,Kano,58,17531526.47,0.0344827586206896,0.00048293077,Very Low
MRC03045,POS_Restaurant,Lagos,117,598675.67,0.0427350427350427,0.0004817124,Very Low
MRC00989,POS_Grocery,Kano,46,366817.62,0.0434782608695652,0.00048112756,Very Low
MRC04680,POS_Retail,Oyo,53,507203.36,0.0377358490566037,0.00048070695,Very Low
MRC03075,POS_Electronics,Cross River,55,5102506.32,0.0363636363636363,0.00047755786,Very Low
MRC03581,Online_Gaming,Anambra,65,200282.24,0.0307692307692307,0.00046991106,Very Low
MRC04585,POS_Grocery,Lagos,76,580484.29,0.0394736842105263,0.0004685469,Very Low
MRC01226,Online_Bills,Kano,139,1763050.45,0.0431654676258992,0.0004674608,Very Low
MRC02663,POS_Grocery,Lagos,42,376810.57,0.0238095238095238,0.00046209298,Very Low
MRC02521,POS_Electronics,Oyo,231,19559806.27,0.0432900432900432,0.00046183498,Very Low
MRC04747,POS_Restaurant,Rivers,69,343827.46,0.0289855072463768,0.0004550148,Very Low
MRC00203,POS_Restaurant,Lagos,147,697139.65,0.0476190476190476,0.00045368276,Very Low
MRC02036,POS_Fashion,Lagos,72,1882902.11,0.0416666666666666,0.00044355108,Very Low
MRC02711,Online_Bills,Lagos,67,805820.41,0.0298507462686567,0.0004434961,Very Low
MRC02880,POS_Grocery,Imo,59,472119.4,0.0338983050847457,0.00044245817,Very Low
MRC01040,Online_Bills,Abuja,211,2492996.46,0.0426540284360189,0.00044193887,Very Low
MRC04336,Transfer_Payroll,Anambra,97,17681529.3,0.0412371134020618,0.0004376908,Very Low
MRC02792,POS_Supermarket,Kwara,48,418838.99,0.0416666666666666,0.00043128888,Very Low
MRC02423,POS_Restaurant,Lagos,56,289186.47,0.0357142857142857,0.0004309757,Very Low
MRC00577,POS_Fashion,Edo,48,1301806.49,0.0416666666666666,0.00042720014,Very Low
MRC00471,Transfer_P2P,Enugu,345,6758660.19,0.0434782608695652,0.00041905843,Very Low
MRC04323,POS_Retail,Abuja,51,534815.59,0.0392156862745098,0.00041742675,Very Low
MRC03337,POS_Grocery,Ogun,62,483813.9,0.032258064516129,0.00041197686,Very Low
MRC03523,POS_Grocery,Benue,43,302326.86,0.0465116279069767,0.00041019206,Very Low
MRC01954,Transfer_Business,Abuja,112,28611689.89,0.0446428571428571,0.00040762266,Very Low
MRC00734,Online_Ecommerce,Abuja,60,2270885.89,0.0333333333333333,0.00039732407,Very Low
MRC03885,POS_Restaurant,Delta,54,261679.85,0.037037037037037,0.00039034442,Very Low
MRC00621,Online_Ecommerce,Imo,80,2788940.88,0.0375,0.00038755426,Very Low
MRC03017,Online_Ecommerce,Lagos,148,4876227.72,0.0405405405405405,0.0003818237,Very Low
MRC00984,POS_Pharmacy,Lagos,114,652972.08,0.043859649122807,0.00038064475,Very Low
MRC00311,POS_Restaurant,Abuja,211,1076730.47,0.0473933649289099,0.00037838242,Very Low
MRC02415,POS_Pharmacy,Rivers,76,455749.67,0.0263157894736842,0.00037726783,Very Low
MRC03860,Transfer_Business,Enugu,341,84042559.38,0.0439882697947214,0.00036469154,Very Low
MRC04338,POS_Fuel,Lagos,69,1092829.84,0.0289855072463768,0.00036154094,Very Low
MRC04848,Online_Ecommerce,Lagos,61,2188149.41,0.0327868852459016,0.00035374553,Very Low
MRC03554,POS_Retail,Kano,68,645236.02,0.0294117647058823,0.00035267655,Very Low
MRC00134,POS_Grocery,Lagos,71,528897.34,0.028169014084507,0.00034087102,Very Low
MRC03975,POS_Retail,Ogun,62,614943.07,0.032258064516129,0.0003375262,Very Low
MRC03971,POS_Restaurant,Benue,83,475764.88,0.036144578313253,0.000337207,Very Low
MRC03166,Transfer_P2P,Abia,74,1436475.51,0.0405405405405405,0.00033557,Very Low
MRC00354,POS_Retail,Lagos,49,455683.53,0.0204081632653061,0.0003344772,Very Low
MRC01160,POS_Restaurant,Ogun,46,253892.53,0.0217391304347826,0.00033166385,Very Low
MRC00623,Transfer_P2P,Rivers,73,1592443.93,0.0410958904109589,0.0003295653,Very Low
MRC04809,POS_Grocery,Lagos,92,779755.29,0.0434782608695652,0.0003213719,Very Low
MRC00218,POS_Electronics,Lagos,73,6024959.44,0.0410958904109589,0.00032119395,Very Low
MRC01391,POS_Restaurant,Delta,57,284761.34,0.0350877192982456,0.00031991742,Very Low
MRC00242,Transfer_Business,Kano,105,26651009.6,0.0380952380952381,0.00031974268,Very Low
MRC00941,Transfer_Business,Delta,117,32885146.63,0.0341880341880341,0.00031920025,Very Low
MRC02107,POS_Fuel,Lagos,104,1548560.21,0.0384615384615384,0.00031847498,Very Low
MRC02504,POS_Grocery,Kano,101,787430.99,0.0396039603960396,0.00031831622,Very Low
MRC01827,POS_Restaurant,Oyo,53,310040.08,0.0377358490566037,0.0003124591,Very Low
MRC01142,POS_Fuel,Lagos,110,1711428.34,0.0454545454545454,0.00030838777,Very Low
MRC02052,Online_Ecommerce,Kaduna,67,2087878.65,0.0298507462686567,0.00030829897,Very Low
MRC02410,Transfer_Payroll,Lagos,68,11717564.04,0.0294117647058823,0.0003080131,Very Low
MRC00475,Transfer_P2P,Abuja,76,1697934.67,0.0394736842105263,0.00030778124,Very Low
MRC01702,POS_Retail,Rivers,93,965320.73,0.043010752688172,0.0003076712,Very Low
MRC01565,Online_Ecommerce,Delta,90,3257066.35,0.0444444444444444,0.0003074161,Very Low
MRC01956,POS_Retail,Delta,84,911369.03,0.0357142857142857,0.00030714602,Very Low
MRC00600,Transfer_P2P,Kano,61,1253493.77,0.0327868852459016,0.00030437988,Very Low
MRC01637,POS_Pharmacy,Kwara,81,504816.71,0.037037037037037,0.00030426183,Very Low
MRC01025,Online_Ecommerce,Lagos,131,4815451.28,0.0381679389312977,0.00030370307,Very Low
MRC03437,POS_Grocery,Benue,121,937103.26,0.0413223140495867,0.0002988908,Very Low
MRC04646,POS_Fuel,Lagos,717,10883930.64,0.0446304044630404,0.00029856642,Very Low
MRC01724,Online_Ecommerce,Lagos,43,1521554.96,0.0232558139534883,0.000298454,Very Low
MRC01087,Transfer_P2P,Abia,91,1932847.64,0.0439560439560439,0.0002916822,Very Low
MRC04657,POS_Grocery,Lagos,97,705385.76,0.0412371134020618,0.00028917522,Very Low
MRC02332,POS_Fuel,Oyo,75,1211567.22,0.04,0.00028839245,Very Low
MRC00801,POS_Retail,Oyo,85,909719.28,0.0352941176470588,0.00028575186,Very Low
MRC03646,POS_Supermarket,Abuja,41,307237.25,0.048780487804878,0.00028510447,Very Low
MRC04262,Transfer_P2P,Cross River,69,1474405.98,0.0144927536231884,0.00028436392,Very Low
MRC01570,POS_Restaurant,Abia,225,1220821.18,0.0444444444444444,0.0002810444,Very Low
MRC02402,Online_Ecommerce,Imo,184,6810934.14,0.0434782608695652,0.0002806369,Very Low
MRC04237,POS_Restaurant,Enugu,136,651585.55,0.0367647058823529,0.00027824895,Very Low
MRC04320,Online_Ecommerce,Delta,67,2280119.86,0.0298507462686567,0.00027774138,Very Low
MRC00831,Online_Bills,Ekiti,1503,18300645.92,0.0472388556220891,0.0002720332,Very Low
MRC00300,POS_Fuel,Oyo,146,2304591.21,0.047945205479452,0.00027087348,Very Low
MRC03722,POS_Pharmacy,Lagos,46,313881.6,0.0434782608695652,0.00026754022,Very Low
MRC04267,POS_Retail,Lagos,108,1142545.85,0.037037037037037,0.00026566052,Very Low
MRC02224,POS_Electronics,Lagos,53,4291096.31,0.0377358490566037,0.000263343,Very Low
MRC01636,POS_Fashion,Abuja,63,1668205.92,0.0317460317460317,0.00026240788,Very Low
MRC01562,POS_Electronics,Osun,257,23001041.14,0.0428015564202334,0.00025791567,Very Low
MRC02749,Transfer_P2P,Cross River,73,1411120.49,0.0410958904109589,0.0002544789,Very Low
MRC00776,Online_Ecommerce,Lagos,476,17177891.47,0.0441176470588235,0.00025214272,Very Low
MRC04845,POS_Pharmacy,Oyo,60,350566.54,0.0333333333333333,0.0002483326,Very Low
MRC00553,Online_Ecommerce,Anambra,52,1971192.27,0.0192307692307692,0.00024362416,Very Low
MRC02086,Transfer_P2P,Oyo,86,1727460.55,0.0348837209302325,0.00023506454,Very Low
MRC04439,Online_Ecommerce,Lagos,122,4520028.84,0.040983606557377,0.00023229537,Very Low
MRC02335,POS_Fuel,Rivers,61,903787.12,0.0327868852459016,0.00023023876,Very Low
MRC00361,Transfer_Business,Oyo,69,16452934.87,0.0289855072463768,0.00022906883,Very Low
MRC01168,POS_Restaurant,Rivers,109,522228.68,0.0458715596330275,0.00022771847,Very Low
MRC01940,Transfer_P2P,Lagos,84,1807622.2,0.0357142857142857,0.00022760584,Very Low
MRC02509,POS_Electronics,Edo,97,7878751.37,0.0412371134020618,0.00022673553,Very Low
MRC03543,POS_Supermarket,Abuja,45,329619.46,0.0222222222222222,0.00022648618,Very Low
MRC02807,Online_Bills,Lagos,97,1105767.99,0.0412371134020618,0.00022587914,Very Low
MRC04458,POS_Pharmacy,Benue,218,1346966.18,0.0458715596330275,0.00022381249,Very Low
MRC00295,POS_Retail,Abia,215,2076224.76,0.0372093023255813,0.00022370262,Very Low
MRC04357,POS_Retail,Bayelsa,100,914605.03,0.04,0.00022030115,Very Low
MRC03102,POS_Supermarket,Lagos,215,1747695.39,0.0465116279069767,0.00022000603,Very Low
MRC02057,POS_Retail,Ogun,230,2107205.27,0.0434782608695652,0.00021598443,Very Low
MRC00717,Transfer_Payroll,Abuja,67,11967509.1,0.0298507462686567,0.00021351976,Very Low
MRC03105,Transfer_Business,Benue,191,49950622.94,0.0418848167539267,0.00021300877,Very Low
MRC01101,POS_Retail,Lagos,70,668695.54,0.0285714285714285,0.00021235073,Very Low
MRC04275,Online_Bills,Abuja,65,806081.96,0.0307692307692307,0.00021212609,Very Low
MRC04516,POS_Restaurant,Ogun,617,3058754.56,0.0437601296596434,0.00021212024,Very Low
MRC02222,Online_Bills,Kano,50,633278.4400000001,0.02,0.00021204662,Very Low
MRC02529,Online_Gaming,Kano,119,362685.68,0.042016806722689,0.00020950401,Very Low
MRC04709,Transfer_Business,Kaduna,178,47637241.25,0.0393258426966292,0.00020911703,Very Low
MRC03244,POS_Fuel,Delta,92,1426446.3,0.0434782608695652,0.0002067816,Very Low
MRC02859,Online_Ecommerce,Lagos,64,2779367.64,0.03125,0.0002038456,Very Low
MRC02220,Transfer_Payroll,Lagos,47,8232326.729999999,0.0212765957446808,0.00020375135,Very Low
MRC04213,Transfer_P2P,Imo,61,1401104.71,0.0327868852459016,0.00019855474,Very Low
MRC01121,POS_Fuel,Rivers,69,1077155.34,0.0289855072463768,0.00019792758,Very Low
MRC01373,POS_Fuel,Kano,294,4482055.46,0.0408163265306122,0.00019666416,Very Low
MRC00061,Online_Bills,Ogun,47,623270.61,0.0212765957446808,0.00019639845,Very Low
MRC04340,POS_Grocery,Kano,77,619899.12,0.0389610389610389,0.00019538405,Very Low
MRC04772,POS_Retail,Lagos,209,2251161.55,0.0382775119617224,0.00019152788,Very Low
MRC02827,POS_Supermarket,Lagos,69,628582.4,0.0289855072463768,0.00019147914,Very Low
MRC00426,Online_Gaming,Rivers,54,167651.93,0.037037037037037,0.00019104747,Very Low
MRC02354,Online_Travel,Enugu,85,12454077.56,0.0352941176470588,0.00019070768,Very Low
MRC04824,Transfer_Business,Oyo,166,44698748.19,0.036144578313253,0.00019067786,Very Low
MRC02972,Transfer_P2P,Kaduna,239,4813583.53,0.0376569037656903,0.00019060388,Very Low
MRC00929,POS_Fashion,Lagos,69,1697339.12,0.0289855072463768,0.00019029861,Very Low
MRC03648,Online_Travel,Ekiti,64,9484950.54,0.03125,0.0001901557,Very Low
MRC00680,Transfer_Payroll,Ogun,64,13328305.56,0.03125,0.00019004567,Very Low
MRC01729,Online_Ecommerce,Lagos,65,2622306.02,0.0307692307692307,0.00018501005,Very Low
MRC03995,POS_Grocery,Lagos,73,606401.21,0.0273972602739726,0.00018379946,Very Low
MRC03167,Online_Bills,Abuja,44,550405.53,0.0227272727272727,0.00018206758,Very Low
MRC04750,POS_Restaurant,Benue,167,874124.1,0.0419161676646706,0.00018127372,Very Low
MRC01953,POS_Fuel,Lagos,42,667633.24,0.0238095238095238,0.00017985248,Very Low
MRC04086,Transfer_P2P,Kaduna,89,1844594.84,0.0337078651685393,0.00017819992,Very Low
MRC03957,Transfer_Business,Lagos,99,25663465.06,0.0404040404040404,0.00017791435,Very Low
MRC00060,POS_Pharmacy,Oyo,58,337037.22,0.0344827586206896,0.00017689115,Very Low
MRC03615,POS_Fashion,Oyo,84,2330458.7,0.0357142857142857,0.00017174537,Very Low
MRC03423,POS_Retail,Kaduna,42,442258.62,0.0238095238095238,0.0001711601,Very Low
MRC01257,POS_Fuel,Abia,50,691675.59,0.02,0.00017020704,Very Low
MRC00512,POS_Fashion,Imo,363,9312938.44,0.0440771349862259,0.00016906188,Very Low
MRC02741,Transfer_P2P,Lagos,199,4369104.79,0.0351758793969849,0.00016898903,Very Low
MRC01618,Transfer_Business,Oyo,93,22312922.25,0.043010752688172,0.00016715935,Very Low
MRC04407,POS_Restaurant,Abuja,242,1280541.49,0.0413223140495867,0.00016701133,Very Low
MRC02373,Online_Bills,Abuja,71,960403.01,0.0422535211267605,0.00016541539,Very Low
MRC04337,POS_Grocery,Kaduna,107,851886.05,0.02803738317757,0.00016524892,Very Low
MRC00353,Transfer_Business,Anambra,67,18833233.97,0.0298507462686567,0.00016449243,Very Low
MRC04885,POS_Fashion,Lagos,219,5339168.04,0.0410958904109589,0.00016269466,Very Low
MRC02957,Transfer_Business,Edo,50,13084292.41,0.02,0.00016166738,Very Low
MRC04132,POS_Fuel,Imo,57,863959.17,0.0350877192982456,0.00016165058,Very Low
MRC02770,POS_Fuel,Delta,129,2068193.15,0.0387596899224806,0.00016136968,Very Low
MRC00509,POS_Retail,Lagos,121,1252807.4,0.0413223140495867,0.00016134075,Very Low
MRC01620,Online_Ecommerce,Benue,65,2290058.94,0.0153846153846153,0.00016064414,Very Low
MRC00583,Transfer_Business,Oyo,88,21765023.92,0.034090909090909,0.00016026592,Very Low
MRC04109,Online_Ecommerce,Oyo,84,3114511.19,0.0238095238095238,0.00015848337,Very Low
MRC00293,Online_Ecommerce,Lagos,66,2308322.28,0.0303030303030303,0.00015794132,Very Low
MRC02152,POS_Fashion,Oyo,195,4877589.35,0.0358974358974358,0.0001570358,Very Low
MRC02891,POS_Retail,Lagos,73,665204.96,0.0410958904109589,0.00015575349,Very Low
MRC02421,POS_Electronics,Anambra,97,8851123.2,0.0412371134020618,0.00015491471,Very Low
MRC01435,POS_Grocery,Abuja,71,587060.61,0.028169014084507,0.0001548357,Very Low
MRC01164,Online_Ecommerce,Kwara,53,1433933.25,0.0377358490566037,0.00015437561,Very Low
MRC02800,POS_Fashion,Edo,780,19470709.28,0.0423076923076923,0.0001539267,Very Low
MRC02117,POS_Restaurant,Kwara,131,623404.04,0.0381679389312977,0.0001532213,Very Low
MRC00544,POS_Pharmacy,Kano,88,580703.81,0.034090909090909,0.00015263598,Very Low
MRC04987,Online_Ecommerce,Imo,387,14555214.92,0.0387596899224806,0.00015240432,Very Low
MRC03111,POS_Fuel,Kwara,106,1625774.53,0.0283018867924528,0.00015201274,Very Low
MRC01921,POS_Retail,Edo,85,850827.9500000001,0.0352941176470588,0.00015138554,Very Low
MRC02282,POS_Retail,Lagos,228,2323116.85,0.0482456140350877,0.00015028326,Very Low
MRC00207,POS_Grocery,Abuja,74,634416.46,0.0405405405405405,0.00014986012,Very Low
MRC03303,Online_Ecommerce,Lagos,58,2053653.01,0.0344827586206896,0.00014733395,Very Low
MRC04979,Online_Travel,Ekiti,66,10548352.89,0.0303030303030303,0.00014662676,Very Low
MRC04634,Transfer_Payroll,Oyo,54,10034475.0,0.037037037037037,0.00014561771,Very Low
MRC04858,Online_Bills,Imo,89,1227052.54,0.0337078651685393,0.00014361835,Very Low
MRC01042,POS_Fuel,Lagos,56,730279.05,0.0357142857142857,0.00014289042,Very Low
MRC00574,POS_Retail,Edo,130,1434345.67,0.0461538461538461,0.00014188084,Very Low
MRC00303,Transfer_Business,Lagos,588,150682548.3,0.0476190476190476,0.0001416382,Very Low
MRC04158,Online_Gaming,Cross River,106,336562.12,0.0377358490566037,0.00014126176,Very Low
MRC03106,Transfer_Business,Rivers,291,75533286.3,0.0446735395189003,0.00014054899,Very Low
MRC02490,Online_Travel,Kaduna,82,11907508.57,0.0365853658536585,0.0001402249,Very Low
MRC01531,POS_Electronics,Osun,142,12302157.81,0.0352112676056338,0.00014003449,Very Low
MRC03839,POS_Fuel,Osun,103,1501608.75,0.029126213592233,0.00013890832,Very Low
MRC00093,Online_Gaming,Ogun,65,194295.69,0.0307692307692307,0.0001360327,Very Low
MRC00447,Online_Travel,Abuja,139,22041276.62,0.0431654676258992,0.00013594025,Very Low
MRC04643,Online_Ecommerce,Oyo,68,2029294.68,0.0294117647058823,0.0001358555,Very Low
MRC04705,POS_Grocery,Abuja,171,1347679.35,0.0467836257309941,0.00013535986,Very Low
MRC02719,Online_Travel,Enugu,225,32534591.26,0.04,0.00013484636,Very Low
MRC00332,POS_Supermarket,Imo,174,1317779.41,0.0402298850574712,0.00013435786,Very Low
MRC03592,POS_Electronics,Osun,180,16037626.54,0.0444444444444444,0.00013405853,Very Low
MRC04430,POS_Grocery,Abia,65,537989.38,0.0307692307692307,0.00013323655,Very Low
MRC04867,POS_Electronics,Lagos,103,8311522.29,0.029126213592233,0.00013302152,Very Low
MRC01688,Online_Ecommerce,Lagos,62,2391888.33,0.032258064516129,0.00013094237,Very Low
MRC02308,POS_Grocery,Abuja,70,571298.48,0.0285714285714285,0.00013069175,Very Low
MRC01049,Online_Bills,Kaduna,58,626986.09,0.0344827586206896,0.00012999475,Very Low
MRC03305,POS_Electronics,Delta,137,11832550.82,0.0364963503649635,0.00012919337,Very Low
MRC04144,POS_Retail,Kano,95,1050571.0,0.031578947368421,0.00012913352,Very Low
MRC00979,Online_Ecommerce,Kano,103,3435851.76,0.029126213592233,0.0001291084,Very Low
MRC00045,POS_Restaurant,Abuja,86,453766.65,0.0348837209302325,0.00012847569,Very Low
MRC01869,Online_Ecommerce,Abuja,201,7713939.76,0.0248756218905472,0.00012679554,Very Low
MRC04813,POS_Retail,Anambra,135,1257236.48,0.037037037037037,0.00012665126,Very Low
MRC00364,Transfer_Business,Ogun,58,16049323.4,0.0344827586206896,0.00012568987,Very Low
MRC01466,POS_Grocery,Lagos,153,1284997.18,0.0326797385620915,0.00012498721,Very Low
MRC01347,POS_Retail,Oyo,102,1034008.95,0.0392156862745098,0.00012486655,Very Low
MRC01613,POS_Restaurant,Lagos,48,247090.64,0.0208333333333333,0.00012465313,Very Low
MRC03444,Online_Bills,Oyo,148,1782319.62,0.0337837837837837,0.00012402236,Very Low
MRC04600,POS_Grocery,Enugu,484,3938842.81,0.0433884297520661,0.00012248523,Very Low
MRC00054,Transfer_Payroll,Abuja,61,12265644.3,0.0327868852459016,0.00012239369,Very Low
MRC04154,Online_Gaming,Lagos,54,166468.66,0.037037037037037,0.00012200845,Very Low
MRC00128,Transfer_P2P,Lagos,344,6885116.8,0.0377906976744186,0.00012108277,Very Low
MRC02962,Transfer_Payroll,Abuja,168,30117019.49,0.0416666666666666,0.00012101893,Very Low
MRC02385,Online_Travel,Bayelsa,60,9292239.23,0.0333333333333333,0.00012093587,Very Low
MRC04130,POS_Pharmacy,Enugu,130,843599.34,0.0384615384615384,0.000120790886,Very Low
MRC03651,POS_Retail,Rivers,57,559390.43,0.0350877192982456,0.00012044435,Very Low
MRC04076,Online_Ecommerce,Enugu,58,2057044.35,0.0344827586206896,0.000120005265,Very Low
MRC00098,POS_Retail,Ogun,97,1020393.07,0.0309278350515463,0.00011980061,Very Low
MRC04592,Transfer_P2P,Lagos,50,941303.57,0.02,0.00011953473,Very Low
MRC02748,Online_Ecommerce,Abia,62,2183119.07,0.032258064516129,0.00011908943,Very Low
MRC01632,Transfer_P2P,Rivers,71,1308574.95,0.028169014084507,0.00011879681,Very Low
MRC00200,Transfer_P2P,Lagos,65,1167697.18,0.0307692307692307,0.00011836497,Very Low
MRC00630,Transfer_P2P,Delta,48,1106922.31,0.0208333333333333,0.00011746133,Very Low
MRC03676,Transfer_Business,Lagos,47,10972386.45,0.0212765957446808,0.00011744643,Very Low
MRC02814,POS_Restaurant,Lagos,59,283581.78,0.0338983050847457,0.00011739436,Very Low
MRC00513,POS_Fuel,Lagos,77,1218406.37,0.0389610389610389,0.00011590354,Very Low
MRC03791,Transfer_Payroll,Lagos,66,11827313.59,0.0303030303030303,0.00011573213,Very Low
MRC00871,POS_Grocery,Cross River,80,685925.66,0.0375,0.000115580384,Very Low
MRC02784,POS_Retail,Lagos,43,476357.51,0.0232558139534883,0.00011554204,Very Low
MRC02768,Transfer_P2P,Imo,475,9697469.29,0.04,0.00011470017,Very Low
MRC01159,POS_Restaurant,Lagos,57,266148.87,0.0350877192982456,0.00011393244,Very Low
MRC00140,Online_Bills,Abuja,71,814607.89,0.028169014084507,0.00011378868,Very Low
MRC03272,Transfer_Business,Plateau,75,17092601.04,0.04,0.000112352536,Very Low
MRC02832,Online_Travel,Abuja,45,6666192.77,0.0222222222222222,0.000111749905,Very Low
MRC02256,POS_Fuel,Rivers,347,5197473.01,0.031700288184438,0.00010927752,Very Low
MRC03373,POS_Restaurant,Lagos,75,344051.8,0.04,0.000108915185,Very Low
MRC04901,POS_Grocery,Rivers,56,474985.01,0.0357142857142857,0.000108885906,Very Low
MRC00670,POS_Grocery,Delta,67,563190.3099999999,0.0298507462686567,0.00010809099,Very Low
MRC01125,POS_Retail,Kano,51,510361.71,0.0196078431372549,0.00010780349,Very Low
MRC00721,Online_Bills,Lagos,42,407141.88,0.0238095238095238,0.00010767025,Very Low
MRC04718,POS_Fashion,Rivers,54,1412742.74,0.037037037037037,0.00010684762,Very Low
MRC01249,Transfer_Business,Kano,58,14526205.09,0.0344827586206896,0.00010594657,Very Low
MRC00266,POS_Retail,Rivers,83,857876.8,0.0240963855421686,0.00010532296,Very Low
MRC02673,POS_Grocery,Rivers,135,1063180.47,0.0444444444444444,0.00010509613,Very Low
MRC03196,POS_Restaurant,Oyo,60,291540.85,0.0333333333333333,0.00010419028,Very Low
MRC00568,POS_Retail,Lagos,78,813454.49,0.0384615384615384,0.00010384411,Very Low
MRC03537,Transfer_Business,Lagos,93,22276823.11,0.032258064516129,0.000103668,Very Low
MRC00024,POS_Grocery,Enugu,59,524677.63,0.0338983050847457,0.000102984995,Very Low
MRC01455,Online_Ecommerce,Abuja,161,5696710.32,0.031055900621118,0.000102802005,Very Low
MRC04915,Transfer_P2P,Plateau,87,1547048.91,0.0229885057471264,0.00010267788,Very Low
MRC03403,Online_Ecommerce,Lagos,84,3217617.36,0.0238095238095238,0.00010257405,Very Low
MRC00394,Online_Ecommerce,Plateau,44,1585117.89,0.0227272727272727,0.000102440616,Very Low
MRC03320,POS_Grocery,Abuja,147,1148116.72,0.0408163265306122,0.000102283855,Very Low
MRC03714,POS_Retail,Lagos,65,779571.92,0.0307692307692307,0.000102230224,Very Low
MRC03570,POS_Fashion,Ekiti,46,1223531.14,0.0217391304347826,0.0001018894,Very Low
MRC03538,POS_Electronics,Lagos,167,14677387.22,0.0359281437125748,0.000101054364,Very Low
MRC03245,Transfer_P2P,Abuja,63,1314742.53,0.0317460317460317,0.00010019634,Very Low
MRC04527,Transfer_Business,Plateau,61,14614111.12,0.0163934426229508,0.00010014591,Very Low
MRC03135,POS_Pharmacy,Anambra,100,580219.8,0.04,0.00010003586,Very Low
MRC04192,POS_Fashion,Lagos,43,1115685.29,0.0232558139534883,9.933131e-05,Very Low
MRC00391,POS_Fuel,Bayelsa,60,891820.22,0.0333333333333333,9.906172e-05,Very Low
MRC03664,POS_Electronics,Enugu,1836,155579052.89,0.0364923747276688,9.900412e-05,Very Low
MRC02242,Online_Travel,Bayelsa,62,9855317.47,0.032258064516129,9.8987875e-05,Very Low
MRC02810,POS_Retail,Rivers,77,819086.35,0.0389610389610389,9.8923425e-05,Very Low
MRC00074,POS_Restaurant,Abia,93,501080.65,0.043010752688172,9.851328e-05,Very Low
MRC04378,POS_Fuel,Kwara,76,1114230.01,0.0394736842105263,9.7927244e-05,Very Low
MRC01689,POS_Electronics,Abuja,88,7713230.82,0.034090909090909,9.595965e-05,Very Low
MRC00455,Online_Ecommerce,Lagos,42,1861104.67,0.0238095238095238,9.5533454e-05,Very Low
MRC00714,Transfer_P2P,Lagos,77,1377808.82,0.0389610389610389,9.511804e-05,Very Low
MRC04975,POS_Restaurant,Rivers,63,333423.29,0.0317460317460317,9.489924e-05,Very Low
MRC01350,POS_Retail,Lagos,83,922679.23,0.0240963855421686,9.4843876e-05,Very Low
MRC00782,Online_Ecommerce,Lagos,68,2045769.89,0.0294117647058823,9.475402e-05,Very Low
MRC00650,POS_Supermarket,Lagos,103,856941.26,0.0388349514563106,9.417975e-05,Very Low
MRC01812,Online_Ecommerce,Edo,46,1539718.23,0.0217391304347826,9.4110444e-05,Very Low
MRC03534,Transfer_P2P,Lagos,46,883580.31,0.0217391304347826,9.3104994e-05,Very Low
MRC00854,Online_Ecommerce,Ogun,69,2632257.27,0.0144927536231884,9.2715876e-05,Very Low
MRC01911,Transfer_Payroll,Enugu,60,11861999.32,0.0333333333333333,9.268723e-05,Very Low
MRC03260,Online_Ecommerce,Rivers,41,1523571.47,0.024390243902439,9.1651964e-05,Very Low
MRC02980,POS_Fuel,Lagos,114,1643300.64,0.043859649122807,9.1378555e-05,Very Low
MRC01981,POS_Electronics,Ekiti,46,4466478.75,0.0217391304347826,9.0567184e-05,Very Low
MRC04293,POS_Pharmacy,Abuja,89,505801.93,0.0337078651685393,9.0377805e-05,Very Low
MRC04035,POS_Retail,Enugu,77,907448.47,0.0389610389610389,9.024459e-05,Very Low
MRC03428,POS_Restaurant,Rivers,63,329629.99,0.0317460317460317,9.0164154e-05,Very Low
MRC02438,Online_Ecommerce,Enugu,139,4740224.82,0.0359712230215827,9.006181e-05,Very Low
MRC03218,Online_Ecommerce,Lagos,51,1591470.67,0.0196078431372549,8.9981724e-05,Very Low
MRC03778,Transfer_Business,Kwara,66,16501503.72,0.0303030303030303,8.9602065e-05,Very Low
MRC03997,POS_Restaurant,Imo,65,324478.48,0.0307692307692307,8.93122e-05,Very Low
MRC03858,Online_Travel,Anambra,43,6631827.19,0.0232558139534883,8.924997e-05,Very Low
MRC01993,POS_Fashion,Oyo,70,1947303.87,0.0285714285714285,8.9028785e-05,Very Low
MRC04246,POS_Grocery,Ekiti,58,478849.62,0.0344827586206896,8.889915e-05,Very Low
MRC04375,Transfer_P2P,Osun,81,1418119.94,0.037037037037037,8.8879155e-05,Very Low
MRC00796,POS_Fashion,Abia,129,3329457.65,0.0310077519379844,8.874288e-05,Very Low
MRC00343,POS_Fuel,Abuja,63,869698.24,0.0317460317460317,8.860826e-05,Very Low
MRC01351,Transfer_P2P,Delta,49,1010328.71,0.0204081632653061,8.753613e-05,Very Low
MRC04240,POS_Pharmacy,Imo,82,461097.03,0.024390243902439,8.705465e-05,Very Low
MRC03239,POS_Electronics,Anambra,59,5132223.49,0.0338983050847457,8.6644366e-05,Very Low
MRC00925,POS_Grocery,Ogun,161,1428481.92,0.0372670807453416,8.664304e-05,Very Low
MRC04055,Online_Ecommerce,Lagos,135,4667770.84,0.0296296296296296,8.661867e-05,Very Low
MRC01174,Online_Ecommerce,Bayelsa,50,2013249.28,0.02,8.652481e-05,Very Low
MRC04908,Online_Bills,Rivers,103,1264564.92,0.0388349514563106,8.63961e-05,Very Low
MRC02008,Online_Ecommerce,Enugu,109,4443901.74,0.036697247706422,8.5939086e-05,Very Low
MRC02420,Online_Travel,Lagos,46,5944528.01,0.0217391304347826,8.562783e-05,Very Low
MRC02679,Transfer_Payroll,Bayelsa,53,8721575.23,0.0188679245283018,8.5442596e-05,Very Low
MRC03046,Transfer_P2P,Edo,44,860630.45,0.0227272727272727,8.4563195e-05,Very Low
MRC01433,POS_Supermarket,Plateau,63,508952.1,0.0317460317460317,8.445062e-05,Very Low
MRC01504,POS_Grocery,Kaduna,69,574626.65,0.0289855072463768,8.430152e-05,Very Low
MRC02195,Transfer_P2P,Abuja,42,785226.62,0.0238095238095238,8.3961364e-05,Very Low
MRC02129,POS_Grocery,Lagos,58,469225.26,0.0344827586206896,8.297274e-05,Very Low
MRC04250,POS_Fashion,Bayelsa,48,1214539.32,0.0208333333333333,8.283874e-05,Very Low
MRC04219,POS_Grocery,Rivers,63,475822.76,0.0317460317460317,8.246334e-05,Very Low
MRC01383,Transfer_Business,Ogun,97,25291783.65,0.0309278350515463,8.2356935e-05,Very Low
MRC02667,Online_Ecommerce,Lagos,42,1236872.24,0.0238095238095238,8.230221e-05,Very Low
MRC01848,Transfer_Business,Abuja,51,12261228.1,0.0196078431372549,8.2142265e-05,Very Low
MRC04616,POS_Restaurant,Edo,85,431888.45,0.0352941176470588,8.2142105e-05,Very Low
MRC00960,Transfer_P2P,Abuja,65,1332849.13,0.0307692307692307,8.211047e-05,Very Low
MRC03401,POS_Retail,Abuja,51,504822.89,0.0196078431372549,8.170626e-05,Very Low
MRC04808,POS_Pharmacy,Rivers,47,279853.85,0.0212765957446808,8.14626e-05,Very Low
MRC03629,Online_Ecommerce,Lagos,46,1892647.82,0.0217391304347826,8.1435646e-05,Very Low
MRC04019,POS_Grocery,Lagos,97,735604.17,0.0309278350515463,8.1314516e-05,Very Low
MRC03329,POS_Fashion,Ogun,76,1899927.87,0.0394736842105263,8.112716e-05,Very Low
MRC01952,Online_Bills,Lagos,89,1100750.84,0.0337078651685393,8.0920785e-05,Very Low
MRC01224,Online_Ecommerce,Lagos,61,2439076.2,0.0327868852459016,7.989586e-05,Very Low
MRC00840,Online_Ecommerce,Lagos,50,1936173.71,0.02,7.9233265e-05,Very Low
MRC03144,Online_Ecommerce,Abuja,159,5960244.61,0.0377358490566037,7.915012e-05,Very Low
MRC01447,Online_Travel,Abia,262,40161156.24,0.0381679389312977,7.895239e-05,Very Low
MRC03076,Transfer_P2P,Rivers,43,822367.28,0.0232558139534883,7.844141e-05,Very Low
MRC01849,POS_Pharmacy,Osun,46,291772.87,0.0217391304347826,7.8363126e-05,Very Low
MRC02614,Transfer_Business,Edo,43,12883349.27,0.0232558139534883,7.765828e-05,Very Low
MRC03162,POS_Restaurant,Oyo,58,284839.37,0.0344827586206896,7.7601646e-05,Very Low
MRC03716,POS_Supermarket,Oyo,100,723651.37,0.04,7.626878e-05,Very Low
MRC01234,Transfer_P2P,Delta,138,3065383.16,0.036231884057971,7.616542e-05,Very Low
MRC01903,Transfer_Business,Rivers,81,18481697.8,0.037037037037037,7.580783e-05,Very Low
MRC01958,POS_Grocery,Delta,45,340235.06,0.0222222222222222,7.5302836e-05,Very Low
MRC03707,Transfer_Business,Edo,56,15028330.0,0.0357142857142857,7.498504e-05,Very Low
MRC01905,Transfer_P2P,Lagos,50,1065743.85,0.02,7.4904354e-05,Very Low
MRC04343,POS_Retail,Lagos,63,665603.91,0.0158730158730158,7.428195e-05,Very Low
MRC03382,Transfer_Business,Cross River,140,33423143.75,0.0357142857142857,7.4181706e-05,Very Low
MRC03285,Transfer_Business,Enugu,108,28096801.07,0.0277777777777777,7.400966e-05,Very Low
MRC04100,POS_Restaurant,Lagos,57,306420.64,0.0350877192982456,7.3800766e-05,Very Low
MRC02238,POS_Grocery,Delta,1605,12898563.26,0.0392523364485981,7.3554154e-05,Very Low
MRC01516,POS_Electronics,Lagos,62,6240971.79,0.032258064516129,7.316527e-05,Very Low
MRC01220,Transfer_Business,Lagos,103,28903820.23,0.0194174757281553,7.3130395e-05,Very Low
MRC03548,POS_Electronics,Abia,61,5458616.37,0.0327868852459016,7.269694e-05,Very Low
MRC00828,POS_Fuel,Rivers,46,641892.11,0.0217391304347826,7.186753e-05,Very Low
MRC02277,Online_Bills,Oyo,356,4413182.27,0.0393258426966292,7.176481e-05,Very Low
MRC02281,Transfer_Business,Abuja,207,52627708.02,0.038647342995169,7.159146e-05,Very Low
MRC02536,POS_Fashion,Rivers,45,1270552.21,0.0222222222222222,7.150024e-05,Very Low
MRC00336,Transfer_P2P,Ogun,51,1112950.79,0.0196078431372549,7.146105e-05,Very Low
MRC00487,POS_Electronics,Delta,44,4012622.97,0.0227272727272727,7.136605e-05,Very Low
MRC01432,Transfer_Payroll,Kano,98,17906058.21,0.0306122448979591,7.1182396e-05,Very Low
MRC04692,Online_Bills,Delta,76,846882.2,0.0394736842105263,7.083618e-05,Very Low
MRC03229,POS_Fuel,Rivers,65,909642.65,0.0307692307692307,7.0779584e-05,Very Low
MRC03032,Transfer_Payroll,Rivers,50,7722770.29,0.02,7.0210604e-05,Very Low
MRC03321,POS_Supermarket,Kwara,73,617052.46,0.0410958904109589,7.019888e-05,Very Low
MRC02279,Transfer_P2P,Lagos,71,1684770.71,0.028169014084507,7.001684e-05,Very Low
MRC00094,POS_Grocery,Lagos,59,499377.09,0.0338983050847457,6.986504e-05,Very Low
MRC03560,Transfer_Business,Imo,67,18848782.28,0.0149253731343283,6.9692964e-05,Very Low
MRC01685,POS_Restaurant,Bayelsa,42,191696.42,0.0238095238095238,6.9517926e-05,Very Low
MRC02481,POS_Fuel,Anambra,46,616481.78,0.0217391304347826,6.930129e-05,Very Low
MRC00245,Online_Bills,Oyo,48,569383.74,0.0208333333333333,6.904337e-05,Very Low
MRC02730,Transfer_Business,Plateau,75,19438977.24,0.04,6.89802e-05,Very Low
MRC04636,Online_Ecommerce,Benue,149,4851567.44,0.0402684563758389,6.8759924e-05,Very Low
MRC02801,POS_Grocery,Abia,48,361235.57,0.0208333333333333,6.872072e-05,Very Low
MRC03545,POS_Grocery,Benue,41,331559.64,0.024390243902439,6.863578e-05,Very Low
MRC04029,POS_Electronics,Delta,48,4792134.68,0.0208333333333333,6.8443165e-05,Very Low
MRC00264,Online_Bills,Enugu,56,714836.12,0.0357142857142857,6.79869e-05,Very Low
MRC02010,POS_Restaurant,Abuja,146,726815.42,0.0273972602739726,6.790546e-05,Very Low
MRC02987,POS_Electronics,Imo,49,4382036.69,0.0204081632653061,6.7903056e-05,Very Low
MRC00736,Transfer_P2P,Lagos,202,4386189.35,0.0396039603960396,6.77103e-05,Very Low
MRC01251,Transfer_P2P,Kaduna,69,1430625.5,0.0144927536231884,6.767919e-05,Very Low
MRC04647,POS_Grocery,Lagos,52,397610.98,0.0192307692307692,6.76152e-05,Very Low
MRC01592,Online_Gaming,Lagos,45,145896.11,0.0222222222222222,6.716688e-05,Very Low
MRC02131,Online_Bills,Enugu,43,549882.13,0.0232558139534883,6.6740766e-05,Very Low
MRC02474,Online_Ecommerce,Lagos,46,2031370.53,0.0217391304347826,6.664105e-05,Very Low
MRC00469,POS_Fashion,Edo,53,1423271.11,0.0188679245283018,6.617351e-05,Very Low
MRC02302,POS_Retail,Oyo,58,594320.09,0.0344827586206896,6.5985725e-05,Very Low
MRC00775,Online_Ecommerce,Lagos,70,2571505.66,0.0142857142857142,6.557085e-05,Very Low
MRC01658,Transfer_Business,Abuja,103,26659284.45,0.0194174757281553,6.549317e-05,Very Low
MRC00536,Online_Gaming,Delta,93,299957.74,0.032258064516129,6.526598e-05,Very Low
MRC02307,Transfer_P2P,Rivers,52,1021903.69,0.0192307692307692,6.5101136e-05,Very Low
MRC04497,Transfer_Business,Abuja,49,13538774.12,0.0204081632653061,6.483263e-05,Very Low
MRC02573,Transfer_Business,Lagos,48,12092831.17,0.0208333333333333,6.4688735e-05,Very Low
MRC03599,Online_Ecommerce,Kano,70,2147053.41,0.0285714285714285,6.462782e-05,Very Low
MRC04073,Transfer_Business,Benue,59,14678609.28,0.0338983050847457,6.444344e-05,Very Low
MRC03003,POS_Grocery,Imo,44,373475.88,0.0227272727272727,6.429777e-05,Very Low
MRC04095,POS_Retail,Rivers,58,626070.93,0.0344827586206896,6.405603e-05,Very Low
MRC03899,Online_Ecommerce,Lagos,52,2079706.51,0.0192307692307692,6.3985215e-05,Very Low
MRC04295,POS_Grocery,Enugu,71,554618.65,0.028169014084507,6.3848616e-05,Very Low
MRC02944,Online_Ecommerce,Kwara,46,1674557.17,0.0217391304347826,6.381313e-05,Very Low
MRC00246,Online_Gaming,Lagos,70,235842.8,0.0285714285714285,6.3727326e-05,Very Low
MRC01750,POS_Grocery,Oyo,45,358961.02,0.0222222222222222,6.348906e-05,Very Low
MRC03789,POS_Pharmacy,Kwara,53,310427.33,0.0188679245283018,6.3488886e-05,Very Low
MRC04993,POS_Retail,Lagos,97,972688.25,0.0412371134020618,6.309717e-05,Very Low
MRC00683,POS_Restaurant,Lagos,99,457689.42,0.0404040404040404,6.2843756e-05,Very Low
MRC01920,Transfer_Payroll,Anambra,42,7180051.01,0.0238095238095238,6.274812e-05,Very Low
MRC03439,POS_Restaurant,Anambra,67,309234.35,0.0298507462686567,6.263448e-05,Very Low
MRC04278,Online_Ecommerce,Lagos,62,2567925.88,0.0161290322580645,6.240059e-05,Very Low
MRC04622,Transfer_P2P,Oyo,208,3793706.26,0.0336538461538461,6.237959e-05,Very Low
MRC00939,Online_Ecommerce,Kano,62,2500373.07,0.032258064516129,6.232275e-05,Very Low
MRC04408,POS_Supermarket,Lagos,41,369662.5,0.024390243902439,6.2202045e-05,Very Low
MRC02488,POS_Supermarket,Lagos,54,430120.37,0.037037037037037,6.165266e-05,Very Low
MRC00226,POS_Restaurant,Bayelsa,99,445854.01,0.0303030303030303,6.134196e-05,Very Low
MRC02812,Online_Ecommerce,Lagos,84,2879713.35,0.0119047619047619,6.1092105e-05,Very Low
MRC03282,POS_Retail,Lagos,47,512042.84,0.0212765957446808,6.1081446e-05,Very Low
MRC01590,Online_Ecommerce,Lagos,146,4934612.75,0.0410958904109589,6.0996867e-05,Very Low
MRC04479,Online_Ecommerce,Abuja,52,2042036.52,0.0192307692307692,6.0872746e-05,Very Low
MRC00250,POS_Restaurant,Abuja,842,4272413.19,0.0403800475059382,6.0780927e-05,Very Low
MRC03929,POS_Grocery,Delta,80,639559.53,0.0375,6.0546347e-05,Very Low
MRC04153,Transfer_P2P,Abuja,49,1094136.43,0.0204081632653061,6.051829e-05,Very Low
MRC02403,POS_Restaurant,Lagos,48,260753.04,0.0208333333333333,6.0509403e-05,Very Low
MRC04416,POS_Retail,Abia,90,961020.39,0.0444444444444444,6.0199698e-05,Very Low
MRC00223,Online_Bills,Lagos,43,540561.1,0.0232558139534883,6.018742e-05,Very Low
MRC00830,POS_Grocery,Kano,197,1704541.29,0.0406091370558375,6.0097198e-05,Very Low
MRC02586,Transfer_Business,Ekiti,53,13390424.72,0.0188679245283018,5.9556754e-05,Very Low
MRC01752,Transfer_Business,Abia,48,11343286.3,0.0208333333333333,5.9420996e-05,Very Low
MRC04933,Transfer_P2P,Rivers,53,1339199.89,0.0188679245283018,5.9100967e-05,Very Low
MRC04061,POS_Supermarket,Oyo,65,543892.67,0.0307692307692307,5.9019974e-05,Very Low
MRC02876,Online_Gaming,Benue,1026,3197795.16,0.0399610136452241,5.886153e-05,Very Low
MRC00737,POS_Supermarket,Rivers,46,384887.53,0.0217391304347826,5.874775e-05,Very Low
MRC00661,Online_Bills,Kwara,43,497901.71,0.0232558139534883,5.8734477e-05,Very Low
MRC03821,POS_Electronics,Lagos,43,3613970.43,0.0232558139534883,5.8656333e-05,Very Low
MRC03230,Transfer_P2P,Kwara,42,791266.52,0.0238095238095238,5.8515216e-05,Very Low
MRC01300,Transfer_Business,Lagos,50,14450872.14,0.02,5.8480568e-05,Very Low
MRC00686,POS_Retail,Kwara,66,673852.98,0.0303030303030303,5.847399e-05,Very Low
MRC00893,Online_Ecommerce,Delta,47,1716542.87,0.0212765957446808,5.8446007e-05,Very Low
MRC01039,POS_Fashion,Delta,48,1345358.99,0.0208333333333333,5.8374873e-05,Very Low
MRC04044,POS_Electronics,Lagos,290,25751737.37,0.0344827586206896,5.8092548e-05,Very Low
MRC00415,Transfer_Payroll,Abuja,62,10602082.81,0.032258064516129,5.799369e-05,Very Low
MRC04729,POS_Retail,Edo,46,422785.12,0.0217391304347826,5.7971512e-05,Very Low
MRC00491,Online_Ecommerce,Cross River,238,8416849.43,0.0336134453781512,5.7748e-05,Very Low
MRC04573,Online_Ecommerce,Rivers,51,1659187.08,0.0196078431372549,5.7727022e-05,Very Low
MRC04978,Online_Ecommerce,Enugu,47,1657671.99,0.0212765957446808,5.7673868e-05,Very Low
MRC01481,Transfer_Business,Lagos,67,16329462.55,0.0298507462686567,5.7638517e-05,Very Low
MRC04639,Transfer_P2P,Ekiti,85,1766689.16,0.0352941176470588,5.7630983e-05,Very Low
MRC03776,Transfer_P2P,Rivers,44,974625.88,0.0227272727272727,5.7398047e-05,Very Low
MRC01780,Transfer_P2P,Lagos,44,835672.43,0.0227272727272727,5.705773e-05,Very Low
MRC02549,Online_Ecommerce,Lagos,217,7879320.38,0.0414746543778801,5.6952427e-05,Very Low
MRC01580,Online_Bills,Edo,67,879933.67,0.0298507462686567,5.688811e-05,Very Low
MRC02448,POS_Grocery,Osun,108,883721.47,0.037037037037037,5.6844776e-05,Very Low
MRC00357,POS_Retail,Rivers,43,442480.56,0.0232558139534883,5.68347e-05,Very Low
MRC04952,Transfer_P2P,Kaduna,46,1164249.89,0.0217391304347826,5.6743876e-05,Very Low
MRC02909,POS_Restaurant,Lagos,275,1404223.88,0.0363636363636363,5.6737765e-05,Very Low
MRC01984,POS_Retail,Kwara,189,2015438.25,0.037037037037037,5.6667795e-05,Very Low
MRC02550,POS_Grocery,Lagos,55,493596.71,0.0363636363636363,5.653302e-05,Very Low
MRC03396,Online_Ecommerce,Ogun,48,1847217.81,0.0208333333333333,5.6326593e-05,Very Low
MRC04377,POS_Supermarket,Cross River,94,705560.83,0.0425531914893617,5.6252302e-05,Very Low
MRC02756,POS_Restaurant,Enugu,44,229875.24,0.0227272727272727,5.6206456e-05,Very Low
MRC00685,Online_Bills,Osun,45,581097.2,0.0222222222222222,5.6106262e-05,Very Low
MRC00847,Transfer_Business,Ogun,200,50862841.26,0.04,5.6049736e-05,Very Low
MRC04963,POS_Retail,Lagos,41,447066.55,0.024390243902439,5.596177e-05,Very Low
MRC00350,Transfer_Payroll,Rivers,124,22918113.37,0.0241935483870967,5.5812652e-05,Very Low
MRC00687,Online_Bills,Rivers,69,783709.3,0.0289855072463768,5.568283e-05,Very Low
MRC02418,POS_Retail,Oyo,51,544990.56,0.0196078431372549,5.5485278e-05,Very Low
MRC04698,POS_Retail,Lagos,42,412922.42,0.0238095238095238,5.5433502e-05,Very Low
MRC04060,POS_Grocery,Osun,70,569614.05,0.0285714285714285,5.5402266e-05,Very Low
MRC02154,Transfer_Business,Lagos,56,16250355.99,0.0357142857142857,5.5302662e-05,Very Low
MRC03223,POS_Grocery,Ogun,85,662884.66,0.0352941176470588,5.5202756e-05,Very Low
MRC04259,POS_Electronics,Bayelsa,42,2829927.04,0.0238095238095238,5.4800938e-05,Very Low
MRC00239,POS_Restaurant,Abuja,61,294544.45,0.0327868852459016,5.4772147e-05,Very Low
MRC04968,POS_Supermarket,Lagos,42,334409.22,0.0238095238095238,5.461594e-05,Very Low
MRC00674,Transfer_P2P,Enugu,42,946197.38,0.0238095238095238,5.4604945e-05,Very Low
MRC02290,Online_Ecommerce,Bayelsa,54,1778133.35,0.0185185185185185,5.441869e-05,Very Low
MRC02405,POS_Grocery,Lagos,45,404556.02,0.0222222222222222,5.4311375e-05,Very Low
MRC00634,Transfer_P2P,Kwara,51,1087307.43,0.0196078431372549,5.4300966e-05,Very Low
MRC00915,POS_Electronics,Enugu,68,5826208.6,0.0294117647058823,5.412555e-05,Very Low
MRC04410,Transfer_P2P,Oyo,87,1958458.0,0.0229885057471264,5.403597e-05,Very Low
MRC03649,POS_Retail,Cross River,114,1195255.64,0.0350877192982456,5.3958625e-05,Very Low
MRC01318,Online_Bills,Lagos,47,562839.26,0.0212765957446808,5.3909764e-05,Very Low
MRC03823,Online_Bills,Oyo,45,545437.77,0.0222222222222222,5.3538944e-05,Very Low
MRC04071,POS_Retail,Abuja,45,503880.7,0.0222222222222222,5.3381715e-05,Very Low
MRC04817,Online_Travel,Bayelsa,45,6235142.56,0.0222222222222222,5.335378e-05,Very Low
MRC02170,Online_Gaming,Edo,46,141422.08,0.0217391304347826,5.314948e-05,Very Low
MRC04638,POS_Grocery,Lagos,67,584506.0,0.0298507462686567,5.3030857e-05,Very Low
MRC01019,Online_Travel,Lagos,47,6670952.74,0.0212765957446808,5.2535765e-05,Very Low
MRC01542,Transfer_Business,Oyo,42,11699658.41,0.0238095238095238,5.225725e-05,Very Low
MRC01106,Transfer_Business,Rivers,44,11459371.94,0.0227272727272727,5.2206047e-05,Very Low
MRC00533,Transfer_Business,Oyo,340,85337595.16,0.0323529411764705,5.195563e-05,Very Low
MRC01071,POS_Retail,Kaduna,52,560264.88,0.0192307692307692,5.162946e-05,Very Low
MRC03541,POS_Retail,Lagos,53,523180.77,0.0,5.153978e-05,Very Low
MRC01330,Online_Ecommerce,Imo,79,2709889.17,0.0379746835443038,5.144388e-05,Very Low
MRC01634,Online_Ecommerce,Lagos,143,4947916.85,0.0419580419580419,5.1245435e-05,Very Low
MRC03983,POS_Electronics,Ogun,70,5407785.98,0.0285714285714285,5.111941e-05,Very Low
MRC02520,POS_Retail,Benue,167,1848014.93,0.0359281437125748,5.0888037e-05,Very Low
MRC03547,Transfer_P2P,Lagos,74,1599173.22,0.027027027027027,5.086038e-05,Very Low
MRC01671,POS_Restaurant,Anambra,50,278942.77,0.02,5.082155e-05,Very Low
MRC01187,POS_Restaurant,Oyo,66,311587.02,0.0303030303030303,5.0805946e-05,Very Low
MRC00557,POS_Restaurant,Rivers,183,843418.46,0.0382513661202185,5.0366092e-05,Very Low
MRC00653,Online_Bills,Lagos,45,588714.13,0.0222222222222222,5.028777e-05,Very Low
MRC03268,Online_Ecommerce,Kaduna,57,2168887.03,0.0350877192982456,5.0228482e-05,Very Low
MRC01096,Transfer_P2P,Kaduna,68,1419749.12,0.0294117647058823,5.0071045e-05,Very Low
MRC02417,Transfer_Business,Kano,48,11368855.07,0.0208333333333333,5.0043454e-05,Very Low
MRC01083,POS_Supermarket,Kano,110,946806.68,0.0363636363636363,4.982479e-05,Very Low
MRC02674,POS_Restaurant,Kaduna,155,775713.5,0.0387096774193548,4.9732982e-05,Very Low
MRC03842,Transfer_Payroll,Lagos,42,8796173.8,0.0238095238095238,4.951596e-05,Very Low
MRC03962,Online_Travel,Lagos,47,7094779.45,0.0212765957446808,4.9455128e-05,Very Low
MRC01124,POS_Electronics,Rivers,47,3966585.74,0.0212765957446808,4.9434286e-05,Very Low
MRC03493,POS_Supermarket,Lagos,65,544430.54,0.0307692307692307,4.9372855e-05,Very Low
MRC01462,POS_Supermarket,Lagos,42,356997.2,0.0238095238095238,4.9309427e-05,Very Low
MRC03747,POS_Restaurant,Lagos,45,240733.0,0.0222222222222222,4.9140715e-05,Very Low
MRC00944,POS_Grocery,Lagos,87,668549.52,0.0229885057471264,4.9091163e-05,Very Low
MRC03004,POS_Electronics,Ekiti,52,4594241.45,0.0192307692307692,4.9072907e-05,Very Low
MRC01113,Transfer_P2P,Kwara,43,967698.16,0.0232558139534883,4.8831e-05,Very Low
MRC01851,POS_Fuel,Lagos,45,679631.01,0.0222222222222222,4.8504964e-05,Very Low
MRC03619,POS_Restaurant,Rivers,60,314193.87,0.0333333333333333,4.8370683e-05,Very Low
MRC02729,Online_Bills,Abia,51,565774.01,0.0196078431372549,4.834117e-05,Very Low
MRC04794,POS_Retail,Abuja,492,4885753.13,0.040650406504065,4.819912e-05,Very Low
MRC03499,Transfer_Business,Bayelsa,198,48781985.14,0.0303030303030303,4.8192313e-05,Very Low
MRC04420,POS_Retail,Lagos,540,5297940.45,0.037037037037037,4.8100854e-05,Very Low
MRC04645,POS_Retail,Kano,54,517260.87,0.037037037037037,4.8097234e-05,Very Low
MRC02508,POS_Grocery,Ogun,214,1758259.93,0.0420560747663551,4.799144e-05,Very Low
MRC00648,POS_Retail,Osun,50,548102.37,0.02,4.7797053e-05,Very Low
MRC00862,POS_Grocery,Abuja,52,445056.08,0.0192307692307692,4.7772086e-05,Very Low
MRC01269,POS_Restaurant,Abuja,49,238025.71,0.0204081632653061,4.7616577e-05,Very Low
MRC00103,POS_Retail,Ogun,50,513400.82,0.02,4.7527705e-05,Very Low
MRC00468,Online_Travel,Delta,43,6388415.45,0.0232558139534883,4.7390076e-05,Very Low
MRC01535,POS_Retail,Ogun,50,566116.25,0.02,4.7390033e-05,Very Low
MRC03771,POS_Grocery,Lagos,51,364039.02,0.0196078431372549,4.7365633e-05,Very Low
MRC02769,POS_Retail,Lagos,44,425051.08,0.0227272727272727,4.735064e-05,Very Low
MRC02232,Online_Ecommerce,Edo,48,1710086.11,0.0208333333333333,4.724212e-05,Very Low
MRC03834,POS_Grocery,Ogun,48,399129.91,0.0208333333333333,4.7180936e-05,Very Low
MRC04317,POS_Retail,Lagos,209,2279360.8,0.0382775119617224,4.7180663e-05,Very Low
MRC02994,POS_Grocery,Oyo,87,759733.15,0.0344827586206896,4.71678e-05,Very Low
MRC02105,Online_Bills,Lagos,113,1364010.24,0.0265486725663716,4.716744e-05,Very Low
MRC01816,Transfer_P2P,Rivers,46,1001684.86,0.0217391304347826,4.7054134e-05,Very Low
MRC02564,Transfer_P2P,Lagos,53,1105052.21,0.0188679245283018,4.700283e-05,Very Low
MRC01850,Transfer_P2P,Kwara,65,1375229.17,0.0307692307692307,4.6999245e-05,Very Low
MRC04620,POS_Supermarket,Lagos,97,710070.38,0.0309278350515463,4.6814723e-05,Very Low
MRC03145,POS_Electronics,Anambra,139,12300685.79,0.0287769784172661,4.6800396e-05,Very Low
MRC01223,Transfer_P2P,Lagos,383,7903345.62,0.0365535248041775,4.679174e-05,Very Low
MRC02080,POS_Restaurant,Abia,135,714173.71,0.0296296296296296,4.6604924e-05,Very Low
MRC01081,POS_Retail,Lagos,44,464820.39,0.0227272727272727,4.6502195e-05,Very Low
MRC01183,Transfer_Business,Delta,76,20306167.02,0.0394736842105263,4.6424655e-05,Very Low
MRC03034,POS_Electronics,Lagos,108,8749462.81,0.037037037037037,4.6286288e-05,Very Low
MRC04805,Online_Bills,Enugu,43,472594.72,0.0232558139534883,4.6200694e-05,Very Low
MRC04212,Online_Bills,Abuja,107,1297155.7,0.02803738317757,4.6181838e-05,Very Low
MRC00005,POS_Supermarket,Rivers,45,350026.48,0.0222222222222222,4.594687e-05,Very Low
MRC04057,Transfer_Business,Enugu,52,12587746.96,0.0192307692307692,4.594297e-05,Very Low
MRC00673,Transfer_Business,Lagos,62,14627962.01,0.032258064516129,4.5898123e-05,Very Low
MRC01839,Online_Bills,Anambra,48,598751.62,0.0208333333333333,4.5716664e-05,Very Low
MRC02593,Transfer_P2P,Plateau,50,1020844.01,0.02,4.5634515e-05,Very Low
MRC00907,POS_Restaurant,Abuja,45,221660.88,0.0222222222222222,4.556081e-05,Very Low
MRC01299,Transfer_Business,Benue,43,11965983.45,0.0232558139534883,4.5528064e-05,Very Low
MRC00489,Transfer_P2P,Rivers,1031,20942455.77,0.0397672162948593,4.5509703e-05,Very Low
MRC02837,POS_Grocery,Lagos,56,474650.25,0.0357142857142857,4.5494122e-05,Very Low
MRC01817,POS_Restaurant,Oyo,58,262839.39,0.0344827586206896,4.5396744e-05,Very Low
MRC02650,Online_Gaming,Kwara,69,209450.13,0.0144927536231884,4.5358014e-05,Very Low
MRC04241,POS_Retail,Lagos,41,381182.36,0.024390243902439,4.529426e-05,Very Low
MRC00815,Online_Ecommerce,Lagos,67,2414612.71,0.0149253731343283,4.52381e-05,Very Low
MRC03931,Transfer_Business,Abuja,90,23888519.12,0.0222222222222222,4.5230416e-05,Very Low
MRC01880,Transfer_Business,Lagos,308,77284128.28,0.0389610389610389,4.511527e-05,Very Low
MRC04568,POS_Retail,Lagos,50,495458.99,0.02,4.486343e-05,Very Low
MRC03835,Transfer_Business,Kano,44,12506049.14,0.0227272727272727,4.485239e-05,Very Low
MRC04105,POS_Grocery,Oyo,73,529397.69,0.0410958904109589,4.4748445e-05,Very Low
MRC00957,Online_Ecommerce,Kwara,107,3803746.37,0.0186915887850467,4.4603206e-05,Very Low
MRC04403,Transfer_Business,Ekiti,78,19738926.74,0.0256410256410256,4.4506167e-05,Very Low
MRC00594,POS_Electronics,Imo,46,3821044.93,0.0217391304347826,4.412426e-05,Very Low
MRC03072,Online_Ecommerce,Edo,932,31889840.04,0.0332618025751072,4.4070603e-05,Very Low
MRC01117,POS_Retail,Lagos,76,720750.41,0.0394736842105263,4.3878914e-05,Very Low
MRC03480,Online_Travel,Lagos,49,7631200.02,0.0204081632653061,4.3867993e-05,Very Low
MRC02785,POS_Fashion,Imo,46,1185718.58,0.0217391304347826,4.3816526e-05,Very Low
MRC01217,Online_Bills,Anambra,458,5665405.56,0.0414847161572052,4.3763408e-05,Very Low
MRC03910,POS_Grocery,Oyo,84,635521.21,0.0357142857142857,4.375164e-05,Very Low
MRC03193,Transfer_P2P,Lagos,116,2354963.47,0.0344827586206896,4.374188e-05,Very Low
MRC02097,POS_Fuel,Abia,43,703272.19,0.0232558139534883,4.367402e-05,Very Low
MRC01814,Online_Ecommerce,Lagos,46,1627330.5,0.0217391304347826,4.3603108e-05,Very Low
MRC00286,Transfer_P2P,Rivers,50,1113569.42,0.02,4.352604e-05,Very Low
MRC00377,Transfer_P2P,Lagos,160,3426596.76,0.03125,4.348439e-05,Very Low
MRC01277,POS_Restaurant,Benue,48,247917.48,0.0208333333333333,4.3092798e-05,Very Low
MRC03564,POS_Retail,Kaduna,221,2101640.89,0.0361990950226244,4.303744e-05,Very Low
MRC02235,POS_Supermarket,Lagos,47,401970.23,0.0212765957446808,4.298612e-05,Very Low
MRC04588,POS_Retail,Oyo,171,1652307.0,0.0409356725146198,4.294945e-05,Very Low
MRC00099,Online_Ecommerce,Abuja,52,1851058.13,0.0192307692307692,4.2872518e-05,Very Low
MRC00402,Online_Travel,Lagos,44,6470106.67,0.0227272727272727,4.2588577e-05,Very Low
MRC02497,Transfer_P2P,Abia,43,851590.04,0.0232558139534883,4.2581265e-05,Very Low
MRC04065,POS_Grocery,Abuja,45,366633.17,0.0222222222222222,4.248364e-05,Very Low
MRC00486,POS_Supermarket,Kaduna,51,370723.48,0.0196078431372549,4.2313255e-05,Very Low
MRC01538,POS_Restaurant,Lagos,71,359213.13,0.028169014084507,4.2300588e-05,Very Low
MRC03059,POS_Restaurant,Enugu,43,223095.7,0.0232558139534883,4.2091262e-05,Very Low
MRC04360,POS_Fashion,Lagos,46,1245289.07,0.0217391304347826,4.1742616e-05,Very Low
MRC00572,Online_Ecommerce,Kano,55,1903194.03,0.0363636363636363,4.1639603e-05,Very Low
MRC02375,POS_Grocery,Abuja,388,3180038.45,0.0412371134020618,4.1488864e-05,Very Low
MRC01261,POS_Restaurant,Kaduna,49,254574.13,0.0204081632653061,4.1408148e-05,Very Low
MRC01584,Online_Ecommerce,Abuja,44,1465329.18,0.0227272727272727,4.1377676e-05,Very Low
MRC01392,POS_Grocery,Enugu,94,778982.36,0.0319148936170212,4.1195814e-05,Very Low
MRC03497,POS_Retail,Abuja,433,4266304.88,0.0346420323325635,4.1066334e-05,Very Low
MRC04870,POS_Pharmacy,Enugu,82,535479.08,0.0365853658536585,4.065707e-05,Very Low
MRC02758,Online_Ecommerce,Kano,49,1591812.9,0.0204081632653061,4.0609677e-05,Very Low
MRC00358,POS_Restaurant,Ogun,45,238104.89,0.0222222222222222,4.0364044e-05,Very Low
MRC00161,Transfer_Business,Plateau,80,19815955.83,0.025,4.0339608e-05,Very Low
MRC04742,POS_Retail,Abuja,46,440325.11,0.0217391304347826,4.0048602e-05,Very Low
MRC01170,Online_Bills,Abuja,45,509688.67,0.0222222222222222,3.997302e-05,Very Low
MRC00269,Online_Gaming,Enugu,47,157273.64,0.0212765957446808,3.9819384e-05,Very Low
MRC04769,POS_Retail,Rivers,47,482793.06,0.0212765957446808,3.978238e-05,Very Low
MRC01240,POS_Grocery,Ekiti,43,317025.71,0.0232558139534883,3.9522332e-05,Very Low
MRC00141,POS_Grocery,Lagos,516,4150201.85,0.0406976744186046,3.95018e-05,Very Low
MRC01931,POS_Retail,Oyo,45,496886.48,0.0222222222222222,3.9474573e-05,Very Low
MRC00497,POS_Supermarket,Lagos,60,472132.7,0.0333333333333333,3.9472237e-05,Very Low
MRC01772,POS_Supermarket,Lagos,45,394521.09,0.0222222222222222,3.943228e-05,Very Low
MRC04350,POS_Fashion,Kaduna,107,3066300.91,0.02803738317757,3.938354e-05,Very Low
MRC02168,Transfer_P2P,Osun,334,7027995.84,0.029940119760479,3.932623e-05,Very Low
MRC01103,POS_Retail,Anambra,87,1013511.21,0.0229885057471264,3.9322706e-05,Very Low
MRC03507,Online_Ecommerce,Kano,73,2848514.77,0.0410958904109589,3.920592e-05,Very Low
MRC03852,POS_Retail,Abuja,78,764616.52,0.0384615384615384,3.9205283e-05,Very Low
MRC02764,POS_Retail,Kano,43,468039.33,0.0232558139534883,3.9202852e-05,Very Low
MRC02835,Transfer_P2P,Imo,45,1048664.8,0.0222222222222222,3.917606e-05,Very Low
MRC01408,Transfer_Business,Lagos,56,13114804.08,0.0357142857142857,3.911573e-05,Very Low
MRC00938,POS_Restaurant,Kaduna,103,494067.42,0.029126213592233,3.9070732e-05,Very Low
MRC03550,Transfer_P2P,Abuja,84,1760406.0,0.0238095238095238,3.9030103e-05,Very Low
MRC00595,Online_Ecommerce,Kano,43,1310329.59,0.0232558139534883,3.88467e-05,Very Low
MRC00818,POS_Grocery,Abuja,54,399063.96,0.037037037037037,3.8787326e-05,Very Low
MRC01490,Online_Bills,Cross River,157,2054209.76,0.0382165605095541,3.8773163e-05,Very Low
MRC04133,POS_Supermarket,Rivers,1315,10448317.4,0.0425855513307984,3.8755123e-05,Very Low
MRC03112,Transfer_Business,Rivers,55,13056447.49,0.0363636363636363,3.8559847e-05,Very Low
MRC02212,POS_Supermarket,Imo,50,467725.41,0.02,3.8547496e-05,Very Low
MRC01767,Online_Ecommerce,Lagos,47,1625230.4,0.0212765957446808,3.854165e-05,Very Low
MRC01441,Online_Bills,Lagos,96,1163379.18,0.0416666666666666,3.8330487e-05,Very Low
MRC01700,Transfer_Payroll,Ekiti,64,11501201.03,0.03125,3.8266902e-05,Very Low
MRC03596,POS_Retail,Lagos,84,850565.39,0.0238095238095238,3.810238e-05,Very Low
MRC04909,POS_Retail,Rivers,94,923207.27,0.0319148936170212,3.7867972e-05,Very Low
MRC02761,Online_Bills,Rivers,49,620151.8,0.0204081632653061,3.782355e-05,Very Low
MRC00480,POS_Retail,Lagos,115,1176275.97,0.0347826086956521,3.775306e-05,Very Low
MRC02387,POS_Electronics,Cross River,98,7842061.65,0.0306122448979591,3.7737616e-05,Very Low
MRC03718,POS_Supermarket,Abia,49,357932.95,0.0204081632653061,3.766219e-05,Very Low
MRC03794,Online_Bills,Abuja,41,570805.4400000001,0.024390243902439,3.7627975e-05,Very Low
MRC01491,POS_Retail,Plateau,46,442031.36,0.0217391304347826,3.7476995e-05,Very Low
MRC01473,POS_Restaurant,Lagos,42,222504.87,0.0238095238095238,3.744856e-05,Very Low
MRC01512,Transfer_Business,Kaduna,42,10226194.6,0.0238095238095238,3.7425925e-05,Very Low
MRC02106,POS_Grocery,Kaduna,42,359244.55,0.0238095238095238,3.7349302e-05,Very Low
MRC02048,Transfer_P2P,Enugu,48,842573.87,0.0208333333333333,3.6979967e-05,Very Low
MRC02608,Online_Ecommerce,Abuja,61,2103572.88,0.0327868852459016,3.6899404e-05,Very Low
MRC02275,POS_Fuel,Kano,44,693047.22,0.0227272727272727,3.6889236e-05,Very Low
MRC02323,Transfer_P2P,Lagos,43,728221.11,0.0232558139534883,3.68002e-05,Very Low
MRC01169,Transfer_Business,Plateau,42,10616771.02,0.0238095238095238,3.6782694e-05,Very Low
MRC01841,Transfer_Payroll,Lagos,95,16482875.64,0.031578947368421,3.6695066e-05,Very Low
MRC04962,POS_Grocery,Abuja,52,442435.88,0.0192307692307692,3.6649184e-05,Very Low
MRC02683,POS_Retail,Abuja,87,883699.92,0.0229885057471264,3.6585003e-05,Very Low
MRC01213,Transfer_Business,Delta,48,12584500.0,0.0208333333333333,3.65379e-05,Very Low
MRC02064,POS_Retail,Benue,45,393640.55,0.0222222222222222,3.64697e-05,Very Low
MRC04257,POS_Pharmacy,Oyo,807,4820344.25,0.037174721189591,3.6341422e-05,Very Low
MRC02535,POS_Retail,Edo,176,1886691.97,0.0397727272727272,3.6306123e-05,Very Low
MRC02167,POS_Electronics,Lagos,92,8118047.66,0.0326086956521739,3.6090063e-05,Very Low
MRC02998,Online_Ecommerce,Oyo,871,30988134.73,0.0367393800229621,3.6089375e-05,Very Low
MRC02286,POS_Restaurant,Osun,44,230432.45,0.0227272727272727,3.6049234e-05,Very Low
MRC00029,POS_Pharmacy,Kano,231,1378048.35,0.0389610389610389,3.602236e-05,Very Low
MRC00282,Online_Bills,Edo,74,907515.81,0.027027027027027,3.5946214e-05,Very Low
MRC00719,Online_Bills,Oyo,50,587905.25,0.02,3.5587425e-05,Very Low
MRC01015,Transfer_P2P,Edo,53,1128946.75,0.0188679245283018,3.5542384e-05,Very Low
MRC00592,Transfer_Payroll,Edo,207,37897283.64,0.038647342995169,3.5478282e-05,Very Low
MRC00089,Online_Ecommerce,Lagos,67,2440800.49,0.0298507462686567,3.511857e-05,Very Low
MRC01255,POS_Electronics,Benue,56,4977607.51,0.0357142857142857,3.5067635e-05,Very Low
MRC00608,Online_Ecommerce,Kano,67,2388620.39,0.0298507462686567,3.4896e-05,Very Low
MRC03740,POS_Retail,Abuja,51,519534.02,0.0196078431372549,3.481287e-05,Very Low
MRC03513,Online_Ecommerce,Abuja,74,2946772.27,0.0405405405405405,3.4720797e-05,Very Low
MRC04117,POS_Grocery,Benue,88,804785.55,0.034090909090909,3.461543e-05,Very Low
MRC01599,POS_Retail,Imo,68,688422.49,0.0294117647058823,3.452191e-05,Very Low
MRC04393,Transfer_P2P,Abuja,43,987590.93,0.0232558139534883,3.436346e-05,Very Low
MRC04566,POS_Restaurant,Edo,59,314997.53,0.0338983050847457,3.4348814e-05,Very Low
MRC02624,POS_Retail,Rivers,72,804748.83,0.0277777777777777,3.4327233e-05,Very Low
MRC00330,POS_Retail,Delta,55,507350.05,0.0363636363636363,3.4066343e-05,Very Low
MRC00616,POS_Supermarket,Enugu,53,452290.27,0.0188679245283018,3.3993878e-05,Very Low
MRC03364,POS_Restaurant,Lagos,86,425472.01,0.0116279069767441,3.3960307e-05,Very Low
MRC02450,POS_Restaurant,Lagos,110,570789.1,0.0363636363636363,3.3955905e-05,Very Low
MRC02589,POS_Restaurant,Rivers,43,250733.05,0.0232558139534883,3.3955257e-05,Very Low
MRC02590,POS_Fuel,Abuja,52,872155.45,0.0192307692307692,3.3898603e-05,Very Low
MRC00740,POS_Pharmacy,Enugu,43,271760.45,0.0232558139534883,3.388477e-05,Very Low
MRC02736,POS_Supermarket,Lagos,81,640298.82,0.037037037037037,3.386232e-05,Very Low
MRC04921,Transfer_P2P,Lagos,47,868116.8,0.0212765957446808,3.383872e-05,Very Low
MRC01282,POS_Supermarket,Oyo,88,658784.78,0.034090909090909,3.383501e-05,Very Low
MRC00170,POS_Retail,Lagos,46,460161.99,0.0217391304347826,3.377247e-05,Very Low
MRC03149,POS_Retail,Cross River,51,520921.31,0.0196078431372549,3.368675e-05,Very Low
MRC02404,Online_Bills,Ogun,53,766100.0,0.0188679245283018,3.3683442e-05,Very Low
MRC02395,POS_Fashion,Delta,53,1400468.22,0.0188679245283018,3.3670276e-05,Very Low
MRC02794,POS_Fashion,Lagos,45,1206795.52,0.0222222222222222,3.3644053e-05,Very Low
MRC01602,POS_Electronics,Imo,401,33107368.69,0.0349127182044887,3.35983e-05,Very Low
MRC01308,POS_Fashion,Lagos,124,3464137.11,0.032258064516129,3.350308e-05,Very Low
MRC03532,Online_Bills,Abia,43,467228.55,0.0232558139534883,3.340278e-05,Very Low
MRC01053,POS_Retail,Lagos,64,698650.98,0.03125,3.3359676e-05,Very Low
MRC01630,Online_Ecommerce,Abuja,68,2447992.23,0.0,3.322373e-05,Very Low
MRC03262,Transfer_P2P,Abuja,43,989178.79,0.0232558139534883,3.321882e-05,Very Low
MRC01915,Online_Travel,Lagos,46,6772512.68,0.0217391304347826,3.320384e-05,Very Low
MRC01233,Transfer_Business,Lagos,53,13142201.88,0.0188679245283018,3.3090262e-05,Very Low
MRC02069,Online_Bills,Oyo,67,745346.5700000001,0.0298507462686567,3.2940334e-05,Very Low
MRC01519,Online_Bills,Imo,62,844641.2,0.032258064516129,3.2924127e-05,Very Low
MRC04534,Transfer_P2P,Edo,57,1053752.17,0.0350877192982456,3.27188e-05,Very Low
MRC01730,Online_Bills,Edo,51,637784.22,0.0196078431372549,3.2688924e-05,Very Low
MRC00013,Online_Ecommerce,Benue,352,13083732.99,0.034090909090909,3.2660628e-05,Very Low
MRC01245,POS_Retail,Anambra,133,1514545.75,0.037593984962406,3.2650663e-05,Very Low
MRC00283,POS_Pharmacy,Abuja,66,379902.19,0.0151515151515151,3.2597214e-05,Very Low
MRC02322,POS_Fuel,Abuja,195,3067355.07,0.0307692307692307,3.2454747e-05,Very Low
MRC02597,POS_Fashion,Edo,58,1510969.94,0.0344827586206896,3.2364434e-05,Very Low
MRC00224,Transfer_Business,Rivers,93,26083166.49,0.021505376344086,3.2303848e-05,Very Low
MRC04735,Online_Travel,Cross River,48,7160995.24,0.0208333333333333,3.220216e-05,Very Low
MRC02887,POS_Retail,Lagos,47,506749.73,0.0212765957446808,3.2143496e-05,Very Low
MRC00249,POS_Grocery,Imo,42,417813.16,0.0238095238095238,3.212989e-05,Very Low
MRC03001,Transfer_P2P,Delta,71,1668497.68,0.028169014084507,3.202643e-05,Very Low
MRC01305,Online_Ecommerce,Lagos,160,5187849.35,0.03125,3.1937067e-05,Very Low
MRC03661,POS_Retail,Lagos,162,1675882.73,0.037037037037037,3.1834745e-05,Very Low
MRC01092,Online_Bills,Enugu,99,1205248.47,0.0303030303030303,3.1832682e-05,Very Low
MRC04717,Transfer_Business,Lagos,87,19795636.13,0.0229885057471264,3.1774387e-05,Very Low
MRC04533,Transfer_Business,Lagos,48,11573955.5,0.0208333333333333,3.1761545e-05,Very Low
MRC02955,POS_Restaurant,Delta,258,1332518.83,0.0348837209302325,3.1735806e-05,Very Low
MRC00586,Online_Ecommerce,Plateau,132,4663585.15,0.0378787878787878,3.173296e-05,Very Low
MRC04280,Online_Gaming,Lagos,211,606487.42,0.0379146919431279,3.169356e-05,Very Low
MRC02383,Online_Gaming,Kano,43,123789.41,0.0232558139534883,3.164813e-05,Very Low
MRC00651,Transfer_Business,Edo,53,14248199.1,0.0,3.163265e-05,Very Low
MRC00035,POS_Grocery,Kano,45,341418.89,0.0222222222222222,3.1551248e-05,Very Low
MRC01250,POS_Retail,Abuja,43,482118.56,0.0232558139534883,3.133299e-05,Very Low
MRC03692,POS_Fuel,Delta,82,1279898.09,0.024390243902439,3.1280324e-05,Very Low
MRC02338,POS_Restaurant,Bayelsa,48,259395.07,0.0208333333333333,3.124142e-05,Very Low
MRC04093,POS_Fashion,Oyo,1164,28990242.21,0.0360824742268041,3.119385e-05,Very Low
MRC04828,Transfer_Business,Ogun,53,12517171.86,0.0188679245283018,3.1157517e-05,Very Low
MRC02004,POS_Retail,Lagos,44,429016.5,0.0227272727272727,3.1107193e-05,Very Low
MRC02045,POS_Retail,Oyo,44,427514.32,0.0227272727272727,3.0940362e-05,Very Low
MRC03343,Online_Bills,Abuja,45,546982.83,0.0222222222222222,3.0851705e-05,Very Low
MRC01119,POS_Retail,Abuja,43,513190.06,0.0232558139534883,3.0844087e-05,Very Low
MRC04268,POS_Retail,Enugu,67,631072.4,0.0298507462686567,3.0776362e-05,Very Low
MRC02031,Online_Ecommerce,Lagos,53,1908696.11,0.0188679245283018,3.077152e-05,Very Low
MRC01483,Online_Ecommerce,Abuja,86,3265521.95,0.0,3.0646937e-05,Very Low
MRC00570,Transfer_P2P,Lagos,67,1375739.69,0.0149253731343283,3.064635e-05,Very Low
MRC03814,Online_Ecommerce,Anambra,84,2902383.85,0.0238095238095238,3.0603915e-05,Very Low
MRC02809,Online_Ecommerce,Plateau,64,2406411.7,0.015625,3.0545776e-05,Very Low
MRC04675,POS_Retail,Abuja,41,451817.17,0.024390243902439,3.0381985e-05,Very Low
MRC04129,POS_Fuel,Abuja,60,903310.9,0.0333333333333333,3.0377176e-05,Very Low
MRC00639,Transfer_Business,Lagos,105,24169443.19,0.019047619047619,3.032331e-05,Very Low
MRC02937,POS_Grocery,Oyo,51,400224.16,0.0196078431372549,3.0316081e-05,Very Low
MRC00102,POS_Restaurant,Lagos,246,1218445.02,0.032520325203252,3.0175182e-05,Very Low
MRC01831,POS_Pharmacy,Kwara,66,372794.08,0.0151515151515151,3.0168678e-05,Very Low
MRC01394,POS_Restaurant,Kaduna,155,806269.79,0.032258064516129,3.0166118e-05,Very Low
MRC00259,Online_Ecommerce,Oyo,44,1737370.46,0.0227272727272727,3.0044275e-05,Very Low
MRC02461,Online_Gaming,Anambra,50,168696.2,0.02,3.002122e-05,Very Low
MRC03338,Transfer_P2P,Lagos,174,3710422.06,0.0344827586206896,2.9999295e-05,Very Low
MRC00251,POS_Fashion,Lagos,64,1701259.79,0.03125,2.9981706e-05,Very Low
MRC04244,Online_Ecommerce,Cross River,317,11032704.41,0.0252365930599369,2.9962697e-05,Very Low
MRC04619,POS_Restaurant,Lagos,104,533508.42,0.0288461538461538,2.9929684e-05,Very Low
MRC04689,POS_Fuel,Kaduna,87,1151106.75,0.0229885057471264,2.9848421e-05,Very Low
MRC01431,Online_Gaming,Ogun,87,267369.46,0.0229885057471264,2.9777148e-05,Very Low
MRC00599,Transfer_Business,Abuja,42,9694580.82,0.0238095238095238,2.9755118e-05,Very Low
MRC01948,POS_Fashion,Imo,66,1573359.01,0.0151515151515151,2.9710998e-05,Very Low
MRC02933,Online_Bills,Rivers,60,801173.25,0.0333333333333333,2.9669123e-05,Very Low
MRC04484,POS_Grocery,Abuja,42,311685.73,0.0238095238095238,2.9651555e-05,Very Low
MRC04163,POS_Electronics,Abuja,43,3039063.5,0.0232558139534883,2.958504e-05,Very Low
MRC03705,POS_Restaurant,Rivers,117,567570.42,0.017094017094017,2.955819e-05,Very Low
MRC00408,Online_Travel,Lagos,51,7941001.85,0.0196078431372549,2.950775e-05,Very Low
MRC03470,Online_Ecommerce,Anambra,184,6325240.81,0.0380434782608695,2.9362343e-05,Very Low
MRC04904,POS_Restaurant,Ekiti,53,278100.24,0.0188679245283018,2.9309944e-05,Very Low
MRC00771,POS_Retail,Abuja,43,467117.93,0.0232558139534883,2.925167e-05,Very Low
MRC02283,Online_Ecommerce,Lagos,149,5179184.33,0.0335570469798657,2.92154e-05,Very Low
MRC03113,POS_Fashion,Enugu,333,8615731.73,0.036036036036036,2.920125e-05,Very Low
MRC01873,Transfer_P2P,Rivers,53,1158592.88,0.0188679245283018,2.9156034e-05,Very Low
MRC01000,Transfer_Business,Bayelsa,54,14202206.54,0.037037037037037,2.915592e-05,Very Low
MRC00044,Transfer_P2P,Ogun,51,994089.89,0.0196078431372549,2.9086215e-05,Very Low
MRC03132,Online_Travel,Rivers,62,9169382.6,0.0161290322580645,2.9043724e-05,Very Low
MRC02745,POS_Retail,Benue,70,695493.77,0.0285714285714285,2.9038018e-05,Very Low
MRC02014,POS_Fuel,Rivers,166,2357617.48,0.036144578313253,2.899886e-05,Very Low
MRC04084,POS_Fuel,Lagos,69,890030.85,0.0289855072463768,2.898921e-05,Very Low
MRC01746,POS_Electronics,Rivers,213,19290277.77,0.0328638497652582,2.8979952e-05,Very Low
MRC02270,Online_Bills,Kwara,63,687803.48,0.0158730158730158,2.8856019e-05,Very Low
MRC01419,POS_Grocery,Abuja,84,761177.69,0.0238095238095238,2.8677565e-05,Very Low
MRC02084,POS_Supermarket,Oyo,66,532379.17,0.0303030303030303,2.863204e-05,Very Low
MRC01523,Online_Ecommerce,Ogun,311,11137921.96,0.0192926045016077,2.850239e-05,Very Low
MRC01029,Online_Ecommerce,Imo,489,17773284.58,0.0245398773006134,2.8485676e-05,Very Low
MRC02967,POS_Retail,Edo,41,383132.32,0.024390243902439,2.847867e-05,Very Low
MRC03186,POS_Grocery,Ekiti,43,399185.34,0.0232558139534883,2.8257105e-05,Very Low
MRC04168,POS_Fuel,Oyo,55,798138.3200000001,0.0363636363636363,2.8146758e-05,Very Low
MRC02774,Transfer_P2P,Lagos,53,992793.04,0.0188679245283018,2.8138198e-05,Very Low
MRC02992,POS_Retail,Abuja,61,638813.4299999999,0.0327868852459016,2.8116605e-05,Very Low
MRC04292,Online_Bills,Lagos,95,1202763.71,0.031578947368421,2.8091303e-05,Very Low
MRC03092,POS_Fuel,Kano,663,10085341.89,0.0361990950226244,2.8051041e-05,Very Low
MRC02692,POS_Electronics,Lagos,53,4608083.15,0.0188679245283018,2.7940085e-05,Very Low
MRC01994,POS_Retail,Lagos,84,799734.97,0.0238095238095238,2.769333e-05,Very Low
MRC01541,POS_Supermarket,Abuja,105,906745.96,0.019047619047619,2.7633943e-05,Very Low
MRC04608,Online_Ecommerce,Abia,50,1757703.04,0.02,2.759289e-05,Very Low
MRC00589,Online_Bills,Lagos,137,1646494.62,0.0218978102189781,2.7480864e-05,Very Low
MRC01530,POS_Restaurant,Anambra,58,295029.63,0.0172413793103448,2.7422326e-05,Very Low
MRC00538,Transfer_Payroll,Rivers,132,23979984.56,0.0151515151515151,2.738399e-05,Very Low
MRC02803,POS_Restaurant,Lagos,68,321557.9,0.0294117647058823,2.7379761e-05,Very Low
MRC03311,Transfer_P2P,Rivers,112,2281486.91,0.0357142857142857,2.7344116e-05,Very Low
MRC02886,POS_Supermarket,Edo,128,1001273.94,0.0390625,2.7290944e-05,Very Low
MRC01021,Transfer_Payroll,Enugu,107,19769676.87,0.0186915887850467,2.7290502e-05,Very Low
MRC03037,POS_Electronics,Ekiti,59,5241128.48,0.0169491525423728,2.728647e-05,Very Low
MRC03287,POS_Pharmacy,Abia,443,2678215.51,0.0383747178329571,2.7283631e-05,Very Low
MRC03728,Transfer_Business,Lagos,47,12422861.7,0.0,2.7276297e-05,Very Low
MRC00240,Online_Ecommerce,Kano,55,1872117.26,0.0363636363636363,2.7272994e-05,Very Low
MRC00167,POS_Restaurant,Abuja,105,556843.32,0.019047619047619,2.7220687e-05,Very Low
MRC01521,Online_Travel,Ogun,43,6778131.19,0.0232558139534883,2.7184991e-05,Very Low
MRC04663,POS_Fuel,Cross River,69,1102155.44,0.0289855072463768,2.7178976e-05,Very Low
MRC01066,POS_Electronics,Lagos,292,24784151.27,0.0308219178082191,2.7155531e-05,Very Low
MRC03389,POS_Restaurant,Abuja,88,484148.76,0.0227272727272727,2.7150765e-05,Very Low
MRC03188,POS_Fuel,Ogun,52,853432.52,0.0192307692307692,2.7037877e-05,Very Low
MRC01810,POS_Restaurant,Kano,145,821198.72,0.0344827586206896,2.702254e-05,Very Low
MRC04574,POS_Restaurant,Delta,44,261950.22,0.0227272727272727,2.6967627e-05,Very Low
MRC00327,POS_Fuel,Oyo,44,589678.32,0.0227272727272727,2.6938736e-05,Very Low
MRC01177,POS_Grocery,Osun,78,634157.24,0.0256410256410256,2.6882764e-05,Very Low
MRC03525,POS_Grocery,Plateau,106,855268.58,0.0283018867924528,2.6869284e-05,Very Low
MRC04474,Online_Ecommerce,Delta,212,7945919.43,0.0377358490566037,2.6836124e-05,Very Low
MRC01495,Online_Ecommerce,Enugu,242,8523588.06,0.0289256198347107,2.6769332e-05,Very Low
MRC04556,Online_Ecommerce,Delta,64,1884297.55,0.015625,2.676387e-05,Very Low
MRC00374,Online_Ecommerce,Kwara,490,17744851.45,0.036734693877551,2.6710859e-05,Very Low
MRC04626,POS_Restaurant,Lagos,401,2054637.38,0.0399002493765586,2.6687207e-05,Very Low
MRC00147,POS_Restaurant,Ogun,49,181980.77,0.0204081632653061,2.6650734e-05,Very Low
MRC02846,Transfer_P2P,Lagos,54,899849.5,0.037037037037037,2.6545193e-05,Very Low
MRC04706,Online_Ecommerce,Lagos,149,5508696.03,0.0201342281879194,2.6476171e-05,Very Low
MRC01377,Transfer_Business,Abuja,106,28232143.9,0.0094339622641509,2.6378086e-05,Very Low
MRC01500,Transfer_Business,Lagos,45,11218477.32,0.0222222222222222,2.636365e-05,Very Low
MRC00515,Transfer_Business,Ogun,67,15865768.84,0.0298507462686567,2.6297434e-05,Very Low
MRC04895,Online_Bills,Lagos,50,610635.91,0.02,2.620146e-05,Very Low
MRC04782,Online_Bills,Kwara,85,1135309.23,0.0235294117647058,2.6161833e-05,Very Low
MRC02112,POS_Electronics,Delta,60,5235905.73,0.0333333333333333,2.6136224e-05,Very Low
MRC04082,Online_Ecommerce,Rivers,53,1920358.99,0.0,2.611303e-05,Very Low
MRC01239,Online_Bills,Lagos,52,658379.9299999999,0.0192307692307692,2.6063346e-05,Very Low
MRC02046,Transfer_Business,Benue,46,11438865.95,0.0217391304347826,2.6023436e-05,Very Low
MRC00107,Transfer_Business,Lagos,44,10669039.7,0.0227272727272727,2.6001182e-05,Very Low
MRC04628,Online_Ecommerce,Abuja,108,3519760.2,0.037037037037037,2.5762654e-05,Very Low
MRC00739,Transfer_P2P,Lagos,220,4425926.12,0.0318181818181818,2.5667676e-05,Very Low
MRC02775,Transfer_Business,Lagos,53,13641008.53,0.0188679245283018,2.5657057e-05,Very Low
MRC03009,Online_Gaming,Imo,52,153548.45,0.0192307692307692,2.5604575e-05,Very Low
MRC04854,Online_Bills,Lagos,58,723382.34,0.0344827586206896,2.5559493e-05,Very Low
MRC00559,Transfer_P2P,Abuja,45,1045982.6,0.0,2.5507845e-05,Very Low
MRC04344,POS_Retail,Abuja,76,767683.02,0.0394736842105263,2.5327963e-05,Very Low
MRC04630,Online_Travel,Edo,134,20026631.21,0.0223880597014925,2.5292238e-05,Very Low
MRC02151,Transfer_P2P,Rivers,50,1173260.08,0.02,2.5264757e-05,Very Low
MRC01131,POS_Grocery,Lagos,60,490314.06,0.0333333333333333,2.5082309e-05,Very Low
MRC00301,POS_Retail,Abuja,52,445314.77,0.0192307692307692,2.4991768e-05,Very Low
MRC03483,POS_Grocery,Rivers,61,488026.31,0.0327868852459016,2.4936939e-05,Very Low
MRC04266,Transfer_Business,Lagos,48,11983712.68,0.0,2.4935132e-05,Very Low
MRC01518,POS_Fashion,Oyo,46,1114354.42,0.0217391304347826,2.491564e-05,Very Low
MRC02560,POS_Supermarket,Kano,237,1787967.77,0.0379746835443038,2.4869114e-05,Very Low
MRC00037,POS_Retail,Rivers,121,1180646.77,0.0413223140495867,2.485003e-05,Very Low
MRC04766,Online_Ecommerce,Lagos,62,2308399.22,0.0161290322580645,2.4809964e-05,Very Low
MRC00942,Transfer_P2P,Lagos,75,1540834.32,0.04,2.471779e-05,Very Low
MRC02273,Transfer_P2P,Lagos,43,951436.91,0.0232558139534883,2.4710484e-05,Very Low
MRC01008,POS_Electronics,Abuja,73,5973128.55,0.0273972602739726,2.470186e-05,Very Low
MRC01244,POS_Pharmacy,Kaduna,390,2303485.11,0.0384615384615384,2.4667186e-05,Very Low
MRC01360,Transfer_Business,Abuja,42,11408939.35,0.0238095238095238,2.4635894e-05,Very Low
MRC01438,POS_Fuel,Lagos,80,1178966.71,0.025,2.4588506e-05,Very Low
MRC02717,Online_Bills,Rivers,180,2226278.48,0.0277777777777777,2.458534e-05,Very Low
MRC03176,Online_Travel,Lagos,65,9559320.95,0.0,2.4584966e-05,Very Low
MRC01323,Online_Ecommerce,Enugu,178,5756000.24,0.0280898876404494,2.457327e-05,Very Low
MRC02062,POS_Electronics,Delta,42,3414660.64,0.0238095238095238,2.4503419e-05,Very Low
MRC03526,POS_Retail,Ogun,41,414157.37,0.024390243902439,2.449288e-05,Very Low
MRC03678,POS_Supermarket,Plateau,63,525818.82,0.0317460317460317,2.4463236e-05,Very Low
MRC02074,Transfer_P2P,Delta,62,1331843.78,0.0161290322580645,2.444663e-05,Very Low
MRC00124,Transfer_Business,Lagos,96,26594064.76,0.03125,2.4443878e-05,Very Low
MRC02900,Transfer_P2P,Kano,103,2264284.84,0.0,2.4386716e-05,Very Low
MRC03279,POS_Electronics,Lagos,106,8745854.55,0.0283018867924528,2.431793e-05,Very Low
MRC03923,Transfer_Business,Lagos,71,17936144.95,0.0140845070422535,2.4300589e-05,Very Low
MRC04658,Online_Ecommerce,Anambra,313,10637309.48,0.0319488817891373,2.4257477e-05,Very Low
MRC01558,Online_Bills,Kano,105,1388089.16,0.019047619047619,2.420862e-05,Very Low
MRC02082,POS_Grocery,Lagos,63,461640.61,0.0158730158730158,2.416459e-05,Very Low
MRC03190,POS_Fuel,Cross River,65,927751.14,0.0153846153846153,2.4134097e-05,Very Low
MRC02296,Online_Ecommerce,Kaduna,51,2058815.75,0.0,2.4062441e-05,Very Low
MRC04884,Online_Travel,Lagos,42,5776466.21,0.0238095238095238,2.4059895e-05,Very Low
MRC04850,Online_Ecommerce,Abuja,85,2833206.7,0.0235294117647058,2.4047806e-05,Very Low
MRC00704,Online_Ecommerce,Ekiti,198,7429180.05,0.0353535353535353,2.4040584e-05,Very Low
MRC02506,Online_Bills,Lagos,62,773815.29,0.032258064516129,2.40162e-05,Very Low
MRC03109,POS_Pharmacy,Abia,56,302757.0,0.0357142857142857,2.401588e-05,Very Low
MRC02319,POS_Supermarket,Abia,78,567554.11,0.0256410256410256,2.3845201e-05,Very Low
MRC03184,Online_Bills,Lagos,49,632358.01,0.0204081632653061,2.3840266e-05,Very Low
MRC03202,Transfer_Payroll,Enugu,49,8506649.22,0.0204081632653061,2.383572e-05,Very Low
MRC01725,Transfer_Payroll,Abuja,43,8078930.29,0.0,2.3805007e-05,Very Low
MRC03569,Transfer_P2P,Imo,143,3081568.65,0.0209790209790209,2.378082e-05,Very Low
MRC02001,POS_Supermarket,Cross River,51,390342.12,0.0196078431372549,2.3690438e-05,Very Low
MRC02265,POS_Supermarket,Kano,102,822270.58,0.0294117647058823,2.3642566e-05,Very Low
MRC00908,POS_Pharmacy,Kano,255,1543475.51,0.0352941176470588,2.3641664e-05,Very Low
MRC01038,POS_Restaurant,Kaduna,292,1484711.15,0.0410958904109589,2.3554618e-05,Very Low
MRC04468,Transfer_P2P,Delta,79,1325529.08,0.0126582278481012,2.3546936e-05,Very Low
MRC04785,Transfer_P2P,Lagos,52,992661.36,0.0192307692307692,2.3514443e-05,Very Low
MRC01464,Online_Gaming,Delta,45,130348.31,0.0222222222222222,2.3503122e-05,Very Low
MRC04784,POS_Fashion,Oyo,81,1953107.95,0.0246913580246913,2.3437564e-05,Very Low
MRC04757,Online_Ecommerce,Abuja,46,1575773.59,0.0,2.3416987e-05,Very Low
MRC04758,Transfer_P2P,Kano,51,948542.03,0.0196078431372549,2.3416205e-05,Very Low
MRC02924,Transfer_Business,Oyo,752,201200892.16,0.0319148936170212,2.3396808e-05,Very Low
MRC00689,POS_Grocery,Rivers,107,856540.25,0.02803738317757,2.3324226e-05,Very Low
MRC03203,Transfer_P2P,Kano,43,890576.95,0.0232558139534883,2.331473e-05,Very Low
MRC01820,POS_Grocery,Abuja,47,441437.71,0.0212765957446808,2.3269662e-05,Very Low
MRC03699,POS_Restaurant,Rivers,60,321581.0,0.0333333333333333,2.3251116e-05,Very Low
MRC02196,POS_Electronics,Kwara,49,4023885.68,0.0204081632653061,2.324123e-05,Very Low
MRC03381,POS_Fuel,Oyo,45,738743.3,0.0222222222222222,2.3188493e-05,Very Low
MRC01503,POS_Grocery,Abuja,137,1104163.08,0.0291970802919708,2.317543e-05,Very Low
MRC00894,Transfer_Business,Kano,57,14348204.53,0.0350877192982456,2.3140954e-05,Very Low
MRC03982,Online_Bills,Enugu,56,589037.49,0.0178571428571428,2.3109396e-05,Very Low
MRC01074,POS_Supermarket,Ogun,49,359901.69,0.0204081632653061,2.3093226e-05,Very Low
MRC01359,Online_Ecommerce,Lagos,84,3199611.87,0.0119047619047619,2.3017437e-05,Very Low
MRC00017,Transfer_Business,Cross River,115,31990217.06,0.0260869565217391,2.3005761e-05,Very Low
MRC01714,POS_Retail,Edo,135,1294508.04,0.0296296296296296,2.2958466e-05,Very Low
MRC03890,POS_Electronics,Abuja,72,6257683.92,0.0277777777777777,2.2911965e-05,Very Low
MRC04671,POS_Grocery,Lagos,62,557587.23,0.032258064516129,2.2890976e-05,Very Low
MRC03998,POS_Fuel,Abuja,173,2636990.92,0.0231213872832369,2.2849168e-05,Very Low
MRC01248,Online_Bills,Lagos,61,805387.15,0.0163934426229508,2.2485965e-05,Very Low
MRC02691,POS_Restaurant,Rivers,239,1138611.23,0.0334728033472803,2.2425022e-05,Very Low
MRC03680,Transfer_Business,Anambra,46,11939841.88,0.0,2.2422711e-05,Very Low
MRC02342,Online_Ecommerce,Rivers,51,1903098.09,0.0196078431372549,2.2399116e-05,Very Low
MRC03498,POS_Grocery,Abuja,410,3394981.91,0.0341463414634146,2.2379108e-05,Very Low
MRC03633,POS_Retail,Anambra,48,471270.3,0.0208333333333333,2.2333463e-05,Very Low
MRC04762,POS_Retail,Lagos,76,794113.72,0.0394736842105263,2.2294435e-05,Very Low
MRC04252,Transfer_Business,Lagos,88,20740618.61,0.0,2.2247732e-05,Very Low
MRC03973,POS_Grocery,Lagos,42,343122.28,0.0,2.2223261e-05,Very Low
MRC04803,Transfer_P2P,Kaduna,48,984457.65,0.0,2.217459e-05,Very Low
MRC01892,POS_Retail,Lagos,89,904726.42,0.0224719101123595,2.2162183e-05,Very Low
MRC04667,POS_Fuel,Plateau,67,1063246.54,0.0149253731343283,2.2124805e-05,Very Low
MRC00118,Transfer_P2P,Edo,55,1176244.8,0.0363636363636363,2.2055685e-05,Very Low
MRC02480,POS_Restaurant,Lagos,42,205167.87,0.0238095238095238,2.2029935e-05,Very Low
MRC03864,POS_Fuel,Abuja,61,952204.42,0.0327868852459016,2.1988335e-05,Very Low
MRC03271,POS_Grocery,Abuja,83,662841.37,0.0240963855421686,2.1949134e-05,Very Low
MRC01933,Transfer_Business,Abuja,45,12979008.77,0.0222222222222222,2.1937187e-05,Very Low
MRC00947,POS_Retail,Abuja,159,1652809.54,0.0314465408805031,2.1885051e-05,Very Low
MRC01298,Online_Travel,Plateau,63,8575493.41,0.0317460317460317,2.187151e-05,Very Low
MRC04211,Transfer_P2P,Edo,53,1060246.62,0.0,2.1764254e-05,Very Low
MRC00382,Transfer_P2P,Abuja,50,962234.93,0.02,2.1744108e-05,Very Low
MRC01923,POS_Retail,Lagos,252,2579079.14,0.0277777777777777,2.1638816e-05,Very Low
MRC03659,Transfer_P2P,Lagos,47,1206082.27,0.0,2.1561344e-05,Very Low
MRC02629,POS_Fashion,Oyo,43,1040335.06,0.0,2.1546748e-05,Very Low
MRC04891,POS_Restaurant,Kaduna,68,384689.78,0.0,2.1505857e-05,Very Low
MRC01612,Transfer_Payroll,Lagos,247,44053956.86,0.0161943319838056,2.1484948e-05,Very Low
MRC01673,POS_Retail,Ekiti,43,511973.56,0.0232558139534883,2.1459904e-05,Very Low
MRC04767,POS_Fuel,Delta,79,1237924.89,0.0379746835443038,2.1374284e-05,Very Low
MRC03517,POS_Fashion,Imo,64,1721668.12,0.015625,2.1302958e-05,Very Low
MRC03253,POS_Grocery,Kano,54,384876.71,0.037037037037037,2.1291118e-05,Very Low
MRC04424,POS_Electronics,Kaduna,59,4930562.89,0.0338983050847457,2.1265772e-05,Very Low
MRC03804,Transfer_P2P,Cross River,46,965961.49,0.0217391304347826,2.1261272e-05,Very Low
MRC04754,Transfer_Business,Cross River,86,18419203.2,0.0,2.1239484e-05,Very Low
MRC01898,Online_Ecommerce,Abuja,48,1618697.32,0.0208333333333333,2.1207465e-05,Very Low
MRC03766,POS_Restaurant,Lagos,105,492635.77,0.0285714285714285,2.117913e-05,Very Low
MRC01338,Online_Ecommerce,Lagos,43,1578100.2,0.0,2.117804e-05,Very Low
MRC00558,POS_Restaurant,Lagos,74,374015.15,0.027027027027027,2.1164029e-05,Very Low
MRC00288,POS_Grocery,Abia,103,858582.52,0.0194174757281553,2.1135971e-05,Very Low
MRC02143,POS_Electronics,Delta,65,5627260.63,0.0,2.1125856e-05,Very Low
MRC00995,POS_Pharmacy,Kaduna,318,1965987.19,0.0314465408805031,2.1107167e-05,Very Low
MRC03811,Online_Ecommerce,Lagos,41,1457139.95,0.024390243902439,2.1103464e-05,Very Low
MRC00375,POS_Grocery,Ekiti,189,1607498.83,0.037037037037037,2.1012855e-05,Very Low
MRC00082,POS_Retail,Oyo,43,381136.12,0.0232558139534883,2.1009108e-05,Very Low
MRC00755,Transfer_Payroll,Lagos,47,9368787.35,0.0212765957446808,2.0965315e-05,Very Low
MRC02479,POS_Fuel,Bayelsa,106,1639104.04,0.0188679245283018,2.0951844e-05,Very Low
MRC03942,Online_Ecommerce,Lagos,43,1354085.55,0.0232558139534883,2.0939658e-05,Very Low
MRC03819,Transfer_P2P,Kaduna,111,2395211.41,0.036036036036036,2.0889018e-05,Very Low
MRC01909,Online_Ecommerce,Kwara,46,1515065.21,0.0217391304347826,2.0887366e-05,Very Low
MRC02926,POS_Grocery,Kano,53,430794.13,0.0188679245283018,2.0876172e-05,Very Low
MRC01967,Transfer_Payroll,Bayelsa,42,8300883.37,0.0238095238095238,2.0853928e-05,Very Low
MRC02548,Transfer_P2P,Edo,126,2445874.12,0.0317460317460317,2.0828506e-05,Very Low
MRC00766,POS_Fuel,Abuja,45,713757.67,0.0222222222222222,2.0824653e-05,Very Low
MRC00028,POS_Retail,Lagos,45,502730.04,0.0222222222222222,2.0819987e-05,Very Low
MRC00632,POS_Fashion,Delta,48,1251994.9,0.0,2.0798e-05,Very Low
MRC00260,Transfer_Business,Lagos,124,31685800.08,0.032258064516129,2.0770509e-05,Very Low
MRC03938,POS_Retail,Plateau,168,1705188.51,0.0297619047619047,2.076726e-05,Very Low
MRC03177,POS_Restaurant,Abia,60,310758.93,0.0166666666666666,2.0747484e-05,Very Low
MRC04676,POS_Supermarket,Kano,74,612277.77,0.0405405405405405,2.0744674e-05,Very Low
MRC00030,POS_Fuel,Kano,42,667829.61,0.0238095238095238,2.0681147e-05,Very Low
MRC02501,POS_Fashion,Oyo,44,1157396.35,0.0227272727272727,2.0663032e-05,Very Low
MRC00519,POS_Electronics,Lagos,141,12789108.15,0.0212765957446808,2.0644851e-05,Very Low
MRC04164,Online_Ecommerce,Imo,101,3878681.56,0.0198019801980198,2.0519721e-05,Very Low
MRC01355,Online_Bills,Delta,59,692397.86,0.0338983050847457,2.0446936e-05,Very Low
MRC00106,Online_Ecommerce,Kano,63,2330984.42,0.0,2.0433703e-05,Very Low
MRC00783,Online_Travel,Kano,66,9576365.43,0.0151515151515151,2.0405252e-05,Very Low
MRC02904,Online_Bills,Lagos,41,507849.04,0.024390243902439,2.0400485e-05,Very Low
MRC00731,Online_Bills,Anambra,74,1079137.24,0.0405405405405405,2.0398384e-05,Very Low
MRC02304,Transfer_P2P,Lagos,78,1469097.0,0.0256410256410256,2.0351808e-05,Very Low
MRC02469,POS_Retail,Enugu,45,376181.3,0.0222222222222222,2.0323005e-05,Very Low
MRC04040,Online_Bills,Kwara,109,1268762.02,0.0275229357798165,2.0319576e-05,Very Low
MRC00451,POS_Pharmacy,Lagos,72,436896.58,0.0277777777777777,2.0294903e-05,Very Low
MRC04381,POS_Retail,Imo,43,346614.37,0.0232558139534883,2.028519e-05,Very Low
MRC02963,Transfer_P2P,Abia,67,1258905.93,0.0298507462686567,2.0268733e-05,Very Low
MRC03809,POS_Retail,Lagos,293,2880600.82,0.0409556313993174,2.0187848e-05,Very Low
MRC01988,Online_Ecommerce,Bayelsa,48,1661958.14,0.0,2.0162259e-05,Very Low
MRC02473,Transfer_Business,Lagos,87,20112604.77,0.0114942528735632,2.0126336e-05,Very Low
MRC01034,POS_Restaurant,Enugu,49,247402.46,0.0204081632653061,2.0119618e-05,Very Low
MRC04687,Online_Ecommerce,Kaduna,44,1349258.37,0.0227272727272727,2.0097239e-05,Very Low
MRC03856,POS_Pharmacy,Lagos,54,296074.03,0.0185185185185185,2.0076262e-05,Very Low
MRC04304,Online_Ecommerce,Oyo,46,1514904.66,0.0217391304347826,2.0016121e-05,Very Low
MRC03485,POS_Retail,Kano,44,422967.73,0.0227272727272727,2.0010604e-05,Very Low
MRC03477,POS_Retail,Lagos,302,3036490.01,0.0364238410596026,1.9984649e-05,Very Low
MRC01836,POS_Grocery,Edo,42,312139.58,0.0238095238095238,1.9981142e-05,Very Low
MRC01099,POS_Supermarket,Lagos,177,1454434.85,0.0282485875706214,1.9959356e-05,Very Low
MRC01857,Online_Ecommerce,Ogun,58,2022013.64,0.0172413793103448,1.9930863e-05,Very Low
MRC04512,POS_Grocery,Lagos,155,1219604.47,0.032258064516129,1.99298e-05,Very Low
MRC01141,Online_Gaming,Oyo,44,103662.66,0.0,1.9917106e-05,Very Low
MRC04604,POS_Retail,Abuja,43,464406.19,0.0232558139534883,1.991101e-05,Very Low
MRC01134,POS_Restaurant,Kwara,143,662215.02,0.0279720279720279,1.989911e-05,Very Low
MRC01275,Online_Ecommerce,Rivers,103,3645311.98,0.0194174757281553,1.9858142e-05,Very Low
MRC04779,POS_Grocery,Osun,66,484658.54,0.0303030303030303,1.9844378e-05,Very Low
MRC03170,POS_Fuel,Kaduna,50,805450.87,0.0,1.9816465e-05,Very Low
MRC00973,Online_Travel,Lagos,44,6700768.94,0.0,1.977301e-05,Very Low
MRC01587,POS_Grocery,Abuja,53,474352.51,0.0188679245283018,1.9758703e-05,Very Low
MRC04166,Online_Ecommerce,Rivers,43,1358073.81,0.0,1.9754652e-05,Very Low
MRC00531,Online_Ecommerce,Oyo,153,5180816.13,0.0326797385620915,1.9649528e-05,Very Low
MRC04938,POS_Fuel,Lagos,174,2730214.58,0.0229885057471264,1.962668e-05,Very Low
MRC00809,POS_Grocery,Lagos,89,695323.37,0.0112359550561797,1.9617528e-05,Very Low
MRC01506,Online_Ecommerce,Oyo,43,1451630.02,0.0,1.9600979e-05,Very Low
MRC04653,Transfer_P2P,Abia,56,1218996.93,0.0178571428571428,1.9600642e-05,Very Low
MRC00071,POS_Grocery,Abuja,50,356665.53,0.02,1.9529778e-05,Very Low
MRC00063,Transfer_Business,Abuja,81,19517001.71,0.0246913580246913,1.9528381e-05,Very Low
MRC04899,POS_Fashion,Plateau,112,3038116.11,0.0267857142857142,1.9528306e-05,Very Low
MRC00765,POS_Restaurant,Rivers,83,440581.36,0.0240963855421686,1.952097e-05,Very Low
MRC01867,Online_Ecommerce,Lagos,65,2165627.19,0.0153846153846153,1.952097e-05,Very Low
MRC01352,POS_Grocery,Osun,47,397557.43,0.0212765957446808,1.9487823e-05,Very Low
MRC03504,Online_Bills,Lagos,92,1212177.78,0.0326086956521739,1.9464847e-05,Very Low
MRC00504,Online_Travel,Rivers,58,9394870.49,0.0344827586206896,1.9429666e-05,Very Low
MRC03567,POS_Retail,Lagos,44,414266.72,0.0227272727272727,1.9400855e-05,Very Low
MRC01319,POS_Grocery,Edo,63,518988.43,0.0317460317460317,1.9398229e-05,Very Low
MRC01212,POS_Supermarket,Abuja,135,1076500.21,0.0296296296296296,1.9387096e-05,Very Low
MRC04423,Online_Ecommerce,Lagos,42,1777191.93,0.0238095238095238,1.9339528e-05,Very Low
MRC01755,POS_Retail,Lagos,54,659704.1,0.0185185185185185,1.932817e-05,Very Low
MRC04712,POS_Restaurant,Lagos,50,299058.81,0.02,1.9284074e-05,Very Low
MRC02284,POS_Grocery,Benue,70,579585.14,0.0285714285714285,1.9168765e-05,Very Low
MRC01907,POS_Grocery,Lagos,48,353925.32,0.0,1.9132913e-05,Very Low
MRC04097,POS_Retail,Abuja,62,653251.05,0.032258064516129,1.911907e-05,Very Low
MRC04715,Online_Travel,Kano,45,6413923.49,0.0222222222222222,1.905387e-05,Very Low
MRC03344,Online_Bills,Lagos,73,768806.75,0.0273972602739726,1.9046822e-05,Very Low
MRC02172,POS_Fuel,Imo,410,5839867.5200000005,0.0390243902439024,1.9041663e-05,Very Low
MRC03079,Online_Travel,Rivers,104,17365030.64,0.0192307692307692,1.9032748e-05,Very Low
MRC01705,POS_Supermarket,Kaduna,48,403986.64,0.0208333333333333,1.8995323e-05,Very Low
MRC03175,Online_Ecommerce,Benue,56,2258080.47,0.0178571428571428,1.8981687e-05,Very Low
MRC02949,POS_Retail,Anambra,47,487976.2,0.0212765957446808,1.8924553e-05,Very Low
MRC00205,Online_Ecommerce,Anambra,45,1364537.79,0.0222222222222222,1.8914378e-05,Very Low
MRC03782,Online_Ecommerce,Lagos,42,1504342.84,0.0238095238095238,1.8910967e-05,Very Low
MRC03665,POS_Restaurant,Abia,41,209421.74,0.024390243902439,1.8879811e-05,Very Low
MRC01726,POS_Electronics,Kano,93,8136748.26,0.010752688172043,1.8871046e-05,Very Low
MRC03154,Online_Travel,Lagos,43,6188540.33,0.0232558139534883,1.886795e-05,Very Low
MRC03945,POS_Restaurant,Lagos,53,269236.25,0.0188679245283018,1.8768262e-05,Very Low
MRC03472,POS_Retail,Plateau,48,492406.42,0.0208333333333333,1.8766077e-05,Very Low
MRC02471,POS_Retail,Anambra,43,411623.68,0.0232558139534883,1.8765844e-05,Very Low
MRC00444,Online_Bills,Rivers,42,474242.14,0.0238095238095238,1.8720764e-05,Very Low
MRC02951,POS_Pharmacy,Ogun,57,376572.42,0.0350877192982456,1.8692845e-05,Very Low
MRC03255,Online_Bills,Lagos,51,687526.39,0.0196078431372549,1.8676184e-05,Very Low
MRC04738,Online_Ecommerce,Delta,45,1995627.77,0.0,1.865833e-05,Very Low
MRC01554,Online_Ecommerce,Anambra,42,1541708.62,0.0,1.8633826e-05,Very Low
MRC01180,Transfer_P2P,Imo,111,2390403.44,0.027027027027027,1.859777e-05,Very Low
MRC02044,POS_Retail,Delta,53,574740.19,0.0188679245283018,1.8576764e-05,Very Low
MRC04607,POS_Electronics,Ogun,52,4040820.98,0.0192307692307692,1.856033e-05,Very Low
MRC01728,POS_Restaurant,Kano,119,612207.51,0.0336134453781512,1.8523375e-05,Very Low
MRC04209,Transfer_Payroll,Oyo,216,38568868.86,0.0092592592592592,1.8510871e-05,Very Low
MRC00564,Online_Bills,Delta,151,1823241.16,0.0397350993377483,1.8480674e-05,Very Low
MRC03418,POS_Restaurant,Lagos,52,261039.08,0.0192307692307692,1.8441995e-05,Very Low
MRC03768,Online_Travel,Abuja,43,6281644.34,0.0,1.8295426e-05,Very Low
MRC01657,Transfer_Business,Kaduna,48,10874940.76,0.0208333333333333,1.8219984e-05,Very Low
MRC04950,POS_Retail,Delta,45,456754.63,0.0222222222222222,1.818875e-05,Very Low
MRC03016,POS_Fuel,Rivers,68,1016193.69,0.0147058823529411,1.8180132e-05,Very Low
MRC03241,Transfer_Business,Osun,43,12033649.93,0.0,1.8131184e-05,Very Low
MRC01158,Online_Ecommerce,Abuja,74,2490956.32,0.027027027027027,1.8105318e-05,Very Low
MRC01450,Transfer_Payroll,Abuja,55,10225726.35,0.0181818181818181,1.8103332e-05,Very Low
MRC03035,Online_Ecommerce,Abia,199,7360922.09,0.0251256281407035,1.8022527e-05,Very Low
MRC02522,Online_Ecommerce,Lagos,66,2265334.85,0.0303030303030303,1.8008386e-05,Very Low
MRC00505,POS_Fuel,Rivers,52,790738.86,0.0192307692307692,1.8003082e-05,Very Low
MRC01112,POS_Supermarket,Kano,51,390234.2,0.0196078431372549,1.797601e-05,Very Low
MRC00609,POS_Grocery,Abia,74,629273.81,0.027027027027027,1.7969272e-05,Very Low
MRC03668,Online_Ecommerce,Cross River,55,1794923.01,0.0181818181818181,1.7950946e-05,Very Low
MRC02156,Online_Ecommerce,Kaduna,49,1641771.09,0.0204081632653061,1.7948345e-05,Very Low
MRC04560,POS_Fuel,Delta,698,10600232.09,0.0272206303724928,1.7913957e-05,Very Low
MRC03264,POS_Pharmacy,Lagos,107,637284.94,0.02803738317757,1.7908951e-05,Very Low
MRC01457,Transfer_P2P,Ogun,52,990611.25,0.0,1.7808876e-05,Very Low
MRC03074,Transfer_Business,Abuja,91,23623301.65,0.0109890109890109,1.7793207e-05,Very Low
MRC03737,POS_Retail,Delta,161,1696067.97,0.0186335403726708,1.7756864e-05,Very Low
MRC00597,POS_Restaurant,Lagos,44,227196.76,0.0227272727272727,1.7721388e-05,Very Low
MRC00535,Online_Travel,Abuja,51,7265687.44,0.0196078431372549,1.7715254e-05,Very Low
MRC03330,Online_Ecommerce,Lagos,59,1960450.66,0.0169491525423728,1.7714545e-05,Very Low
MRC00551,POS_Grocery,Lagos,1255,9908106.35,0.0342629482071713,1.7711809e-05,Very Low
MRC03376,Online_Ecommerce,Kano,62,2312622.77,0.0161290322580645,1.7684652e-05,Very Low
MRC04125,POS_Electronics,Abia,51,3632160.2,0.0,1.767848e-05,Very Low
MRC04969,POS_Restaurant,Oyo,53,239209.39,0.0,1.7651088e-05,Very Low
MRC00604,Transfer_Payroll,Lagos,55,9482369.47,0.0181818181818181,1.7648024e-05,Very Low
MRC02241,Online_Ecommerce,Ogun,54,1782529.9,0.0185185185185185,1.7644288e-05,Very Low
MRC03838,POS_Retail,Lagos,257,2702409.52,0.0389105058365758,1.7626562e-05,Very Low
MRC03516,Online_Ecommerce,Oyo,70,2359346.95,0.0142857142857142,1.7615774e-05,Very Low
MRC02505,POS_Restaurant,Lagos,49,225971.4,0.0204081632653061,1.7608032e-05,Very Low
MRC03142,Online_Ecommerce,Enugu,67,2316549.43,0.0149253731343283,1.7562232e-05,Very Low
MRC01004,Transfer_Business,Ogun,63,16836654.63,0.0,1.7547198e-05,Very Low
MRC02561,Transfer_P2P,Plateau,64,1174400.94,0.0,1.7537028e-05,Very Low
MRC03256,Online_Ecommerce,Kaduna,298,10595467.31,0.0302013422818791,1.7472807e-05,Very Low
MRC03250,Transfer_Business,Abuja,86,23400985.73,0.0,1.746411e-05,Very Low
MRC01284,Online_Bills,Oyo,44,501760.38,0.0227272727272727,1.7413635e-05,Very Low
MRC02498,POS_Fuel,Rivers,89,1312451.65,0.0224719101123595,1.7341365e-05,Very Low
MRC01577,POS_Grocery,Delta,45,395634.71,0.0222222222222222,1.7328388e-05,Very Low
MRC00351,POS_Restaurant,Lagos,72,351955.09,0.0277777777777777,1.7324868e-05,Very Low
MRC04438,Online_Ecommerce,Anambra,178,7047665.18,0.0280898876404494,1.7319797e-05,Very Low
MRC00816,Transfer_Business,Abuja,94,21688663.9,0.0212765957446808,1.730525e-05,Very Low
MRC02358,Transfer_P2P,Lagos,53,1202629.18,0.0188679245283018,1.7282673e-05,Very Low
MRC02555,Online_Ecommerce,Rivers,61,2205221.62,0.0327868852459016,1.7279592e-05,Very Low
MRC01526,POS_Fuel,Kano,43,702004.15,0.0,1.7254479e-05,Very Low
MRC03301,POS_Restaurant,Lagos,137,669779.81,0.0291970802919708,1.7236422e-05,Very Low
MRC04876,Online_Bills,Oyo,82,939274.45,0.0121951219512195,1.7199969e-05,Very Low
MRC04313,POS_Retail,Oyo,43,454407.92,0.0232558139534883,1.7178494e-05,Very Low
MRC03069,POS_Retail,Bayelsa,52,577016.98,0.0192307692307692,1.7135118e-05,Very Low
MRC02089,POS_Restaurant,Delta,301,1509960.18,0.0299003322259136,1.7133289e-05,Very Low
MRC01148,Online_Ecommerce,Osun,67,1965585.65,0.0149253731343283,1.7126542e-05,Very Low
MRC00127,Online_Ecommerce,Delta,81,3307661.86,0.0,1.7081344e-05,Very Low
MRC02113,Transfer_P2P,Abia,424,9470210.0,0.025943396226415,1.7056585e-05,Very Low
MRC00879,Transfer_P2P,Lagos,139,3054694.96,0.0287769784172661,1.7014621e-05,Very Low
MRC00233,Online_Bills,Enugu,48,535602.26,0.0208333333333333,1.6962695e-05,Very Low
MRC01663,Online_Bills,Kano,50,599242.63,0.02,1.6961774e-05,Very Low
MRC04597,POS_Retail,Abuja,46,498474.6,0.0217391304347826,1.6943375e-05,Very Low
MRC01218,Transfer_Business,Lagos,65,17836672.86,0.0153846153846153,1.6933102e-05,Very Low
MRC04043,POS_Retail,Lagos,71,709597.88,0.0,1.693194e-05,Very Low
MRC04611,Transfer_Business,Abuja,440,113613766.65,0.0272727272727272,1.6925418e-05,Very Low
MRC04520,Online_Bills,Abuja,42,496729.53,0.0238095238095238,1.6912541e-05,Very Low
MRC01639,POS_Grocery,Abuja,89,709037.8,0.0224719101123595,1.689808e-05,Very Low
MRC02733,Online_Ecommerce,Ogun,112,4412566.19,0.0267857142857142,1.6833357e-05,Very Low
MRC04945,POS_Grocery,Enugu,55,452046.34,0.0363636363636363,1.6800608e-05,Very Low
MRC00152,POS_Grocery,Lagos,44,293050.37,0.0227272727272727,1.6727292e-05,Very Low
MRC00433,POS_Fuel,Lagos,42,677713.1,0.0238095238095238,1.6662381e-05,Very Low
MRC01489,Online_Travel,Abuja,131,20710723.34,0.0305343511450381,1.6661841e-05,Very Low
MRC04856,POS_Electronics,Enugu,47,3561465.4,0.0,1.665779e-05,Very Low
MRC02340,Online_Travel,Rivers,53,7841562.64,0.0188679245283018,1.665531e-05,Very Low
MRC04786,POS_Fashion,Cross River,60,1375980.44,0.0333333333333333,1.6652994e-05,Very Low
MRC04577,Online_Ecommerce,Abia,70,2390413.61,0.0142857142857142,1.6650134e-05,Very Low
MRC01068,Online_Ecommerce,Ogun,43,1584190.66,0.0,1.6578297e-05,Very Low
MRC02148,Transfer_Business,Edo,108,27024705.35,0.0277777777777777,1.657414e-05,Very Low
MRC01012,POS_Grocery,Abuja,42,300784.56,0.0238095238095238,1.6566095e-05,Very Low
MRC00750,POS_Retail,Lagos,73,808289.61,0.0410958904109589,1.6562004e-05,Very Low
MRC01895,POS_Fashion,Rivers,62,1674826.17,0.0161290322580645,1.6552704e-05,Very Low
MRC01882,Transfer_P2P,Osun,52,1157703.48,0.0192307692307692,1.6511965e-05,Very Low
MRC02556,Transfer_Business,Lagos,56,13201921.59,0.0178571428571428,1.651014e-05,Very Low
MRC03772,Transfer_Business,Abia,117,30060648.76,0.0256410256410256,1.6502016e-05,Very Low
MRC01313,POS_Restaurant,Anambra,44,226636.9,0.0227272727272727,1.647797e-05,Very Low
MRC03479,Transfer_Business,Lagos,106,24687473.56,0.0283018867924528,1.645465e-05,Very Low
MRC03355,Transfer_Business,Bayelsa,42,10532685.64,0.0,1.6432023e-05,Very Low
MRC02386,Online_Ecommerce,Kano,237,8794842.46,0.0295358649789029,1.6424017e-05,Very Low
MRC00234,POS_Grocery,Lagos,224,1790109.4,0.0357142857142857,1.6302845e-05,Very Low
MRC01364,Transfer_P2P,Delta,66,1301079.43,0.0151515151515151,1.6289463e-05,Very Low
MRC01951,POS_Fuel,Abuja,67,1037071.83,0.0298507462686567,1.624841e-05,Very Low
MRC01194,Transfer_P2P,Ekiti,42,861338.29,0.0238095238095238,1.6239286e-05,Very Low
MRC04426,Transfer_P2P,Kaduna,43,843606.29,0.0232558139534883,1.6223514e-05,Very Low
MRC04094,Transfer_Business,Kaduna,161,40771396.55,0.0124223602484472,1.6197959e-05,Very Low
MRC03553,Transfer_Business,Abuja,88,23526008.41,0.0113636363636363,1.617664e-05,Very Low
MRC00605,POS_Electronics,Ogun,55,4349249.39,0.0363636363636363,1.6146847e-05,Very Low
MRC04798,POS_Restaurant,Kwara,47,248831.96,0.0,1.6143613e-05,Very Low
MRC00346,Online_Ecommerce,Abuja,47,1396630.93,0.0212765957446808,1.6120968e-05,Very Low
MRC01999,Online_Ecommerce,Kaduna,76,2293694.2,0.0263157894736842,1.612049e-05,Very Low
MRC03387,POS_Restaurant,Kaduna,51,290481.49,0.0196078431372549,1.6088545e-05,Very Low
MRC03407,Online_Ecommerce,Edo,51,2111832.48,0.0196078431372549,1.6077442e-05,Very Low
MRC00663,Online_Travel,Anambra,64,9959730.4,0.0,1.6035394e-05,Very Low
MRC03779,Transfer_Business,Imo,48,10796096.62,0.0208333333333333,1.6028605e-05,Very Low
MRC04869,Online_Travel,Kano,44,6589005.87,0.0227272727272727,1.6019085e-05,Very Low
MRC02179,POS_Retail,Abuja,183,1849621.52,0.0382513661202185,1.6010563e-05,Very Low
MRC03915,POS_Restaurant,Imo,71,360040.33,0.028169014084507,1.6008746e-05,Very Low
MRC04514,POS_Electronics,Lagos,49,4471345.76,0.0,1.5962873e-05,Very Low
MRC04935,POS_Grocery,Abuja,115,1038745.66,0.0260869565217391,1.594042e-05,Very Low
MRC02802,Online_Ecommerce,Oyo,177,6091695.98,0.0169491525423728,1.5938795e-05,Very Low
MRC01837,Online_Bills,Oyo,48,584438.13,0.0,1.592919e-05,Very Low
MRC02389,POS_Fuel,Abuja,49,748020.55,0.0204081632653061,1.5891954e-05,Very Low
MRC00254,POS_Retail,Abuja,148,1413919.53,0.0337837837837837,1.5861506e-05,Very Low
MRC02398,Transfer_P2P,Oyo,88,1729656.21,0.0227272727272727,1.5856955e-05,Very Low
MRC04146,POS_Restaurant,Kano,58,276746.34,0.0344827586206896,1.580101e-05,Very Low
MRC03391,POS_Fashion,Abuja,105,2805178.16,0.0285714285714285,1.5793494e-05,Very Low
MRC01838,POS_Grocery,Bayelsa,59,382699.81,0.0338983050847457,1.5792362e-05,Very Low
MRC01842,POS_Grocery,Delta,150,1192315.2,0.04,1.5783346e-05,Very Low
MRC01192,POS_Retail,Kano,51,443519.72,0.0196078431372549,1.5781086e-05,Very Low
MRC03458,Online_Ecommerce,Bayelsa,52,1875345.72,0.0,1.5781086e-05,Very Low
MRC02999,POS_Fuel,Abuja,42,625621.49,0.0238095238095238,1.5769743e-05,Very Low
MRC04618,POS_Grocery,Lagos,46,335159.83,0.0217391304347826,1.5769263e-05,Very Low
MRC00691,POS_Retail,Kano,143,1523260.65,0.0419580419580419,1.5734082e-05,Very Low
MRC04888,POS_Retail,Bayelsa,60,650968.43,0.0333333333333333,1.5726597e-05,Very Low
MRC01788,POS_Grocery,Osun,119,1064054.81,0.0336134453781512,1.571643e-05,Very Low
MRC03742,POS_Retail,Lagos,47,516730.59,0.0212765957446808,1.5706137e-05,Very Low
MRC03689,POS_Fuel,Lagos,51,706575.0700000001,0.0196078431372549,1.5638565e-05,Very Low
MRC03934,Online_Bills,Lagos,51,597450.66,0.0196078431372549,1.5637119e-05,Very Low
MRC04582,Online_Ecommerce,Benue,67,2560977.27,0.0298507462686567,1.562807e-05,Very Low
MRC03434,Transfer_Payroll,Rivers,43,7499581.41,0.0232558139534883,1.5617523e-05,Very Low
MRC03024,Online_Bills,Ogun,44,486350.38,0.0227272727272727,1.560579e-05,Very Low
MRC03710,POS_Fashion,Oyo,45,1159296.7,0.0222222222222222,1.55821e-05,Very Low
MRC00326,POS_Supermarket,Abuja,44,338459.62,0.0227272727272727,1.553062e-05,Very Low
MRC03328,POS_Fuel,Kaduna,240,3617469.49,0.0375,1.5526237e-05,Very Low
MRC01156,Online_Bills,Lagos,116,1339511.64,0.0172413793103448,1.5526222e-05,Very Low
MRC00406,POS_Restaurant,Benue,59,260607.1,0.0338983050847457,1.5495705e-05,Very Low
MRC00987,POS_Retail,Enugu,252,2438047.23,0.0317460317460317,1.5491303e-05,Very Low
MRC02054,POS_Fashion,Rivers,202,4840783.99,0.0297029702970297,1.5481866e-05,Very Low
MRC00778,POS_Grocery,Abuja,62,471269.38,0.0161290322580645,1.5447606e-05,Very Low
MRC01293,POS_Grocery,Delta,103,839174.87,0.0,1.5446589e-05,Very Low
MRC02795,Transfer_P2P,Abuja,65,1293113.95,0.0307692307692307,1.5381836e-05,Very Low
MRC01292,Online_Ecommerce,Lagos,58,2293000.75,0.0344827586206896,1.5333344e-05,Very Low
MRC03826,POS_Grocery,Delta,64,541008.42,0.0,1.5320613e-05,Very Low
MRC01283,Transfer_Business,Lagos,78,20057411.28,0.0256410256410256,1.5319429e-05,Very Low
MRC02301,Online_Travel,Rivers,89,14335203.92,0.0112359550561797,1.5314521e-05,Very Low
MRC02119,Online_Ecommerce,Abuja,89,3026136.72,0.0224719101123595,1.530325e-05,Very Low
MRC00139,POS_Retail,Kano,46,392810.77,0.0,1.5302827e-05,Very Low
MRC04031,POS_Retail,Imo,111,1185208.42,0.036036036036036,1.5256127e-05,Very Low
MRC02250,Online_Bills,Delta,46,497096.79,0.0,1.5255545e-05,Very Low
MRC04928,POS_Fuel,Delta,45,718914.18,0.0222222222222222,1.5205028e-05,Very Low
MRC03657,Transfer_P2P,Rivers,44,982915.25,0.0,1.5204708e-05,Very Low
MRC00424,POS_Electronics,Abia,97,8479737.57,0.0103092783505154,1.5202868e-05,Very Low
MRC02983,POS_Restaurant,Abuja,103,449399.7,0.029126213592233,1.5158306e-05,Very Low
MRC01660,POS_Restaurant,Abuja,50,252468.92,0.02,1.5153493e-05,Very Low
MRC02137,POS_Restaurant,Delta,111,601784.2,0.027027027027027,1.5136624e-05,Very Low
MRC04954,POS_Pharmacy,Oyo,136,866164.86,0.0220588235294117,1.5114712e-05,Very Low
MRC01147,Transfer_Business,Kano,44,11273323.38,0.0227272727272727,1.5108502e-05,Very Low
MRC04517,Transfer_P2P,Lagos,49,1021898.78,0.0,1.5097094e-05,Very Low
MRC00339,Online_Bills,Lagos,95,1040148.02,0.0210526315789473,1.50629385e-05,Very Low
MRC04083,POS_Supermarket,Lagos,45,348024.71,0.0222222222222222,1.5061919e-05,Very Low
MRC03723,Online_Ecommerce,Kaduna,52,2032252.44,0.0192307692307692,1.5021667e-05,Very Low
MRC04730,POS_Grocery,Lagos,50,432585.02,0.02,1.500652e-05,Very Low
MRC01615,POS_Fuel,Abia,84,1283939.16,0.0119047619047619,1.5003558e-05,Very Low
MRC00992,POS_Grocery,Lagos,52,467750.05,0.0192307692307692,1.4995303e-05,Very Low
MRC03140,Transfer_P2P,Abia,180,3964251.05,0.0055555555555555,1.4991057e-05,Very Low
MRC02141,POS_Fashion,Lagos,43,1021684.05,0.0232558139534883,1.4955401e-05,Very Low
MRC03061,POS_Fashion,Rivers,48,1201520.69,0.0208333333333333,1.4948983e-05,Very Low
MRC03868,Online_Travel,Edo,119,17035656.75,0.0084033613445378,1.4938225e-05,Very Low
MRC00023,POS_Pharmacy,Benue,63,439088.86,0.0,1.4906988e-05,Very Low
MRC00709,POS_Electronics,Abuja,89,8548078.69,0.0224719101123595,1.4905679e-05,Very Low
MRC01086,Transfer_Payroll,Rivers,74,13025364.24,0.0135135135135135,1.4894213e-05,Very Low
MRC01875,Transfer_P2P,Plateau,62,1256202.52,0.0161290322580645,1.48846575e-05,Very Low
MRC01864,Online_Ecommerce,Ekiti,213,7640992.35,0.0187793427230046,1.48132995e-05,Very Low
MRC03650,Transfer_P2P,Rivers,125,2344059.82,0.024,1.48095e-05,Very Low
MRC01573,POS_Supermarket,Imo,49,392700.16,0.0204081632653061,1.4798094e-05,Very Low
MRC00910,POS_Retail,Rivers,443,4700142.8,0.0361173814898419,1.4761038e-05,Very Low
MRC04821,Online_Travel,Kano,94,14984488.15,0.0319148936170212,1.4746194e-05,Very Low
MRC04977,POS_Electronics,Imo,48,4808976.51,0.0208333333333333,1.4675809e-05,Very Low
MRC03415,Online_Ecommerce,Osun,112,3886960.4,0.0267857142857142,1.467483e-05,Very Low
MRC04554,Online_Ecommerce,Rivers,53,1662999.84,0.0188679245283018,1.4666631e-05,Very Low
MRC03071,Online_Bills,Kwara,65,789883.28,0.0307692307692307,1.4655208e-05,Very Low
MRC02118,Online_Travel,Oyo,193,29536282.98,0.0259067357512953,1.4654048e-05,Very Low
MRC02783,POS_Electronics,Enugu,43,3935339.37,0.0232558139534883,1.4637498e-05,Very Low
MRC04743,POS_Grocery,Abuja,43,364161.11,0.0232558139534883,1.4610079e-05,Very Low
MRC01060,POS_Restaurant,Kano,78,406749.96,0.0256410256410256,1.4609145e-05,Very Low
MRC02158,POS_Retail,Kano,47,469884.3,0.0212765957446808,1.4606457e-05,Very Low
MRC03098,POS_Fuel,Lagos,48,723378.5,0.0208333333333333,1.4592339e-05,Very Low
MRC00479,POS_Grocery,Benue,103,863990.88,0.0194174757281553,1.4589194e-05,Very Low
MRC02503,POS_Pharmacy,Ogun,50,276475.48,0.02,1.45671165e-05,Very Low
MRC01799,POS_Grocery,Rivers,51,415881.41,0.0196078431372549,1.4528007e-05,Very Low
MRC00085,POS_Restaurant,Ogun,43,200481.05,0.0,1.4521166e-05,Very Low
MRC03427,Online_Ecommerce,Lagos,42,1511302.46,0.0238095238095238,1.4514561e-05,Very Low
MRC03719,POS_Retail,Benue,43,471437.15,0.0232558139534883,1.44573e-05,Very Low
MRC00647,POS_Electronics,Abuja,285,24140543.64,0.031578947368421,1.4448768e-05,Very Low
MRC00297,Online_Bills,Lagos,52,613885.5,0.0,1.4440392e-05,Very Low
MRC01056,POS_Retail,Lagos,49,510359.36,0.0204081632653061,1.43610005e-05,Very Low
MRC04716,POS_Grocery,Enugu,50,432325.29,0.02,1.4357508e-05,Very Low
MRC03956,Transfer_P2P,Rivers,44,899061.47,0.0227272727272727,1.4354167e-05,Very Low
MRC04873,POS_Restaurant,Enugu,117,643567.89,0.0341880341880341,1.4347667e-05,Very Low
MRC03812,Transfer_P2P,Kaduna,262,5794848.98,0.0305343511450381,1.4325121e-05,Very Low
MRC02661,POS_Retail,Abuja,97,941736.45,0.0309278350515463,1.4324534e-05,Very Low
MRC03408,Online_Ecommerce,Abuja,42,1352734.8,0.0,1.4320162e-05,Very Low
MRC04944,Online_Bills,Abuja,72,894537.78,0.0277777777777777,1.42974295e-05,Very Low
MRC04021,POS_Supermarket,Lagos,485,3995308.76,0.0391752577319587,1.4296871e-05,Very Low
MRC00904,POS_Retail,Abuja,45,453287.95,0.0,1.42787485e-05,Very Low
MRC02848,Transfer_P2P,Plateau,65,1148565.51,0.0,1.426873e-05,Very Low
MRC04450,Transfer_P2P,Enugu,63,1106741.01,0.0158730158730158,1.42643485e-05,Very Low
MRC04696,Online_Bills,Oyo,45,534279.64,0.0222222222222222,1.4255876e-05,Very Low
MRC04137,POS_Grocery,Kaduna,111,894539.74,0.018018018018018,1.4239409e-05,Very Low
MRC04868,Transfer_Business,Anambra,42,10898594.52,0.0,1.4224574e-05,Very Low
MRC04353,Online_Travel,Ogun,623,94907232.3,0.0337078651685393,1.420206e-05,Very Low
MRC02059,Transfer_P2P,Imo,60,1242679.33,0.0333333333333333,1.4200528e-05,Very Low
MRC03884,POS_Fuel,Rivers,220,3368243.05,0.0227272727272727,1.41807295e-05,Very Low
MRC00348,POS_Grocery,Kwara,66,484884.96,0.0303030303030303,1.4178446e-05,Very Low
MRC04835,POS_Fashion,Lagos,68,1705518.16,0.0,1.4157057e-05,Very Low
MRC00067,POS_Restaurant,Oyo,47,250220.98,0.0212765957446808,1.412271e-05,Very Low
MRC03524,POS_Supermarket,Enugu,47,376418.42,0.0212765957446808,1.41011105e-05,Very Low
MRC04195,POS_Retail,Kaduna,42,466907.78,0.0,1.4054431e-05,Very Low
MRC01889,Online_Ecommerce,Abuja,263,9506399.91,0.0304182509505703,1.4030326e-05,Very Low
MRC00841,Online_Bills,Abia,115,1386463.73,0.0260869565217391,1.4022581e-05,Very Low
MRC03155,Online_Gaming,Osun,50,177709.12,0.02,1.400856e-05,Very Low
MRC04274,POS_Retail,Rivers,46,536038.33,0.0,1.3987054e-05,Very Low
MRC02262,Online_Ecommerce,Abuja,66,2354662.94,0.0151515151515151,1.3964769e-05,Very Low
MRC01050,Transfer_Business,Oyo,45,11839783.74,0.0,1.3952789e-05,Very Low
MRC04972,Online_Gaming,Kano,58,169118.05,0.0344827586206896,1.394038e-05,Very Low
MRC01507,Transfer_P2P,Lagos,79,1508436.16,0.0126582278481012,1.3927516e-05,Very Low
MRC00926,Online_Ecommerce,Ekiti,117,4193714.33,0.0256410256410256,1.3907422e-05,Very Low
MRC03724,POS_Retail,Lagos,51,467487.91,0.0,1.3862507e-05,Very Low
MRC03974,POS_Electronics,Lagos,106,9346431.28,0.0188679245283018,1.3833308e-05,Very Low
MRC02207,POS_Retail,Lagos,52,469066.46,0.0192307692307692,1.382608e-05,Very Low
MRC03988,POS_Restaurant,Abuja,57,327184.48,0.0350877192982456,1.3814574e-05,Very Low
MRC02135,POS_Fashion,Kaduna,63,1822255.21,0.0158730158730158,1.3812981e-05,Very Low
MRC03767,POS_Fuel,Ogun,42,530649.64,0.0,1.38060395e-05,Very Low
MRC01883,POS_Fashion,Edo,183,5053270.15,0.0327868852459016,1.379659e-05,Very Low
MRC00306,Online_Bills,Ekiti,173,2173291.07,0.0173410404624277,1.3795195e-05,Very Low
MRC04503,POS_Electronics,Lagos,97,7589335.03,0.0309278350515463,1.3793182e-05,Very Low
MRC01010,POS_Restaurant,Enugu,76,411337.4,0.0394736842105263,1.3776828e-05,Very Low
MRC04804,Transfer_Business,Lagos,122,31983795.69,0.0163934426229508,1.3772126e-05,Very Low
MRC01708,Online_Bills,Abuja,50,610523.91,0.02,1.3745228e-05,Very Low
MRC00460,POS_Electronics,Abuja,84,7865862.42,0.0119047619047619,1.37382685e-05,Very Low
MRC01515,POS_Electronics,Anambra,75,6902339.06,0.0266666666666666,1.3723065e-05,Very Low
MRC02576,Online_Ecommerce,Abuja,45,1887116.69,0.0222222222222222,1.369702e-05,Very Low
MRC00967,POS_Fashion,Anambra,87,2066442.7,0.0,1.3646524e-05,Very Low
MRC00838,POS_Restaurant,Delta,110,562490.85,0.0181818181818181,1.36460685e-05,Very Low
MRC01588,Online_Ecommerce,Abuja,56,2222243.21,0.0357142857142857,1.3628576e-05,Very Low
MRC00774,POS_Fashion,Anambra,47,1044033.15,0.0,1.362586e-05,Very Low
MRC00546,POS_Grocery,Lagos,85,696683.97,0.0117647058823529,1.3575704e-05,Very Low
MRC02266,Online_Ecommerce,Edo,94,3362426.81,0.0212765957446808,1.3574655e-05,Very Low
MRC04342,POS_Electronics,Lagos,85,7385998.44,0.0235294117647058,1.3572623e-05,Very Low
MRC00637,POS_Retail,Kwara,56,566545.64,0.0357142857142857,1.3549125e-05,Very Low
MRC04559,Online_Bills,Enugu,282,3632004.69,0.0319148936170212,1.3531266e-05,Very Low
MRC04431,Transfer_Business,Abuja,114,30845282.39,0.0175438596491228,1.3453932e-05,Very Low
MRC04893,POS_Grocery,Lagos,51,439650.04,0.0,1.3425762e-05,Very Low
MRC00849,POS_Grocery,Rivers,68,509044.38,0.0147058823529411,1.34092425e-05,Very Low
MRC01325,Transfer_P2P,Abuja,42,851153.09,0.0,1.3407937e-05,Very Low
MRC00217,POS_Pharmacy,Abia,45,298759.46,0.0222222222222222,1.3369557e-05,Very Low
MRC04447,POS_Restaurant,Lagos,47,264575.68,0.0212765957446808,1.33659605e-05,Very Low
MRC02615,Transfer_Business,Ogun,75,20465709.56,0.0133333333333333,1.336108e-05,Very Low
MRC04666,POS_Retail,Abuja,49,462764.3,0.0204081632653061,1.335424e-05,Very Low
MRC00040,POS_Electronics,Imo,86,7402564.79,0.0116279069767441,1.3346116e-05,Very Low
MRC00413,Transfer_Business,Oyo,47,10764359.96,0.0,1.3331742e-05,Very Low
MRC01635,Transfer_Business,Imo,50,12539916.17,0.0,1.3331717e-05,Very Low
MRC02411,Online_Ecommerce,Edo,114,4118529.63,0.0087719298245614,1.3323684e-05,Very Low
MRC02682,POS_Retail,Lagos,49,553379.93,0.0204081632653061,1.3302481e-05,Very Low
MRC03613,POS_Grocery,Abuja,125,999035.99,0.032,1.3290168e-05,Very Low
MRC04655,POS_Electronics,Kaduna,139,12081578.86,0.014388489208633,1.3269539e-05,Very Low
MRC02356,POS_Grocery,Lagos,70,610211.68,0.0142857142857142,1.3266439e-05,Very Low
MRC04499,POS_Pharmacy,Lagos,105,657602.75,0.019047619047619,1.3259811e-05,Very Low
MRC00741,POS_Grocery,Abia,84,629707.9,0.0238095238095238,1.3247512e-05,Very Low
MRC03775,Online_Bills,Kano,41,494190.87,0.024390243902439,1.3245782e-05,Very Low
MRC03749,Online_Bills,Abia,141,1796500.29,0.0212765957446808,1.3243053e-05,Very Low
MRC03588,Transfer_P2P,Abuja,47,976210.94,0.0212765957446808,1.3227794e-05,Very Low
MRC02518,Online_Bills,Oyo,103,1344810.64,0.0194174757281553,1.3205534e-05,Very Low
MRC01997,Online_Ecommerce,Anambra,55,2043592.81,0.0,1.3153763e-05,Very Low
MRC02218,Transfer_Business,Rivers,92,23231410.72,0.0217391304347826,1.3126645e-05,Very Low
MRC02982,Transfer_P2P,Abuja,115,2198374.03,0.0347826086956521,1.3124391e-05,Very Low
MRC03636,POS_Grocery,Ogun,61,507266.23,0.0327868852459016,1.3104305e-05,Very Low
MRC04492,POS_Retail,Abuja,49,586481.19,0.0204081632653061,1.3076966e-05,Very Low
MRC01532,POS_Fuel,Enugu,93,1393372.01,0.032258064516129,1.3049184e-05,Very Low
MRC04701,POS_Restaurant,Rivers,48,214179.97,0.0,1.3043126e-05,Very Low
MRC00104,Transfer_P2P,Abuja,62,1233504.7,0.0,1.3035205e-05,Very Low
MRC01468,Transfer_Business,Kano,66,15770774.72,0.0,1.302996e-05,Very Low
MRC01608,POS_Electronics,Bayelsa,50,4133863.49,0.02,1.3008939e-05,Very Low
MRC03773,POS_Supermarket,Lagos,45,388210.78,0.0,1.2998448e-05,Very Low
MRC01874,POS_Retail,Abuja,167,1795311.93,0.0359281437125748,1.29674945e-05,Very Low
MRC04764,Transfer_P2P,Oyo,149,2962318.3,0.0201342281879194,1.2914834e-05,Very Low
MRC02849,Online_Bills,Abuja,187,2353669.93,0.0213903743315508,1.291045e-05,Very Low
MRC03948,Online_Ecommerce,Abuja,78,2959793.31,0.0,1.2907151e-05,Very Low
MRC01819,POS_Grocery,Benue,43,350421.71,0.0,1.2859099e-05,Very Low
MRC01835,POS_Restaurant,Abuja,55,290463.77,0.0181818181818181,1.2839689e-05,Very Low
MRC04601,Transfer_P2P,Rivers,62,1209247.22,0.0161290322580645,1.2790913e-05,Very Low
MRC00724,POS_Supermarket,Kano,258,2074308.99,0.0310077519379844,1.2788938e-05,Very Low
MRC02630,POS_Retail,Edo,102,969143.03,0.0098039215686274,1.2788841e-05,Very Low
MRC01153,Transfer_Business,Lagos,231,58552558.98,0.0129870129870129,1.2777064e-05,Very Low
MRC03908,Online_Travel,Abuja,106,15935588.67,0.0094339622641509,1.276654e-05,Very Low
MRC00247,POS_Fuel,Anambra,62,959923.69,0.0161290322580645,1.2765761e-05,Very Low
MRC04033,POS_Electronics,Abuja,178,15704225.49,0.0112359550561797,1.272241e-05,Very Low
MRC01115,POS_Retail,Delta,44,442975.24,0.0227272727272727,1.2719024e-05,Very Low
MRC04951,Online_Ecommerce,Rivers,67,2189147.65,0.0149253731343283,1.270518e-05,Very Low
MRC04964,POS_Restaurant,Imo,53,231671.38,0.0,1.266643e-05,Very Low
MRC03007,Online_Ecommerce,Lagos,43,1611187.6,0.0,1.2659475e-05,Very Low
MRC02823,Online_Ecommerce,Abuja,42,1492442.59,0.0,1.26189025e-05,Very Low
MRC00337,POS_Electronics,Ogun,136,11517883.89,0.0147058823529411,1.2595686e-05,Very Low
MRC00086,POS_Grocery,Rivers,59,462536.58,0.0169491525423728,1.2582012e-05,Very Low
MRC00875,POS_Retail,Abuja,62,675835.45,0.0161290322580645,1.2575738e-05,Very Low
MRC04194,Transfer_Business,Lagos,68,16038642.52,0.0147058823529411,1.2565907e-05,Very Low
MRC00002,POS_Retail,Rivers,65,702255.71,0.0153846153846153,1.2555402e-05,Very Low
MRC03235,POS_Pharmacy,Lagos,46,288286.66,0.0217391304347826,1.2554983e-05,Very Low
MRC03895,Online_Ecommerce,Benue,42,1220552.26,0.0,1.2546689e-05,Very Low
MRC03536,POS_Retail,Oyo,70,765533.1,0.0,1.2537096e-05,Very Low
MRC00753,POS_Restaurant,Edo,50,245168.95,0.02,1.2534992e-05,Very Low
MRC04788,POS_Retail,Lagos,53,516818.22,0.0188679245283018,1.2524643e-05,Very Low
MRC00039,POS_Retail,Lagos,45,397208.71,0.0,1.2518912e-05,Very Low
MRC02927,POS_Retail,Abuja,45,454100.3,0.0,1.2516811e-05,Very Low
MRC01165,Transfer_Business,Lagos,52,14561265.87,0.0,1.249321e-05,Very Low
MRC04008,Online_Ecommerce,Edo,126,5299425.79,0.0317460317460317,1.2481051e-05,Very Low
MRC02840,POS_Grocery,Lagos,45,346226.62,0.0222222222222222,1.2458825e-05,Very Low
MRC00725,Transfer_Payroll,Rivers,2135,390429468.19,0.0299765807962529,1.2455676e-05,Very Low
MRC04796,Online_Travel,Bayelsa,178,27484607.97,0.0112359550561797,1.2433946e-05,Very Low
MRC04442,Online_Ecommerce,Lagos,52,1735262.79,0.0192307692307692,1.2425874e-05,Very Low
MRC02336,POS_Pharmacy,Lagos,64,416828.94,0.015625,1.2418352e-05,Very Low
MRC01703,POS_Retail,Delta,44,418148.38,0.0227272727272727,1.2412964e-05,Very Low
MRC02753,Online_Ecommerce,Rivers,114,4423923.44,0.0263157894736842,1.2401072e-05,Very Low
MRC01062,POS_Fuel,Lagos,101,1525124.91,0.0297029702970297,1.23998425e-05,Very Low
MRC04185,POS_Retail,Imo,56,551296.21,0.0178571428571428,1.2396473e-05,Very Low
MRC01434,Online_Travel,Lagos,50,8075569.97,0.02,1.2379308e-05,Very Low
MRC04927,POS_Pharmacy,Lagos,53,341810.29,0.0,1.236127e-05,Very Low
MRC03276,POS_Electronics,Lagos,42,3148743.5,0.0,1.23595255e-05,Very Low
MRC02092,Online_Ecommerce,Enugu,134,4947214.52,0.0149253731343283,1.2337363e-05,Very Low
MRC04376,POS_Fashion,Kano,52,1088185.32,0.0,1.2266537e-05,Very Low
MRC01048,Transfer_Payroll,Kano,42,7941315.87,0.0238095238095238,1.2198747e-05,Very Low
MRC04836,POS_Restaurant,Lagos,251,1202354.47,0.0239043824701195,1.21816465e-05,Very Low
MRC01640,Transfer_P2P,Lagos,189,3601080.6,0.0264550264550264,1.21793e-05,Very Low
MRC01109,POS_Grocery,Oyo,135,1091478.14,0.0296296296296296,1.2163746e-05,Very Low
MRC00705,POS_Retail,Lagos,119,1290851.98,0.0252100840336134,1.2158261e-05,Very Low
MRC03845,Online_Travel,Rivers,135,20184050.31,0.0222222222222222,1.2117376e-05,Very Low
MRC04830,POS_Retail,Oyo,83,901012.67,0.0120481927710843,1.2099766e-05,Very Low
MRC02991,POS_Fashion,Lagos,43,1165787.65,0.0,1.2091783e-05,Very Low
MRC00072,POS_Retail,Abuja,49,482807.84,0.0,1.2082769e-05,Very Low
MRC02790,POS_Retail,Lagos,1003,10233423.38,0.0338983050847457,1.2071482e-05,Very Low
MRC02243,POS_Pharmacy,Edo,46,276232.97,0.0217391304347826,1.2053743e-05,Very Low
MRC00959,POS_Restaurant,Oyo,88,428797.27,0.0113636363636363,1.2013921e-05,Very Low
MRC04765,Transfer_Business,Oyo,155,37853598.77,0.0258064516129032,1.20038885e-05,Very Low
MRC03119,Online_Ecommerce,Lagos,56,2265599.57,0.0357142857142857,1.1983986e-05,Very Low
MRC04925,Transfer_Business,Lagos,80,20973953.3,0.0125,1.1979347e-05,Very Low
MRC02211,POS_Restaurant,Osun,50,232821.07,0.0,1.1971684e-05,Very Low
MRC01105,POS_Grocery,Lagos,67,534909.8099999999,0.0149253731343283,1.1955529e-05,Very Low
MRC03509,POS_Restaurant,Kano,156,795970.63,0.0256410256410256,1.1950023e-05,Very Low
MRC03270,POS_Fashion,Abuja,65,1678050.38,0.0153846153846153,1.19331235e-05,Very Low
MRC03360,Transfer_P2P,Delta,416,8259696.58,0.0048076923076923,1.1925386e-05,Very Low
MRC04823,POS_Retail,Benue,49,608715.48,0.0204081632653061,1.1916042e-05,Very Low
MRC04156,Transfer_Payroll,Delta,77,13861256.54,0.0129870129870129,1.18819535e-05,Very Low
MRC01459,POS_Fuel,Kano,63,994857.62,0.0317460317460317,1.1875406e-05,Very Low
MRC02929,POS_Grocery,Kano,48,447841.69,0.0208333333333333,1.1834254e-05,Very Low
MRC03865,Transfer_P2P,Imo,49,844734.62,0.0204081632653061,1.1788252e-05,Very Low
MRC00244,Transfer_Business,Rivers,415,109155082.36,0.0289156626506024,1.1769346e-05,Very Low
MRC03370,Online_Ecommerce,Abuja,73,2680460.13,0.0273972602739726,1.1758161e-05,Very Low
MRC00473,POS_Restaurant,Ogun,55,256530.03,0.0181818181818181,1.1707977e-05,Very Low
MRC04660,POS_Restaurant,Delta,41,222744.52,0.024390243902439,1.1694876e-05,Very Low
MRC03443,Transfer_P2P,Abia,46,924616.65,0.0,1.1673037e-05,Very Low
MRC02657,POS_Retail,Imo,48,439909.72,0.0,1.1660553e-05,Very Low
MRC00756,Online_Bills,Ogun,238,2964620.4,0.0294117647058823,1.1646961e-05,Very Low
MRC02216,POS_Retail,Oyo,45,446723.16,0.0,1.1639056e-05,Very Low
MRC03084,Online_Ecommerce,Kaduna,72,2806068.43,0.0277777777777777,1.1582276e-05,Very Low
MRC01569,POS_Grocery,Oyo,42,337596.2,0.0238095238095238,1.1554936e-05,Very Low
MRC03715,POS_Retail,Osun,67,656515.42,0.0298507462686567,1.153811e-05,Very Low
MRC00197,Online_Bills,Ogun,76,959406.24,0.0394736842105263,1.1525035e-05,Very Low
MRC03039,Online_Ecommerce,Edo,51,2002570.09,0.0,1.1498303e-05,Very Low
MRC00126,POS_Supermarket,Abuja,165,1324349.29,0.0303030303030303,1.1484178e-05,Very Low
MRC03602,POS_Retail,Abuja,64,626484.73,0.015625,1.1465563e-05,Very Low
MRC04665,Transfer_Business,Imo,138,34514471.03,0.0217391304347826,1.1456873e-05,Very Low
MRC04584,POS_Grocery,Kaduna,57,488305.37,0.0175438596491228,1.144437e-05,Very Low
MRC03165,Online_Ecommerce,Edo,60,2326029.66,0.0,1.1420831e-05,Very Low
MRC03846,Transfer_Payroll,Rivers,63,11515849.66,0.0,1.1420798e-05,Very Low
MRC03904,POS_Pharmacy,Kano,42,255871.14,0.0,1.1408628e-05,Very Low
MRC04180,POS_Grocery,Kano,63,524328.16,0.0158730158730158,1.1403907e-05,Very Low
MRC00149,Transfer_Business,Enugu,87,21639538.59,0.0229885057471264,1.139119e-05,Very Low
MRC02851,POS_Retail,Lagos,41,463338.98,0.024390243902439,1.13856395e-05,Very Low
MRC00476,POS_Grocery,Rivers,83,720914.68,0.0120481927710843,1.1365028e-05,Very Low
MRC00611,Online_Ecommerce,Rivers,42,1731350.06,0.0238095238095238,1.1354378e-05,Very Low
MRC03874,POS_Fashion,Lagos,141,3549487.31,0.0212765957446808,1.132652e-05,Very Low
MRC01326,Transfer_Business,Osun,502,125521995.68,0.0079681274900398,1.1303362e-05,Very Low
MRC01471,POS_Electronics,Rivers,103,9069426.95,0.0,1.1302026e-05,Very Low
MRC03829,POS_Retail,Benue,50,540984.04,0.02,1.1295023e-05,Very Low
MRC04288,POS_Retail,Lagos,48,476100.56,0.0,1.1245399e-05,Very Low
MRC04179,Online_Gaming,Lagos,48,133511.34,0.0208333333333333,1.1241882e-05,Very Low
MRC03967,Online_Ecommerce,Kaduna,109,3615895.52,0.0275229357798165,1.1240971e-05,Very Low
MRC02592,POS_Grocery,Lagos,508,4189689.61,0.0216535433070866,1.1222943e-05,Very Low
MRC01865,POS_Retail,Kaduna,43,438638.24,0.0232558139534883,1.12154e-05,Very Low
MRC04396,POS_Grocery,Edo,49,379909.78,0.0,1.120938e-05,Very Low
MRC00422,Transfer_P2P,Kano,100,2053801.55,0.01,1.1199624e-05,Very Low
MRC03416,Online_Bills,Lagos,60,790198.17,0.0166666666666666,1.1185855e-05,Very Low
MRC03816,Online_Gaming,Enugu,62,201524.53,0.0161290322580645,1.1184638e-05,Very Low
MRC01449,POS_Supermarket,Oyo,42,341360.96,0.0238095238095238,1.1168651e-05,Very Low
MRC04242,Online_Bills,Abuja,298,3652049.6,0.0302013422818791,1.1156451e-05,Very Low
MRC03608,Online_Bills,Cross River,214,2569509.33,0.02803738317757,1.1138135e-05,Very Low
MRC03951,Online_Ecommerce,Oyo,65,2303458.36,0.0153846153846153,1.1131922e-05,Very Low
MRC00682,POS_Fuel,Imo,56,849821.72,0.0357142857142857,1.1127284e-05,Very Low
MRC01624,Transfer_P2P,Abia,50,869590.29,0.0,1.1096912e-05,Very Low
MRC04515,POS_Supermarket,Abuja,42,326849.64,0.0,1.1091782e-05,Very Low
MRC00575,POS_Supermarket,Abuja,54,412979.48,0.0185185185185185,1.1076654e-05,Very Low
MRC02303,Transfer_Business,Benue,72,17493218.36,0.0138888888888888,1.10730325e-05,Very Low
MRC01534,Transfer_Business,Kwara,295,78518279.82,0.0067796610169491,1.10593655e-05,Very Low
MRC03558,POS_Retail,Oyo,43,499893.46,0.0,1.1052702e-05,Very Low
MRC01188,POS_Restaurant,Ogun,65,372793.88,0.0153846153846153,1.1036576e-05,Very Low
MRC02588,POS_Restaurant,Imo,65,345571.48,0.0153846153846153,1.1019863e-05,Very Low
MRC02285,POS_Supermarket,Abuja,44,348656.36,0.0227272727272727,1.0994733e-05,Very Low
MRC02567,Online_Ecommerce,Enugu,41,1572108.97,0.024390243902439,1.0992007e-05,Very Low
MRC03394,Transfer_Business,Kaduna,543,138001359.92,0.0294659300184162,1.0985615e-05,Very Low
MRC01806,POS_Fuel,Kaduna,43,615104.52,0.0,1.098153e-05,Very Low
MRC03521,Online_Gaming,Lagos,58,182535.84,0.0172413793103448,1.0978577e-05,Very Low
MRC04147,POS_Fashion,Lagos,69,1843937.32,0.0,1.0968363e-05,Very Low
MRC02409,POS_Grocery,Lagos,107,862273.42,0.0,1.0962737e-05,Very Low
MRC02725,POS_Fuel,Lagos,46,750752.92,0.0217391304347826,1.0949582e-05,Very Low
MRC00101,Transfer_P2P,Imo,42,898821.47,0.0238095238095238,1.0942933e-05,Very Low
MRC04529,Transfer_P2P,Edo,202,3957620.99,0.0297029702970297,1.0916115e-05,Very Low
MRC04014,POS_Pharmacy,Osun,46,299410.02,0.0217391304347826,1.0886745e-05,Very Low
MRC02184,POS_Retail,Osun,77,770933.86,0.0129870129870129,1.0884793e-05,Very Low
MRC04101,Online_Bills,Enugu,44,565776.27,0.0,1.086943e-05,Very Low
MRC01037,POS_Supermarket,Lagos,64,519495.93,0.0,1.0868581e-05,Very Low
MRC02684,POS_Retail,Abia,44,423862.19,0.0227272727272727,1.0835256e-05,Very Low
MRC04997,POS_Restaurant,Lagos,48,256685.94,0.0208333333333333,1.08162185e-05,Very Low
MRC00160,Transfer_P2P,Abuja,115,2449942.74,0.0347826086956521,1.0813258e-05,Very Low
MRC01246,Transfer_Payroll,Lagos,50,9291830.88,0.0,1.08118975e-05,Very Low
MRC03128,POS_Grocery,Lagos,43,322849.22,0.0,1.0808557e-05,Very Low
MRC04708,POS_Fuel,Enugu,51,721736.41,0.0196078431372549,1.0795444e-05,Very Low
MRC02041,Online_Gaming,Lagos,51,179736.63999999998,0.0196078431372549,1.07795395e-05,Very Low
MRC00214,POS_Pharmacy,Abuja,45,305724.09,0.0,1.0763021e-05,Very Low
MRC03429,POS_Fuel,Abia,239,3369679.48,0.0125523012552301,1.0759429e-05,Very Low
MRC03546,Online_Bills,Abuja,49,484856.66,0.0,1.073905e-05,Very Low
MRC00179,Transfer_P2P,Lagos,42,893131.02,0.0238095238095238,1.0722748e-05,Very Low
MRC01629,POS_Grocery,Ekiti,161,1283936.53,0.0248447204968944,1.0691502e-05,Very Low
MRC00920,Online_Ecommerce,Oyo,213,7414083.21,0.0328638497652582,1.069089e-05,Very Low
MRC00591,POS_Supermarket,Enugu,89,757677.93,0.0224719101123595,1.0689545e-05,Very Low
MRC04580,Online_Gaming,Kano,47,156349.09,0.0212765957446808,1.0686599e-05,Very Low
MRC02747,Transfer_P2P,Lagos,234,4800161.75,0.0299145299145299,1.0671812e-05,Very Low
MRC03743,Online_Bills,Imo,49,600424.76,0.0204081632653061,1.0657654e-05,Very Low
MRC00166,POS_Restaurant,Ogun,44,224009.59,0.0,1.0656536e-05,Very Low
MRC03867,POS_Retail,Ogun,179,1859519.04,0.0279329608938547,1.0652797e-05,Very Low
MRC03907,POS_Retail,Abuja,46,472438.17,0.0,1.0611943e-05,Very Low
MRC00997,Online_Ecommerce,Edo,45,1595997.5,0.0,1.0610719e-05,Very Low
MRC04139,Transfer_P2P,Kano,59,1106717.85,0.0,1.0599078e-05,Very Low
MRC01822,POS_Grocery,Kano,63,597700.94,0.0158730158730158,1.0566288e-05,Very Low
MRC02596,POS_Fashion,Kano,63,1541930.6,0.0158730158730158,1.0565079e-05,Very Low
MRC03005,POS_Fashion,Kaduna,86,2150584.48,0.0116279069767441,1.055524e-05,Very Low
MRC02142,Transfer_Business,Ekiti,149,36012806.05,0.0201342281879194,1.0553559e-05,Very Low
MRC02869,Transfer_P2P,Rivers,42,988074.84,0.0238095238095238,1.0534002e-05,Very Low
MRC03027,POS_Supermarket,Lagos,56,456182.9,0.0178571428571428,1.0531451e-05,Very Low
MRC02612,Online_Ecommerce,Enugu,75,2939247.98,0.0133333333333333,1.0522385e-05,Very Low
MRC02866,POS_Grocery,Lagos,64,561459.08,0.015625,1.051427e-05,Very Low
MRC03310,POS_Fuel,Oyo,42,603345.1,0.0238095238095238,1.0509849e-05,Very Low
MRC02539,Transfer_P2P,Abuja,289,6073319.69,0.0138408304498269,1.0486242e-05,Very Low
MRC03099,POS_Restaurant,Abia,86,461488.14,0.0232558139534883,1.0479153e-05,Very Low
MRC01054,Online_Bills,Abia,60,626681.56,0.0166666666666666,1.0477455e-05,Very Low
MRC00874,Online_Bills,Edo,55,708759.22,0.0181818181818181,1.0470393e-05,Very Low
MRC03014,Online_Bills,Edo,62,695472.38,0.032258064516129,1.0467537e-05,Very Low
MRC00990,Transfer_P2P,Kano,43,864010.17,0.0232558139534883,1.0427157e-05,Very Low
MRC02291,Transfer_P2P,Abuja,82,1803127.85,0.0121951219512195,1.0386664e-05,Very Low
MRC04299,POS_Fashion,Imo,106,2948511.63,0.0188679245283018,1.0359263e-05,Very Low
MRC04668,Transfer_P2P,Cross River,84,1630536.14,0.0238095238095238,1.0355904e-05,Very Low
MRC02287,Online_Bills,Benue,187,2349861.89,0.0320855614973262,1.0350049e-05,Very Low
MRC02905,POS_Retail,Lagos,56,670131.27,0.0178571428571428,1.0328258e-05,Very Low
MRC02685,POS_Fuel,Lagos,55,806280.0700000001,0.0181818181818181,1.0323374e-05,Very Low
MRC04640,POS_Retail,Benue,663,6777954.45,0.028657616892911,1.0321444e-05,Very Low
MRC02201,POS_Fuel,Lagos,58,912959.31,0.0,1.0303654e-05,Very Low
MRC04996,Transfer_P2P,Plateau,345,7127311.95,0.0260869565217391,1.0267322e-05,Very Low
MRC02542,Online_Travel,Rivers,104,15731831.21,0.0,1.0257886e-05,Very Low
MRC03465,POS_Fuel,Kaduna,51,891843.45,0.0,1.0248969e-05,Very Low
MRC03940,POS_Retail,Delta,103,1079676.52,0.0097087378640776,1.0246486e-05,Very Low
MRC04594,POS_Grocery,Lagos,51,422652.63,0.0,1.024593e-05,Very Low
MRC04919,Online_Bills,Delta,59,784542.03,0.0169491525423728,1.0240996e-05,Very Low
MRC03850,POS_Restaurant,Oyo,177,883138.76,0.0169491525423728,1.02326785e-05,Very Low
MRC00065,POS_Retail,Bayelsa,63,673674.19,0.0158730158730158,1.0231146e-05,Very Low
MRC01758,Online_Ecommerce,Plateau,80,3107357.87,0.0,1.0224485e-05,Very Low
MRC01098,POS_Restaurant,Anambra,42,224161.07,0.0,1.0217827e-05,Very Low
MRC00844,Online_Ecommerce,Rivers,238,8526727.25,0.0252100840336134,1.0211301e-05,Very Low
MRC02877,POS_Retail,Lagos,53,508195.08,0.0,1.02083695e-05,Very Low
MRC02819,POS_Retail,Kano,161,1635938.92,0.0248447204968944,1.0200721e-05,Very Low
MRC03937,Transfer_Business,Plateau,80,20912866.58,0.025,1.0189112e-05,Very Low
MRC00912,POS_Retail,Imo,147,1422587.02,0.0272108843537414,1.0185439e-05,Very Low
MRC04550,Transfer_P2P,Lagos,56,991854.88,0.0357142857142857,1.0175129e-05,Very Low
MRC02658,Online_Ecommerce,Abia,59,2223193.56,0.0338983050847457,1.0154995e-05,Very Low
MRC03467,Transfer_Business,Ekiti,272,65131175.68,0.025735294117647,1.0154414e-05,Very Low
MRC00095,POS_Fuel,Oyo,86,1335301.07,0.0232558139534883,1.0153997e-05,Very Low
MRC02169,POS_Fashion,Imo,47,1109393.71,0.0,1.0124833e-05,Very Low
MRC00150,Online_Travel,Rivers,126,18082575.6,0.0238095238095238,1.0118897e-05,Very Low
MRC01945,POS_Grocery,Delta,84,657389.24,0.0238095238095238,1.0118366e-05,Very Low
MRC02996,POS_Restaurant,Kano,88,426247.46,0.0227272727272727,1.0111633e-05,Very Low
MRC04911,Online_Bills,Ekiti,47,651632.83,0.0,1.0110254e-05,Very Low
MRC03854,Transfer_P2P,Abuja,117,2151251.52,0.0,1.0105869e-05,Very Low
MRC04672,POS_Retail,Lagos,790,8465109.92,0.0278481012658227,1.0103777e-05,Very Low
MRC00777,POS_Pharmacy,Lagos,81,492670.27,0.0246913580246913,1.0093299e-05,Very Low
MRC03471,POS_Supermarket,Abuja,46,356944.44,0.0217391304347826,1.0086111e-05,Very Low
MRC02609,Transfer_P2P,Rivers,73,1654687.8,0.0273972602739726,1.0066374e-05,Very Low
MRC03752,Online_Bills,Rivers,47,531352.22,0.0212765957446808,1.0058629e-05,Very Low
MRC01559,POS_Restaurant,Edo,48,216795.38,0.0208333333333333,1.0040353e-05,Very Low
MRC00418,POS_Restaurant,Abuja,43,205273.3,0.0232558139534883,1.0039395e-05,Very Low
MRC04563,Online_Bills,Rivers,50,780323.71,0.02,1.0033003e-05,Very Low
MRC03147,Online_Ecommerce,Bayelsa,46,1649279.69,0.0,1.0020791e-05,Very Low
MRC01594,POS_Retail,Lagos,377,3768288.65,0.026525198938992,1.0020112e-05,Very Low
MRC03658,POS_Retail,Lagos,54,569538.88,0.0185185185185185,9.9829995e-06,Very Low
MRC03481,Transfer_P2P,Abuja,56,1118956.99,0.0178571428571428,9.974825e-06,Very Low
MRC04894,Transfer_Business,Lagos,47,11274055.86,0.0,9.973674e-06,Very Low
MRC02006,Online_Bills,Lagos,46,571902.49,0.0217391304347826,9.968805e-06,Very Low
MRC02932,POS_Retail,Enugu,84,910794.11,0.0119047619047619,9.95595e-06,Very Low
MRC04284,POS_Retail,Delta,56,584473.83,0.0357142857142857,9.948263e-06,Very Low
MRC03267,POS_Grocery,Lagos,86,608243.9,0.0232558139534883,9.93014e-06,Very Low
MRC01938,POS_Retail,Lagos,73,565483.43,0.0273972602739726,9.900146e-06,Very Low
MRC03837,Transfer_P2P,Lagos,287,5834128.03,0.0313588850174216,9.900052e-06,Very Low
MRC02424,POS_Retail,Lagos,124,1230659.0,0.0080645161290322,9.881923e-06,Very Low
MRC03299,Online_Ecommerce,Lagos,141,5123934.01,0.0212765957446808,9.874753e-06,Very Low
MRC03981,Online_Travel,Osun,42,6820979.82,0.0238095238095238,9.832776e-06,Very Low
MRC03514,POS_Electronics,Enugu,42,3068473.51,0.0,9.819713e-06,Very Low
MRC03849,POS_Supermarket,Enugu,82,754214.64,0.024390243902439,9.775946e-06,Very Low
MRC03148,Transfer_P2P,Kano,56,1194450.32,0.0178571428571428,9.767364e-06,Very Low
MRC02157,Transfer_Business,Lagos,87,21455166.77,0.0,9.76497e-06,Very Low
MRC02897,POS_Pharmacy,Lagos,52,338080.22000000003,0.0192307692307692,9.759878e-06,Very Low
MRC04739,POS_Retail,Rivers,51,530213.99,0.0196078431372549,9.754965e-06,Very Low
MRC04248,POS_Retail,Lagos,46,434231.45,0.0,9.727086e-06,Very Low
MRC00191,Online_Ecommerce,Enugu,121,4779032.64,0.024793388429752,9.724822e-06,Very Low
MRC04206,Online_Ecommerce,Rivers,741,26584189.51,0.0256410256410256,9.718092e-06,Very Low
MRC00655,Transfer_Business,Anambra,43,10408860.17,0.0232558139534883,9.715061e-06,Very Low
MRC00532,POS_Grocery,Kano,86,677631.69,0.0232558139534883,9.711986e-06,Very Low
MRC04110,Transfer_Business,Imo,144,32812130.26,0.0208333333333333,9.710532e-06,Very Low
MRC03021,Online_Gaming,Anambra,51,161642.35,0.0,9.707774e-06,Very Low
MRC00438,POS_Pharmacy,Lagos,43,255021.43,0.0,9.700546e-06,Very Low
MRC03233,Online_Bills,Lagos,102,1210357.22,0.0,9.672186e-06,Very Low
MRC01302,POS_Supermarket,Lagos,62,492312.12,0.0161290322580645,9.654391e-06,Very Low
MRC00087,POS_Electronics,Ogun,69,5893359.55,0.0,9.635452e-06,Very Low
MRC02005,Transfer_Business,Lagos,67,15522258.0,0.0,9.621696e-06,Very Low
MRC04797,Online_Gaming,Anambra,72,211656.72,0.0277777777777777,9.6082085e-06,Very Low
MRC01528,POS_Electronics,Lagos,47,3522722.57,0.0,9.59841e-06,Very Low
MRC00666,Online_Ecommerce,Anambra,65,2192955.98,0.0153846153846153,9.594419e-06,Very Low
MRC01753,POS_Pharmacy,Lagos,65,362570.66,0.0,9.526803e-06,Very Low
MRC01556,Online_Ecommerce,Ekiti,86,3338405.07,0.0232558139534883,9.512268e-06,Very Low
MRC01987,POS_Supermarket,Imo,86,720542.5,0.0116279069767441,9.477416e-06,Very Low
MRC00186,Transfer_P2P,Rivers,112,1992216.29,0.0267857142857142,9.464095e-06,Very Low
MRC04389,POS_Grocery,Oyo,43,326645.18,0.0,9.444727e-06,Very Low
MRC04231,POS_Fashion,Cross River,41,1049542.81,0.0,9.436606e-06,Very Low
MRC02587,Transfer_P2P,Abuja,136,3216615.71,0.0220588235294117,9.416712e-06,Very Low
MRC03706,Transfer_Business,Lagos,81,19981929.51,0.0246913580246913,9.399889e-06,Very Low
MRC02653,POS_Grocery,Lagos,41,333450.7,0.024390243902439,9.398857e-06,Very Low
MRC03028,POS_Supermarket,Abuja,43,340085.06,0.0232558139534883,9.395443e-06,Very Low
MRC04825,Online_Bills,Delta,43,489657.77,0.0,9.380008e-06,Very Low
MRC04847,POS_Fuel,Rivers,42,579947.74,0.0,9.349786e-06,Very Low
MRC00388,POS_Pharmacy,Delta,52,340775.98,0.0192307692307692,9.346024e-06,Very Low
MRC02616,POS_Restaurant,Ogun,41,204521.71,0.0,9.328242e-06,Very Low
MRC02075,POS_Grocery,Lagos,142,1081986.64,0.028169014084507,9.327352e-06,Very Low
MRC00706,POS_Grocery,Kwara,121,944785.94,0.0165289256198347,9.30672e-06,Very Low
MRC03750,Online_Ecommerce,Lagos,121,4294623.22,0.0165289256198347,9.282044e-06,Very Low
MRC01044,POS_Grocery,Lagos,46,342996.58,0.0217391304347826,9.278566e-06,Very Low
MRC03160,POS_Retail,Abuja,47,567875.97,0.0212765957446808,9.265399e-06,Very Low
MRC00320,POS_Restaurant,Enugu,108,556119.35,0.0277777777777777,9.264542e-06,Very Low
MRC02543,POS_Grocery,Abuja,60,548866.15,0.0,9.260205e-06,Very Low
MRC03435,POS_Electronics,Lagos,79,7478348.04,0.0,9.2584305e-06,Very Low
MRC04387,Online_Gaming,Abuja,72,206448.77,0.0138888888888888,9.238101e-06,Very Low
MRC04746,Online_Travel,Edo,42,6765504.5600000005,0.0238095238095238,9.229929e-06,Very Low
MRC03878,POS_Pharmacy,Oyo,103,581782.19,0.0097087378640776,9.217877e-06,Very Low
MRC04011,POS_Fashion,Ekiti,71,1787789.58,0.0140845070422535,9.1949705e-06,Very Low
MRC03888,POS_Grocery,Oyo,276,2158073.4,0.0108695652173913,9.193349e-06,Very Low
MRC03591,POS_Pharmacy,Ekiti,42,254399.53,0.0238095238095238,9.189264e-06,Very Low
MRC02317,Transfer_Business,Bayelsa,89,21312623.01,0.0224719101123595,9.1699785e-06,Very Low
MRC03667,POS_Retail,Delta,51,632203.25,0.0,9.1535785e-06,Very Low
MRC02312,POS_Retail,Ekiti,53,599167.32,0.0,9.142778e-06,Very Low
MRC00508,POS_Restaurant,Bayelsa,46,241154.68,0.0217391304347826,9.106465e-06,Very Low
MRC00362,Transfer_P2P,Lagos,42,993874.31,0.0,9.104763e-06,Very Low
MRC01979,Online_Travel,Rivers,65,10116173.09,0.0153846153846153,9.062074e-06,Very Low
MRC00291,Online_Bills,Enugu,418,5156245.91,0.0334928229665071,9.050605e-06,Very Low
MRC03103,Online_Ecommerce,Kano,222,7901275.45,0.0315315315315315,9.049301e-06,Very Low
MRC00699,POS_Electronics,Anambra,96,7996385.06,0.03125,9.043918e-06,Very Low
MRC00482,POS_Retail,Rivers,118,1151571.22,0.0254237288135593,9.017865e-06,Very Low
MRC04318,Online_Ecommerce,Lagos,85,2345183.1,0.0117647058823529,8.982656e-06,Very Low
MRC02355,POS_Retail,Anambra,285,2824733.09,0.0280701754385964,8.960386e-06,Very Low
MRC01286,Online_Bills,Ogun,65,845252.74,0.0,8.959582e-06,Very Low
MRC03336,POS_Grocery,Benue,53,434666.86,0.0,8.954449e-06,Very Low
MRC02443,POS_Fashion,Cross River,79,1846096.63,0.0253164556962025,8.950478e-06,Very Low
MRC04425,Transfer_Business,Lagos,79,19521557.54,0.0253164556962025,8.925913e-06,Very Low
MRC03199,POS_Restaurant,Lagos,70,369204.37,0.0,8.925453e-06,Very Low
MRC01995,POS_Supermarket,Abuja,103,882652.83,0.0194174757281553,8.920339e-06,Very Low
MRC04370,Transfer_P2P,Enugu,49,855162.03,0.0,8.91976e-06,Very Low
MRC00177,POS_Restaurant,Abia,80,386997.9,0.0125,8.905209e-06,Very Low
MRC00385,Transfer_P2P,Enugu,318,7102666.0600000005,0.0283018867924528,8.897688e-06,Very Low
MRC02439,Online_Ecommerce,Kwara,154,5308009.28,0.0194805194805194,8.897289e-06,Very Low
MRC01939,Online_Ecommerce,Edo,99,3618829.59,0.0202020202020202,8.891953e-06,Very Low
MRC00123,Transfer_Business,Abia,65,14857900.09,0.0153846153846153,8.8907245e-06,Very Low
MRC01369,POS_Fashion,Abuja,176,4583562.0,0.0113636363636363,8.890639e-06,Very Low
MRC02482,Online_Ecommerce,Lagos,1589,57728104.62,0.0239144115796098,8.887943e-06,Very Low
MRC00923,Transfer_Business,Kano,244,63052591.76,0.0327868852459016,8.862797e-06,Very Low
MRC03378,Transfer_P2P,Anambra,973,19132977.75,0.0256937307297019,8.813321e-06,Very Low
MRC04409,POS_Grocery,Lagos,43,351352.29,0.0,8.8111365e-06,Very Low
MRC00534,POS_Grocery,Cross River,51,421366.33,0.0196078431372549,8.79054e-06,Very Low
MRC00749,POS_Supermarket,Kano,59,507926.21,0.0169491525423728,8.790531e-06,Very Low
MRC03672,POS_Retail,Rivers,65,604240.57,0.0153846153846153,8.7842045e-06,Very Low
MRC01107,POS_Grocery,Lagos,75,598913.04,0.0133333333333333,8.753555e-06,Very Low
MRC04435,POS_Electronics,Oyo,176,13890341.38,0.0170454545454545,8.727773e-06,Very Low
MRC01572,POS_Retail,Plateau,45,463010.16,0.0222222222222222,8.720668e-06,Very Low
MRC01290,Transfer_P2P,Enugu,70,1474458.32,0.0,8.717126e-06,Very Low
MRC00158,POS_Supermarket,Kano,202,1730450.48,0.0346534653465346,8.705827e-06,Very Low
MRC04842,POS_Electronics,Anambra,64,5167210.12,0.0,8.704034e-06,Very Low
MRC02939,POS_Fashion,Ekiti,109,2752918.07,0.0275229357798165,8.702349e-06,Very Low
MRC03805,Online_Bills,Plateau,44,641676.78,0.0,8.7006065e-06,Very Low
MRC02236,POS_Restaurant,Delta,107,546166.39,0.02803738317757,8.68928e-06,Very Low
MRC00108,POS_Retail,Imo,71,765595.38,0.0140845070422535,8.682876e-06,Very Low
MRC03179,Transfer_P2P,Edo,41,796324.51,0.0,8.681229e-06,Very Low
MRC00198,POS_Grocery,Oyo,42,374583.83,0.0,8.675419e-06,Very Low
MRC02413,POS_Electronics,Imo,42,3706126.78,0.0,8.6718865e-06,Very Low
MRC02009,POS_Grocery,Lagos,50,451549.5,0.0,8.670754e-06,Very Low
MRC00983,POS_Fuel,Lagos,101,1628229.73,0.0099009900990099,8.658095e-06,Very Low
MRC03686,POS_Supermarket,Abuja,80,665284.45,0.025,8.647912e-06,Very Low
MRC04221,POS_Fuel,Oyo,172,2475839.12,0.0290697674418604,8.642512e-06,Very Low
MRC01868,POS_Grocery,Lagos,42,282523.78,0.0238095238095238,8.630873e-06,Very Low
MRC01680,POS_Restaurant,Abuja,53,289857.8,0.0,8.59202e-06,Very Low
MRC04572,Online_Bills,Lagos,47,623598.33,0.0212765957446808,8.574912e-06,Very Low
MRC00312,Transfer_P2P,Kaduna,66,1234943.61,0.0,8.574682e-06,Very Low
MRC01179,POS_Fuel,Delta,48,790914.04,0.0208333333333333,8.541278e-06,Very Low
MRC04104,Online_Bills,Lagos,320,4024908.1,0.034375,8.540228e-06,Very Low
MRC02372,POS_Retail,Lagos,57,564230.39,0.0350877192982456,8.536636e-06,Very Low
MRC04648,POS_Fashion,Osun,44,1143990.68,0.0227272727272727,8.536416e-06,Very Low
MRC01143,POS_Fuel,Oyo,48,723533.23,0.0208333333333333,8.504734e-06,Very Low
MRC03129,POS_Retail,Edo,78,862286.7,0.0256410256410256,8.489459e-06,Very Low
MRC04934,POS_Grocery,Abuja,47,386868.82,0.0212765957446808,8.4807125e-06,Very Low
MRC03044,POS_Retail,Rivers,229,2294860.9,0.0131004366812227,8.4708345e-06,Very Low
MRC00526,Transfer_Business,Lagos,107,27126228.68,0.0093457943925233,8.459935e-06,Very Low
MRC00148,Online_Ecommerce,Lagos,42,1480228.05,0.0,8.459653e-06,Very Low
MRC01595,POS_Pharmacy,Enugu,82,512527.69,0.0121951219512195,8.446449e-06,Very Low
MRC04306,POS_Grocery,Lagos,55,419302.39,0.0181818181818181,8.436571e-06,Very Low
MRC01974,Transfer_P2P,Rivers,46,1097938.75,0.0,8.433901e-06,Very Low
MRC02234,POS_Fashion,Abuja,59,1351649.0,0.0338983050847457,8.416064e-06,Very Low
MRC01712,Online_Ecommerce,Cross River,440,15744020.47,0.0181818181818181,8.386475e-06,Very Low
MRC03925,POS_Fuel,Kano,58,850933.58,0.0344827586206896,8.385579e-06,Very Low
MRC02191,POS_Supermarket,Lagos,127,1023040.74,0.0157480314960629,8.384004e-06,Very Low
MRC00516,POS_Electronics,Kaduna,50,4197812.49,0.0,8.376356e-06,Very Low
MRC02440,Transfer_Business,Kwara,51,11569497.52,0.0,8.373017e-06,Very Low
MRC03978,POS_Retail,Abia,43,409092.14,0.0232558139534883,8.366057e-06,Very Low
MRC02907,POS_Retail,Lagos,48,523409.55,0.0208333333333333,8.328317e-06,Very Low
MRC02197,POS_Supermarket,Lagos,88,670900.73,0.0227272727272727,8.3148025e-06,Very Low
MRC02100,Online_Gaming,Imo,117,305300.29,0.017094017094017,8.305664e-06,Very Low
MRC04651,POS_Grocery,Rivers,82,614607.18,0.024390243902439,8.2998995e-06,Very Low
MRC04161,POS_Fashion,Oyo,44,1067887.1,0.0,8.295903e-06,Very Low
MRC04205,POS_Grocery,Kano,55,442341.44,0.0181818181818181,8.262797e-06,Very Low
MRC03958,Transfer_P2P,Rivers,50,1116011.2,0.0,8.234572e-06,Very Low
MRC02888,Transfer_P2P,Cross River,51,1088871.22,0.0,8.215683e-06,Very Low
MRC00859,POS_Supermarket,Ogun,151,1278443.85,0.0198675496688741,8.20606e-06,Very Low
MRC03642,POS_Fashion,Kano,95,2560940.84,0.031578947368421,8.194002e-06,Very Low
MRC04120,Transfer_Business,Rivers,87,20513725.12,0.0,8.1880335e-06,Very Low
MRC01815,POS_Retail,Lagos,84,811700.99,0.0238095238095238,8.187112e-06,Very Low
MRC04722,Online_Ecommerce,Plateau,66,2644242.45,0.0151515151515151,8.176726e-06,Very Low
MRC02472,Online_Ecommerce,Kaduna,69,2435039.52,0.0,8.154734e-06,Very Low
MRC01253,Transfer_P2P,Lagos,122,2317129.06,0.0245901639344262,8.139305e-06,Very Low
MRC03556,POS_Fuel,Rivers,86,1381160.8,0.0232558139534883,8.134882e-06,Very Low
MRC03863,POS_Grocery,Lagos,85,632075.3,0.0,8.116941e-06,Very Low
MRC04471,Transfer_Business,Delta,107,28868129.78,0.0186915887850467,8.1097e-06,Very Low
MRC03281,POS_Fashion,Abuja,60,1426230.13,0.0,8.095018e-06,Very Low
MRC02209,Online_Travel,Benue,3548,531717046.28,0.0295941375422773,8.09315e-06,Very Low
MRC04321,Online_Ecommerce,Kano,80,2696855.16,0.025,8.091151e-06,Very Low
MRC04279,Online_Ecommerce,Lagos,89,2984796.0,0.0224719101123595,8.076042e-06,Very Low
MRC03900,POS_Pharmacy,Rivers,41,213799.39,0.024390243902439,8.074694e-06,Very Low
MRC00369,POS_Restaurant,Enugu,49,234347.45,0.0204081632653061,8.070359e-06,Very Low
MRC02523,POS_Retail,Kaduna,83,827687.79,0.0240963855421686,8.064481e-06,Very Low
MRC04437,POS_Supermarket,Anambra,71,600839.55,0.0,8.048861e-06,Very Low
MRC02620,POS_Fuel,Lagos,82,1254274.14,0.0121951219512195,8.043467e-06,Very Low
MRC04528,POS_Pharmacy,Lagos,125,741280.7,0.008,8.04007e-06,Very Low
MRC04535,POS_Fashion,Bayelsa,54,1467791.22,0.0,8.032574e-06,Very Low
MRC01182,POS_Pharmacy,Rivers,44,292872.56,0.0,8.031808e-06,Very Low
MRC04085,POS_Restaurant,Anambra,189,994892.66,0.0317460317460317,8.0200825e-06,Very Low
MRC03694,POS_Grocery,Ekiti,63,513628.48,0.0158730158730158,8.016419e-06,Very Low
MRC02248,Transfer_P2P,Ekiti,68,1444207.91,0.0,7.985791e-06,Very Low
MRC03621,Online_Ecommerce,Oyo,45,1570552.87,0.0222222222222222,7.9857e-06,Very Low
MRC02704,Online_Ecommerce,Plateau,69,2363698.55,0.0144927536231884,7.97014e-06,Very Low
MRC02371,POS_Retail,Abia,247,2555860.52,0.0242914979757085,7.967488e-06,Very Low
MRC01271,POS_Grocery,Ogun,89,724730.74,0.0112359550561797,7.9266765e-06,Very Low
MRC01026,POS_Grocery,Lagos,43,332070.52,0.0232558139534883,7.913005e-06,Very Low
MRC02720,POS_Fuel,Abia,71,1018806.46,0.0,7.907974e-06,Very Low
MRC02244,Transfer_P2P,Bayelsa,116,2318245.98,0.0172413793103448,7.880645e-06,Very Low
MRC00626,POS_Grocery,Ekiti,113,785527.49,0.0088495575221238,7.870063e-06,Very Low
MRC00700,POS_Fuel,Lagos,65,954564.45,0.0153846153846153,7.866243e-06,Very Low
MRC03351,Transfer_Payroll,Rivers,62,12005054.2,0.0,7.847908e-06,Very Low
MRC02193,POS_Retail,Lagos,79,795275.93,0.0126582278481012,7.842962e-06,Very Low
MRC00310,POS_Fuel,Oyo,88,1433655.95,0.0227272727272727,7.815806e-06,Very Low
MRC03730,Transfer_Payroll,Lagos,177,31608499.73,0.0169491525423728,7.808259e-06,Very Low
MRC04502,Online_Ecommerce,Edo,105,3495458.76,0.0095238095238095,7.795135e-06,Very Low
MRC04929,Online_Ecommerce,Osun,224,7838609.02,0.0223214285714285,7.79399e-06,Very Low
MRC01628,POS_Fuel,Lagos,1028,15900587.52,0.0097276264591439,7.792793e-06,Very Low
MRC00465,POS_Retail,Abuja,59,557589.82,0.0338983050847457,7.779932e-06,Very Low
MRC00802,Online_Ecommerce,Oyo,61,2175891.31,0.0163934426229508,7.779339e-06,Very Low
MRC02641,POS_Electronics,Imo,56,4397281.05,0.0178571428571428,7.777291e-06,Very Low
MRC04114,Online_Travel,Lagos,42,6072004.57,0.0,7.76265e-06,Very Low
MRC01902,Online_Bills,Kaduna,118,1368147.7,0.0,7.738922e-06,Very Low
MRC04960,Transfer_P2P,Lagos,87,1720246.3,0.0229885057471264,7.728162e-06,Very Low
MRC02989,POS_Fashion,Anambra,92,2445746.95,0.0217391304347826,7.727049e-06,Very Low
MRC00745,Online_Ecommerce,Lagos,150,5860503.19,0.0133333333333333,7.698944e-06,Very Low
MRC04510,POS_Retail,Kaduna,163,1829969.25,0.0245398773006134,7.677826e-06,Very Low
MRC01430,Transfer_Business,Abuja,50,11951458.89,0.0,7.667553e-06,Very Low
MRC03421,POS_Electronics,Lagos,80,6086904.97,0.025,7.664731e-06,Very Low
MRC03677,POS_Grocery,Bayelsa,124,1139468.01,0.0241935483870967,7.642637e-06,Very Low
MRC02237,POS_Restaurant,Ekiti,108,550881.21,0.0277777777777777,7.642229e-06,Very Low
MRC01983,POS_Retail,Rivers,181,1760456.82,0.0165745856353591,7.614105e-06,Very Low
MRC03600,POS_Electronics,Delta,79,5684803.82,0.0,7.6026404e-06,Very Low
MRC04650,Transfer_P2P,Kaduna,59,1171131.28,0.0169491525423728,7.5974003e-06,Very Low
MRC01136,POS_Fuel,Rivers,143,2267080.54,0.0279720279720279,7.586265e-06,Very Low
MRC04034,POS_Grocery,Kaduna,45,341669.87,0.0222222222222222,7.5658186e-06,Very Low
MRC01899,POS_Fuel,Lagos,136,1899591.17,0.0,7.559046e-06,Very Low
MRC01203,Online_Ecommerce,Oyo,50,1588448.34,0.0,7.540794e-06,Very Low
MRC04487,POS_Grocery,Kwara,255,1988053.55,0.0196078431372549,7.535345e-06,Very Low
MRC04066,Online_Ecommerce,Lagos,63,2275038.1,0.0158730158730158,7.522729e-06,Very Low
MRC03134,Online_Ecommerce,Abuja,69,2693127.58,0.0144927536231884,7.520018e-06,Very Low
MRC00827,POS_Grocery,Oyo,72,628995.54,0.0277777777777777,7.5162893e-06,Very Low
MRC04641,POS_Electronics,Kaduna,57,5036295.92,0.0,7.5160888e-06,Very Low
MRC02408,POS_Grocery,Rivers,370,2982571.78,0.0243243243243243,7.5108865e-06,Very Low
MRC01524,POS_Fashion,Lagos,113,2776249.88,0.0088495575221238,7.510371e-06,Very Low
MRC02013,Online_Ecommerce,Lagos,63,2289134.33,0.0,7.5041926e-06,Very Low
MRC00454,POS_Retail,Kwara,61,614370.23,0.0163934426229508,7.4697555e-06,Very Low
MRC01396,POS_Pharmacy,Lagos,64,425442.61,0.0,7.4663944e-06,Very Low
MRC00457,POS_Fashion,Kaduna,84,2167962.54,0.0,7.4662876e-06,Very Low
MRC04210,POS_Pharmacy,Abuja,82,480532.17,0.0121951219512195,7.4190443e-06,Very Low
MRC03475,POS_Retail,Oyo,67,647312.65,0.0149253731343283,7.3946467e-06,Very Low
MRC03492,POS_Retail,Oyo,73,763000.56,0.0136986301369863,7.3912697e-06,Very Low
MRC01201,POS_Retail,Cross River,59,652407.05,0.0338983050847457,7.3910583e-06,Very Low
MRC00076,POS_Retail,Oyo,45,484078.59,0.0,7.3869924e-06,Very Low
MRC02229,Transfer_P2P,Rivers,402,8123559.87,0.0124378109452736,7.3816254e-06,Very Low
MRC04679,POS_Grocery,Kano,252,1834408.56,0.0317460317460317,7.3693523e-06,Very Low
MRC04918,POS_Electronics,Lagos,48,4169075.49,0.0,7.3646233e-06,Very Low
MRC03632,POS_Fashion,Delta,63,1512830.67,0.0158730158730158,7.358818e-06,Very Low
MRC03453,Transfer_Business,Lagos,188,47082805.71,0.0212765957446808,7.346666e-06,Very Low
MRC04728,Online_Ecommerce,Edo,116,3538140.41,0.0086206896551724,7.336738e-06,Very Low
MRC03288,POS_Retail,Lagos,110,1190685.47,0.0181818181818181,7.3286674e-06,Very Low
MRC02706,Online_Travel,Plateau,48,8188569.52,0.0,7.3149054e-06,Very Low
MRC02734,POS_Electronics,Abuja,45,3095941.37,0.0,7.3003466e-06,Very Low
MRC02844,Online_Travel,Ogun,55,7619789.84,0.0363636363636363,7.2946546e-06,Very Low
MRC04860,POS_Fuel,Lagos,200,3220738.03,0.03,7.2852754e-06,Very Low
MRC03151,POS_Fuel,Oyo,50,687963.13,0.0,7.2851294e-06,Very Low
MRC01312,POS_Restaurant,Oyo,47,258626.24,0.0,7.2765542e-06,Very Low
MRC01792,Transfer_Business,Imo,56,13165708.24,0.0,7.2634302e-06,Very Low
MRC02893,Online_Ecommerce,Rivers,83,3304868.1,0.0120481927710843,7.256638e-06,Very Low
MRC01116,Online_Bills,Oyo,47,571461.89,0.0212765957446808,7.2067955e-06,Very Low
MRC03258,POS_Pharmacy,Lagos,57,309128.21,0.0350877192982456,7.2042944e-06,Very Low
MRC03830,Online_Ecommerce,Enugu,62,2259165.65,0.0,7.1842055e-06,Very Low
MRC04024,POS_Retail,Ogun,58,633081.78,0.0,7.1831987e-06,Very Low
MRC04751,POS_Grocery,Anambra,157,1244586.88,0.0254777070063694,7.182164e-06,Very Low
MRC02368,Transfer_P2P,Abuja,78,1602783.51,0.0256410256410256,7.178802e-06,Very Low
MRC03952,POS_Electronics,Rivers,59,4755992.0,0.0169491525423728,7.1668655e-06,Very Low
MRC04959,POS_Grocery,Lagos,77,647558.6,0.0129870129870129,7.1651843e-06,Very Low
MRC03641,Online_Bills,Lagos,1164,14406472.0,0.0197594501718213,7.1532295e-06,Very Low
MRC01661,POS_Retail,Kano,136,1420939.25,0.0294117647058823,7.1522877e-06,Very Low
MRC02127,POS_Grocery,Rivers,86,699606.88,0.0232558139534883,7.1510535e-06,Very Low
MRC03315,POS_Retail,Abuja,73,693563.56,0.0136986301369863,7.1394693e-06,Very Low
MRC02269,POS_Supermarket,Abuja,43,325228.88,0.0232558139534883,7.1391355e-06,Very Low
MRC00092,Online_Ecommerce,Lagos,269,9553993.63,0.0185873605947955,7.1338545e-06,Very Low
MRC00541,Transfer_P2P,Enugu,96,1885234.28,0.0208333333333333,7.1306445e-06,Very Low
MRC04889,POS_Grocery,Oyo,351,2736698.55,0.0199430199430199,7.130583e-06,Very Low
MRC01644,Transfer_P2P,Abuja,57,1057609.2,0.0350877192982456,7.1280465e-06,Very Low
MRC00884,POS_Fashion,Abuja,55,1368067.35,0.0,7.1200434e-06,Very Low
MRC04518,POS_Retail,Kwara,55,616129.12,0.0,7.113921e-06,Very Low
MRC02255,POS_Retail,Abuja,80,779563.26,0.0125,7.1032573e-06,Very Low
MRC03115,POS_Supermarket,Rivers,53,432266.41,0.0,7.103034e-06,Very Low
MRC01505,Transfer_Business,Lagos,50,11039241.78,0.0,7.086883e-06,Very Low
MRC04191,Transfer_Business,Lagos,327,79591459.61,0.018348623853211,7.0704523e-06,Very Low
MRC00618,Online_Gaming,Lagos,216,637530.45,0.0,7.0694e-06,Very Low
MRC01065,Online_Ecommerce,Abuja,178,6723260.15,0.0224719101123595,7.054079e-06,Very Low
MRC03739,POS_Retail,Oyo,63,614702.99,0.0,7.0493516e-06,Very Low
MRC04462,Online_Ecommerce,Kano,49,2054695.51,0.0,7.0416513e-06,Very Low
MRC04478,POS_Retail,Abuja,47,538587.36,0.0,7.0399387e-06,Very Low
MRC01919,Online_Ecommerce,Abia,453,15862938.21,0.0044150110375275,7.034563e-06,Very Low
MRC01479,POS_Retail,Plateau,42,377305.53,0.0,7.028743e-06,Very Low
MRC04795,POS_Retail,Anambra,70,653868.53,0.0142857142857142,7.027322e-06,Very Low
MRC04913,Online_Gaming,Abia,63,219869.5,0.0,7.027248e-06,Very Low
MRC00144,POS_Grocery,Lagos,82,660873.26,0.0121951219512195,7.022726e-06,Very Low
MRC02546,POS_Supermarket,Lagos,54,464571.88,0.0185185185185185,7.0179594e-06,Very Low
MRC00380,Online_Bills,Oyo,316,3988564.78,0.0316455696202531,7.009571e-06,Very Low
MRC00236,POS_Fuel,Abia,100,1388304.23,0.02,7.006744e-06,Very Low
MRC04999,Online_Ecommerce,Anambra,87,3204796.14,0.0114942528735632,6.999738e-06,Very Low
MRC01496,POS_Restaurant,Abuja,68,360801.51,0.0147058823529411,6.9995444e-06,Very Low
MRC00036,POS_Retail,Lagos,46,467194.56,0.0217391304347826,6.991406e-06,Very Low
MRC02519,Online_Travel,Anambra,126,17668902.87,0.0158730158730158,6.98024e-06,Very Low
MRC04511,POS_Grocery,Lagos,136,1200476.48,0.0073529411764705,6.9751227e-06,Very Low
MRC01664,POS_Retail,Rivers,84,872544.15,0.0,6.9744706e-06,Very Low
MRC00901,POS_Supermarket,Rivers,43,363550.38,0.0,6.9725884e-06,Very Low
MRC00237,POS_Fuel,Lagos,349,5502467.07,0.0114613180515759,6.960835e-06,Very Low
MRC00137,POS_Fashion,Lagos,76,1863628.93,0.0263157894736842,6.957942e-06,Very Low
MRC04140,Online_Bills,Lagos,114,1379601.72,0.0087719298245614,6.9557195e-06,Very Low
MRC03996,Transfer_P2P,Rivers,47,981257.7,0.0,6.9514617e-06,Very Low
MRC01778,POS_Electronics,Kaduna,76,6102713.32,0.0131578947368421,6.93995e-06,Very Low
MRC04905,Online_Travel,Oyo,59,9448578.97,0.0,6.9397374e-06,Very Low
MRC04150,Transfer_P2P,Lagos,81,1706483.38,0.0123456790123456,6.9380303e-06,Very Low
MRC00366,POS_Retail,Rivers,135,1409975.9,0.0296296296296296,6.9336315e-06,Very Low
MRC02952,Transfer_P2P,Lagos,55,1309349.7,0.0,6.932336e-06,Very Low
MRC04167,POS_Pharmacy,Rivers,41,210450.36,0.024390243902439,6.9276703e-06,Very Low
MRC04126,POS_Fuel,Kaduna,232,3644675.79,0.0129310344827586,6.9248167e-06,Very Low
MRC01985,POS_Restaurant,Kano,63,333278.94,0.0158730158730158,6.922129e-06,Very Low
MRC03317,POS_Retail,Lagos,55,577961.25,0.0181818181818181,6.909848e-06,Very Low
MRC04327,Transfer_P2P,Kaduna,41,829289.02,0.024390243902439,6.9053426e-06,Very Low
MRC02601,Online_Ecommerce,Anambra,72,2450582.5,0.0277777777777777,6.9047696e-06,Very Low
MRC03327,Online_Bills,Enugu,46,543906.76,0.0,6.875909e-06,Very Low
MRC02563,Online_Travel,Lagos,99,14912137.58,0.0202020202020202,6.861256e-06,Very Low
MRC02186,Transfer_Business,Abuja,353,89647809.71,0.0169971671388102,6.8586655e-06,Very Low
MRC01191,POS_Retail,Cross River,79,794503.53,0.0126582278481012,6.8543627e-06,Very Low
MRC02554,Online_Bills,Abuja,114,1443348.4,0.0,6.852487e-06,Very Low
MRC00620,POS_Fuel,Abuja,46,630744.94,0.0,6.8517356e-06,Very Low
MRC04720,POS_Restaurant,Lagos,47,233637.08,0.0212765957446808,6.84215e-06,Very Low
MRC03049,POS_Pharmacy,Lagos,198,1175807.61,0.0252525252525252,6.825824e-06,Very Low
MRC01084,Online_Bills,Anambra,64,775677.52,0.015625,6.8036757e-06,Very Low
MRC04290,Transfer_Payroll,Cross River,73,13670368.34,0.0136986301369863,6.7970213e-06,Very Low
MRC01171,POS_Retail,Lagos,97,872804.29,0.0,6.7934247e-06,Very Low
MRC01276,POS_Restaurant,Enugu,80,429596.33,0.025,6.7901997e-06,Very Low
MRC01376,POS_Pharmacy,Rivers,50,323357.6,0.02,6.786749e-06,Very Low
MRC04472,POS_Pharmacy,Kwara,63,388648.22,0.0158730158730158,6.7836363e-06,Very Low
MRC02703,POS_Restaurant,Lagos,59,309154.4,0.0,6.7602896e-06,Very Low
MRC02139,POS_Restaurant,Cross River,93,420213.45,0.021505376344086,6.7570095e-06,Very Low
MRC04369,Online_Ecommerce,Enugu,45,1777988.57,0.0,6.750787e-06,Very Low
MRC00050,Online_Ecommerce,Rivers,64,2257680.99,0.0,6.747344e-06,Very Low
MRC03663,Transfer_P2P,Abuja,58,1259842.79,0.0,6.7384503e-06,Very Low
MRC01698,Transfer_P2P,Oyo,65,1269114.59,0.0,6.7254045e-06,Very Low
MRC01936,POS_Retail,Oyo,91,896673.2,0.0329670329670329,6.7253536e-06,Very Low
MRC03780,POS_Supermarket,Abia,100,791173.2,0.0,6.7128203e-06,Very Low
MRC00659,POS_Fashion,Lagos,70,1507615.49,0.0142857142857142,6.7125893e-06,Very Low
MRC01400,POS_Grocery,Lagos,61,541163.8,0.0163934426229508,6.6954235e-06,Very Low
MRC04273,Transfer_Payroll,Abuja,55,9842044.38,0.0181818181818181,6.6572848e-06,Very Low
MRC01137,Online_Bills,Plateau,62,725046.3,0.0161290322580645,6.65243e-06,Very Low
MRC04080,Online_Bills,Abuja,47,557261.37,0.0,6.634804e-06,Very Low
MRC04596,POS_Pharmacy,Abuja,201,1230582.36,0.0099502487562189,6.634411e-06,Very Low
MRC01610,Online_Ecommerce,Abuja,57,1864114.87,0.0175438596491228,6.630509e-06,Very Low
MRC04335,Online_Travel,Oyo,43,6345717.86,0.0,6.6190673e-06,Very Low
MRC00949,POS_Retail,Delta,85,991179.65,0.0117647058823529,6.611692e-06,Very Low
MRC04283,POS_Fuel,Ogun,300,4477150.2,0.03,6.602083e-06,Very Low
MRC02960,Transfer_Business,Kaduna,140,34056857.21,0.0,6.5990303e-06,Very Low
MRC02177,POS_Grocery,Abuja,100,842231.4,0.01,6.595098e-06,Very Low
MRC04465,Transfer_P2P,Abuja,74,1649094.05,0.0,6.577743e-06,Very Low
MRC04135,POS_Pharmacy,Cross River,470,2851153.95,0.0191489361702127,6.5731906e-06,Very Low
MRC02181,POS_Supermarket,Bayelsa,107,807245.78,0.0093457943925233,6.5491504e-06,Very Low
MRC02524,POS_Fuel,Edo,41,575476.54,0.0,6.5304216e-06,Very Low
MRC03933,POS_Fuel,Oyo,248,3643803.04,0.0161290322580645,6.5265053e-06,Very Low
MRC02531,Online_Bills,Kaduna,58,558210.08,0.0172413793103448,6.5208687e-06,Very Low
MRC00899,POS_Supermarket,Ogun,70,542384.27,0.0,6.50979e-06,Very Low
MRC03290,Online_Travel,Ogun,48,7613948.71,0.0,6.5086106e-06,Very Low
MRC03871,POS_Retail,Abuja,104,1117232.35,0.0192307692307692,6.4975466e-06,Very Low
MRC00313,POS_Electronics,Kwara,59,5326304.75,0.0,6.4780015e-06,Very Low
MRC04346,POS_Supermarket,Cross River,107,897302.65,0.0,6.47008e-06,Very Low
MRC02388,POS_Fuel,Oyo,52,868055.32,0.0192307692307692,6.4699198e-06,Very Low
MRC04364,Online_Bills,Ogun,71,763467.38,0.0140845070422535,6.469451e-06,Very Low
MRC01697,Transfer_Business,Lagos,44,13099333.66,0.0,6.4580163e-06,Very Low
MRC03222,Transfer_P2P,Edo,70,1526302.77,0.0,6.4505375e-06,Very Low
MRC04160,POS_Electronics,Lagos,86,7219347.76,0.0116279069767441,6.448016e-06,Very Low
MRC03136,Transfer_P2P,Enugu,51,1121001.52,0.0,6.4437063e-06,Very Low
MRC00708,Transfer_Business,Oyo,44,9076965.84,0.0,6.434575e-06,Very Low
MRC00410,POS_Fuel,Oyo,240,3540765.28,0.0291666666666666,6.431268e-06,Very Low
MRC01189,Online_Ecommerce,Abia,230,8427599.12,0.0,6.42941e-06,Very Low
MRC02995,Transfer_P2P,Rivers,1689,33495877.14,0.0183540556542332,6.4037154e-06,Very Low
MRC03769,Transfer_P2P,Ekiti,70,1642740.88,0.0142857142857142,6.4021583e-06,Very Low
MRC03402,Online_Ecommerce,Ogun,49,1967433.7,0.0,6.3949637e-06,Very Low
MRC04992,Transfer_P2P,Ogun,53,1198409.11,0.0,6.3914213e-06,Very Low
MRC04204,Online_Ecommerce,Oyo,97,3174057.11,0.0206185567010309,6.3859197e-06,Very Low
MRC04446,Transfer_P2P,Lagos,75,1619609.82,0.0133333333333333,6.3714665e-06,Very Low
MRC00078,POS_Retail,Kaduna,73,754192.23,0.0273972602739726,6.3684042e-06,Very Low
MRC03096,Transfer_P2P,Plateau,1252,25737435.59,0.0279552715654952,6.36736e-06,Very Low
MRC03681,POS_Retail,Lagos,119,1199248.52,0.0252100840336134,6.3666744e-06,Very Low
MRC03682,Online_Ecommerce,Kaduna,92,3321789.27,0.0217391304347826,6.353967e-06,Very Low
MRC04490,POS_Fashion,Abuja,43,1252896.0,0.0232558139534883,6.3503617e-06,Very Low
MRC01317,POS_Retail,Kano,225,2330479.83,0.0355555555555555,6.345168e-06,Very Low
MRC04175,Transfer_P2P,Rivers,213,4158521.62,0.028169014084507,6.3411753e-06,Very Low
MRC04401,POS_Retail,Lagos,171,1736405.12,0.023391812865497,6.340311e-06,Very Low
MRC03810,POS_Restaurant,Enugu,59,278313.6,0.0,6.3368107e-06,Very Low
MRC03644,Online_Gaming,Abuja,204,630570.59,0.0049019607843137,6.326642e-06,Very Low
MRC03460,POS_Retail,Rivers,56,507297.84,0.0357142857142857,6.325502e-06,Very Low
MRC02000,POS_Grocery,Lagos,147,1246335.95,0.0,6.312997e-06,Very Low
MRC02890,Transfer_Business,Kano,108,28566188.12,0.0277777777777777,6.309049e-06,Very Low
MRC00219,Online_Ecommerce,Delta,75,2680514.8,0.0266666666666666,6.2977715e-06,Very Low
MRC03171,POS_Retail,Lagos,88,919149.77,0.0113636363636363,6.2820855e-06,Very Low
MRC00676,Online_Bills,Rivers,51,583813.64,0.0,6.281816e-06,Very Low
MRC02163,Online_Ecommerce,Lagos,342,12870630.13,0.0204678362573099,6.2775102e-06,Very Low
MRC01415,Online_Ecommerce,Abuja,50,1506201.94,0.0,6.268871e-06,Very Low
MRC03540,Online_Ecommerce,Oyo,49,1739058.84,0.0,6.2398476e-06,Very Low
MRC00784,Transfer_P2P,Abuja,224,4077849.33,0.0357142857142857,6.2274285e-06,Very Low
MRC02463,POS_Fashion,Ogun,64,1590963.29,0.015625,6.221867e-06,Very Low
MRC03008,POS_Retail,Lagos,69,739719.75,0.0289855072463768,6.21746e-06,Very Low
MRC00083,POS_Fashion,Plateau,130,3190227.42,0.0153846153846153,6.2161016e-06,Very Low
MRC00528,POS_Fuel,Edo,140,2005075.58,0.0285714285714285,6.2050854e-06,Very Low
MRC02217,Online_Ecommerce,Abuja,65,2077317.23,0.0,6.2044405e-06,Very Low
MRC00695,POS_Restaurant,Kano,365,1815288.08,0.0164383561643835,6.2032395e-06,Very Low
MRC04087,POS_Grocery,Rivers,45,345260.43,0.0,6.2025647e-06,Very Low
MRC00449,POS_Fuel,Abuja,116,1677820.76,0.0086206896551724,6.2003237e-06,Very Low
MRC04198,Online_Ecommerce,Oyo,101,3202626.63,0.0,6.1841724e-06,Very Low
MRC01550,POS_Retail,Oyo,85,897157.28,0.0,6.18123e-06,Very Low
MRC03369,Online_Bills,Kano,403,4956132.79,0.0272952853598014,6.1776527e-06,Very Low
MRC01992,POS_Restaurant,Plateau,685,3404902.93,0.0175182481751824,6.1691753e-06,Very Low
MRC00281,POS_Grocery,Lagos,49,379075.01,0.0,6.168369e-06,Very Low
MRC02681,POS_Fashion,Lagos,49,1311716.29,0.0,6.1605797e-06,Very Low
MRC02815,POS_Fashion,Kaduna,42,1303701.02,0.0,6.1593287e-06,Very Low
MRC02923,Transfer_Business,Edo,42,11853094.65,0.0,6.15749e-06,Very Low
MRC00020,Online_Travel,Bayelsa,93,13153049.41,0.021505376344086,6.149274e-06,Very Low
MRC02668,POS_Restaurant,Kano,53,279604.22,0.0,6.1402675e-06,Very Low
MRC03573,Online_Ecommerce,Lagos,96,3073441.89,0.0104166666666666,6.128801e-06,Very Low
MRC01206,POS_Pharmacy,Kaduna,503,3032458.57,0.0079522862823061,6.1278542e-06,Very Low
MRC04816,Online_Bills,Lagos,58,661799.85,0.0,6.126037e-06,Very Low
MRC04245,POS_Retail,Rivers,98,1135868.19,0.0,6.1244245e-06,Very Low
MRC00791,POS_Fashion,Rivers,494,12145348.08,0.020242914979757,6.1241794e-06,Very Low
MRC04201,POS_Fashion,Lagos,49,1180123.76,0.0,6.110079e-06,Very Low
MRC03932,Transfer_P2P,Rivers,45,1049264.15,0.0,6.1076557e-06,Very Low
MRC00464,Online_Bills,Imo,174,2208610.95,0.0172413793103448,6.104226e-06,Very Low
MRC00520,Online_Ecommerce,Oyo,48,1608237.43,0.0,6.102462e-06,Very Low
MRC02016,POS_Electronics,Abuja,54,4645879.25,0.0185185185185185,6.0993148e-06,Very Low
MRC00924,Transfer_Business,Rivers,45,12188400.41,0.0,6.098989e-06,Very Low
MRC02343,POS_Grocery,Oyo,46,413111.44,0.0,6.095814e-06,Very Low
MRC01829,Online_Bills,Abuja,51,618264.27,0.0,6.0679445e-06,Very Low
MRC00851,POS_Retail,Bayelsa,172,1729969.71,0.005813953488372,6.06286e-06,Very Low
MRC02912,Transfer_P2P,Abuja,48,965996.38,0.0,6.0586467e-06,Very Low
MRC02374,POS_Retail,Abuja,45,450272.38,0.0222222222222222,6.052398e-06,Very Low
MRC03612,Transfer_P2P,Benue,223,4715224.72,0.0179372197309417,6.015478e-06,Very Low
MRC00292,POS_Fashion,Kano,174,4774535.49,0.028735632183908,6.0144057e-06,Very Low
MRC03630,POS_Grocery,Enugu,78,612283.14,0.0128205128205128,5.9815607e-06,Very Low
MRC02079,Transfer_P2P,Abuja,60,1418595.83,0.0166666666666666,5.9709714e-06,Very Low
MRC00120,Transfer_P2P,Lagos,49,1042540.43,0.0204081632653061,5.962487e-06,Very Low
MRC01362,POS_Retail,Lagos,53,604793.35,0.0,5.934899e-06,Very Low
MRC04196,POS_Retail,Osun,41,417740.45,0.024390243902439,5.9338918e-06,Very Low
MRC03909,Online_Travel,Kano,55,8851441.14,0.0181818181818181,5.933756e-06,Very Low
MRC04774,POS_Restaurant,Lagos,43,236689.56,0.0,5.922031e-06,Very Low
MRC00503,POS_Pharmacy,Abuja,84,547112.36,0.0238095238095238,5.9180675e-06,Very Low
MRC01381,Online_Bills,Abuja,48,540423.15,0.0,5.9073145e-06,Very Low
MRC01900,Online_Travel,Abuja,54,8055698.51,0.0185185185185185,5.9072754e-06,Very Low
MRC03392,Online_Gaming,Abuja,136,392146.3,0.0073529411764705,5.901104e-06,Very Low
MRC00588,POS_Fashion,Lagos,45,1299785.07,0.0,5.8970363e-06,Very Low
MRC02515,Transfer_P2P,Abuja,244,4996656.85,0.0204918032786885,5.8935e-06,Very Low
MRC00991,POS_Pharmacy,Abuja,69,363804.63,0.0,5.8794717e-06,Very Low
MRC01167,Transfer_Business,Plateau,63,16074446.77,0.0,5.8743713e-06,Very Low
MRC02670,POS_Pharmacy,Enugu,43,279827.59,0.0,5.87016e-06,Very Low
MRC02182,Online_Ecommerce,Cross River,43,1302519.66,0.0232558139534883,5.866651e-06,Very Low
MRC03757,Online_Bills,Edo,66,661959.41,0.0151515151515151,5.862428e-06,Very Low
MRC01765,Online_Ecommerce,Lagos,93,3818640.71,0.021505376344086,5.8594323e-06,Very Low
MRC00701,Online_Ecommerce,Imo,61,2355114.87,0.0163934426229508,5.8566e-06,Very Low
MRC01511,POS_Retail,Delta,124,1317040.55,0.0161290322580645,5.849215e-06,Very Low
MRC01525,POS_Fuel,Lagos,63,917949.87,0.0,5.84228e-06,Very Low
MRC01215,Transfer_P2P,Oyo,66,1225292.03,0.0151515151515151,5.8305304e-06,Very Low
MRC03090,Transfer_P2P,Lagos,41,657199.49,0.0,5.8195974e-06,Very Low
MRC00555,Online_Ecommerce,Rivers,53,1755792.86,0.0,5.819087e-06,Very Low
MRC04197,Transfer_P2P,Benue,256,5449157.79,0.00390625,5.8188652e-06,Very Low
MRC03561,POS_Supermarket,Lagos,47,385362.47,0.0,5.814527e-06,Very Low
MRC03721,POS_Retail,Benue,173,1750324.83,0.0115606936416184,5.8120218e-06,Very Low
MRC04505,POS_Retail,Lagos,90,786023.14,0.0333333333333333,5.81165e-06,Very Low
MRC02130,POS_Electronics,Ogun,57,4813829.21,0.0175438596491228,5.8084916e-06,Very Low
MRC04649,POS_Retail,Kano,47,538853.7000000001,0.0,5.7964285e-06,Very Low
MRC04547,Online_Ecommerce,Lagos,161,5697684.42,0.0124223602484472,5.793588e-06,Very Low
MRC03095,Online_Bills,Abuja,44,531291.31,0.0,5.7921234e-06,Very Low
MRC01598,Transfer_P2P,Oyo,482,10271957.7,0.0207468879668049,5.7921075e-06,Very Low
MRC00800,Online_Ecommerce,Lagos,91,3229842.98,0.0109890109890109,5.7907214e-06,Very Low
MRC01016,POS_Fuel,Delta,121,1853461.62,0.0165289256198347,5.7906605e-06,Very Low
MRC01032,Online_Ecommerce,Lagos,244,8137246.55,0.0245901639344262,5.785146e-06,Very Low
MRC02344,Transfer_P2P,Imo,49,857773.76,0.0,5.767177e-06,Very Low
MRC02429,Online_Bills,Abuja,152,1796290.81,0.0328947368421052,5.765005e-06,Very Low
MRC04075,POS_Retail,Benue,47,492881.74,0.0,5.761707e-06,Very Low
MRC04234,Online_Ecommerce,Abuja,949,33893004.07,0.017913593256059,5.7568136e-06,Very Low
MRC01175,POS_Supermarket,Abia,122,1024041.41,0.0245901639344262,5.7482935e-06,Very Low
MRC00829,POS_Supermarket,Lagos,61,476547.92,0.0,5.7447805e-06,Very Low
MRC03490,Transfer_Business,Oyo,115,30469149.69,0.017391304347826,5.7180523e-06,Very Low
MRC00951,Transfer_P2P,Kwara,69,1376499.23,0.0,5.7100424e-06,Very Low
MRC01949,POS_Pharmacy,Rivers,107,665935.33,0.0093457943925233,5.700597e-06,Very Low
MRC01935,Transfer_Business,Kano,42,8236712.63,0.0,5.694017e-06,Very Low
MRC02797,POS_Restaurant,Kano,53,216591.22,0.0,5.6932568e-06,Very Low
MRC02098,POS_Supermarket,Lagos,61,482889.56,0.0163934426229508,5.6803387e-06,Very Low
MRC00937,Online_Ecommerce,Rivers,46,1511937.77,0.0,5.679759e-06,Very Low
MRC01586,POS_Retail,Bayelsa,157,1579396.05,0.0063694267515923,5.673376e-06,Very Low
MRC02147,POS_Retail,Lagos,99,1155252.71,0.0202020202020202,5.6656495e-06,Very Low
MRC01917,Online_Ecommerce,Delta,159,6222004.03,0.0,5.6404897e-06,Very Low
MRC02213,POS_Retail,Abuja,43,476216.91,0.0232558139534883,5.6359886e-06,Very Low
MRC04341,POS_Grocery,Oyo,44,361094.36,0.0,5.6358654e-06,Very Low
MRC03466,POS_Fuel,Kano,45,667473.65,0.0,5.6309655e-06,Very Low
MRC00373,Online_Bills,Lagos,215,2591494.31,0.013953488372093,5.617015e-06,Very Low
MRC04543,Online_Gaming,Oyo,66,204121.33,0.0151515151515151,5.610002e-06,Very Low
MRC01017,Transfer_Business,Imo,286,72194020.16,0.0104895104895104,5.5879605e-06,Very Low
MRC01540,POS_Restaurant,Abuja,49,249786.24,0.0,5.586154e-06,Very Low
MRC01872,Transfer_Payroll,Kaduna,1194,216869596.89,0.02428810720268,5.5713213e-06,Very Low
MRC04606,Transfer_Business,Benue,44,11277288.4,0.0,5.5675077e-06,Very Low
MRC02671,Online_Bills,Abuja,297,3651505.1,0.0336700336700336,5.5611345e-06,Very Low
MRC04127,Transfer_P2P,Rivers,118,2189200.66,0.0169491525423728,5.5537307e-06,Very Low
MRC00174,POS_Electronics,Abuja,72,6653917.7,0.0277777777777777,5.5522637e-06,Very Low
MRC02915,Online_Bills,Abuja,64,842292.62,0.015625,5.5451465e-06,Very Low
MRC01978,POS_Fuel,Lagos,133,1986489.43,0.0150375939849624,5.532738e-06,Very Low
MRC04599,POS_Retail,Abia,92,1000533.97,0.0217391304347826,5.522517e-06,Very Low
MRC03384,Online_Ecommerce,Bayelsa,349,12344888.13,0.0143266475644699,5.5154746e-06,Very Low
MRC01454,POS_Grocery,Lagos,42,371746.93,0.0,5.5152063e-06,Very Low
MRC02099,POS_Retail,Ogun,69,660336.44,0.0,5.510732e-06,Very Low
MRC02366,Online_Bills,Delta,432,5174381.66,0.0231481481481481,5.502041e-06,Very Low
MRC02412,Transfer_Business,Edo,71,16890734.59,0.0,5.5006826e-06,Very Low
MRC01802,POS_Retail,Abuja,62,738214.06,0.0161290322580645,5.491316e-06,Very Low
MRC03487,POS_Grocery,Kaduna,56,489915.74,0.0178571428571428,5.4863485e-06,Very Low
MRC03788,Transfer_P2P,Lagos,50,940972.86,0.0,5.484837e-06,Very Low
MRC02150,POS_Retail,Lagos,56,599924.99,0.0178571428571428,5.481589e-06,Very Low
MRC02822,Transfer_Business,Ekiti,121,30159200.87,0.0,5.475889e-06,Very Low
MRC00625,Transfer_Payroll,Lagos,63,11295279.93,0.0,5.471551e-06,Very Low
MRC01913,Transfer_Payroll,Lagos,59,10781710.06,0.0169491525423728,5.4673624e-06,Very Low
MRC02731,POS_Fuel,Delta,1772,27269039.16,0.0095936794582392,5.461531e-06,Very Low
MRC04332,POS_Electronics,Oyo,78,6765091.7700000005,0.0256410256410256,5.457501e-06,Very Low
MRC00542,Online_Travel,Lagos,121,20063053.86,0.0,5.449118e-06,Very Low
MRC01616,Online_Ecommerce,Kano,223,8407182.68,0.0358744394618834,5.4437055e-06,Very Low
MRC00835,Online_Bills,Kaduna,54,707923.15,0.0,5.441297e-06,Very Low
MRC04362,Online_Ecommerce,Oyo,46,1446088.97,0.0,5.4387137e-06,Very Low
MRC04305,POS_Retail,Lagos,220,2331519.55,0.0272727272727272,5.43749e-06,Very Low
MRC00982,POS_Fuel,Oyo,52,798369.76,0.0,5.4172933e-06,Very Low
MRC04326,Online_Travel,Benue,45,6966588.88,0.0,5.40023e-06,Very Low
MRC04106,Online_Ecommerce,Delta,58,2068314.4,0.0172413793103448,5.3946296e-06,Very Low
MRC00420,POS_Retail,Abia,77,822956.12,0.0,5.3930044e-06,Very Low
MRC03319,Online_Ecommerce,Abia,144,5233675.82,0.0,5.392536e-06,Very Low
MRC04022,Online_Ecommerce,Enugu,55,1669185.23,0.0181818181818181,5.3821323e-06,Very Low
MRC04837,POS_Retail,Cross River,43,424355.99,0.0232558139534883,5.382009e-06,Very Low
MRC02425,POS_Electronics,Lagos,66,5504081.93,0.0,5.377428e-06,Very Low
MRC03206,POS_Grocery,Ekiti,57,465128.34,0.0350877192982456,5.3750437e-06,Very Low
MRC03928,Transfer_Business,Bayelsa,121,29510036.06,0.0165289256198347,5.365758e-06,Very Low
MRC01285,Online_Bills,Lagos,86,1116019.75,0.0,5.362556e-06,Very Low
MRC02293,POS_Restaurant,Delta,99,569915.91,0.0202020202020202,5.3619315e-06,Very Low
MRC04089,POS_Grocery,Rivers,207,1603303.09,0.038647342995169,5.3616814e-06,Very Low
MRC04621,Online_Ecommerce,Oyo,2254,81733390.19,0.0088731144631765,5.3573467e-06,Very Low
MRC02042,Transfer_Business,Rivers,61,14540584.99,0.0163934426229508,5.3473473e-06,Very Low
MRC03339,Transfer_Business,Lagos,115,29248229.64,0.008695652173913,5.344044e-06,Very Low
MRC04973,POS_Fuel,Benue,62,906576.63,0.0161290322580645,5.341858e-06,Very Low
MRC03684,Transfer_P2P,Bayelsa,52,1157222.27,0.0,5.3402787e-06,Very Low
MRC00034,POS_Retail,Abuja,59,564262.07,0.0,5.336491e-06,Very Low
MRC01475,Online_Bills,Abia,42,434702.44,0.0,5.3287154e-06,Very Low
MRC04413,POS_Grocery,Ekiti,85,711323.98,0.0117647058823529,5.3260787e-06,Very Low
MRC03756,Transfer_P2P,Lagos,46,960643.81,0.0,5.325718e-06,Very Low
MRC02856,Online_Ecommerce,Lagos,53,2011518.57,0.0,5.3218037e-06,Very Low
MRC02486,Online_Ecommerce,Lagos,144,4905420.2,0.0208333333333333,5.3189924e-06,Very Low
MRC02527,POS_Grocery,Imo,366,3035399.76,0.0191256830601092,5.3183076e-06,Very Low
MRC04383,POS_Pharmacy,Lagos,66,372120.84,0.0,5.2862742e-06,Very Low
MRC03273,POS_Retail,Rivers,81,791648.9,0.0123456790123456,5.2490045e-06,Very Low
MRC01252,POS_Retail,Lagos,44,412672.96,0.0,5.2346873e-06,Very Low
MRC02628,Transfer_Business,Cross River,45,10940577.17,0.0,5.222685e-06,Very Low
MRC02716,POS_Grocery,Lagos,292,2427094.27,0.0273972602739726,5.2205487e-06,Very Low
MRC01934,POS_Grocery,Bayelsa,166,1485306.59,0.0120481927710843,5.2122164e-06,Very Low
MRC00527,Online_Gaming,Abuja,99,323559.03,0.0202020202020202,5.211749e-06,Very Low
MRC03313,Online_Travel,Lagos,45,7255152.22,0.0,5.204443e-06,Very Low
MRC00273,POS_Retail,Abuja,49,514044.34,0.0,5.20346e-06,Very Low
MRC00221,Online_Ecommerce,Lagos,80,2983954.25,0.025,5.200295e-06,Very Low
MRC03511,Transfer_Payroll,Bayelsa,83,14082726.86,0.0,5.1947086e-06,Very Low
MRC04833,Transfer_P2P,Bayelsa,276,5692749.79,0.0253623188405797,5.183075e-06,Very Low
MRC02799,POS_Retail,Cross River,133,1455365.29,0.0,5.1760653e-06,Very Low
MRC00889,Online_Ecommerce,Oyo,46,1503445.72,0.0,5.167937e-06,Very Low
MRC00132,POS_Electronics,Kwara,103,8535202.05,0.0,5.163257e-06,Very Low
MRC01035,Online_Ecommerce,Benue,99,3820781.24,0.0101010101010101,5.1530747e-06,Very Low
MRC01591,POS_Grocery,Kano,42,310871.11,0.0,5.1457378e-06,Very Low
MRC02192,POS_Restaurant,Kano,381,2060610.64,0.0052493438320209,5.145193e-06,Very Low
MRC03725,Transfer_P2P,Lagos,261,5404944.38,0.0191570881226053,5.143687e-06,Very Low
MRC04552,Transfer_P2P,Kano,62,1168913.96,0.0,5.1363e-06,Very Low
MRC01800,POS_Restaurant,Abia,141,651674.74,0.0141843971631205,5.134742e-06,Very Low
MRC01886,POS_Electronics,Oyo,84,6978763.24,0.0,5.1224465e-06,Very Low
MRC00069,POS_Pharmacy,Anambra,63,367328.3,0.0158730158730158,5.115758e-06,Very Low
MRC04182,Online_Bills,Benue,1123,13921250.05,0.0258236865538735,5.1003303e-06,Very Low
MRC00032,Online_Ecommerce,Oyo,61,2501571.96,0.0163934426229508,5.082598e-06,Very Low
MRC01492,POS_Retail,Lagos,70,621911.99,0.0142857142857142,5.0697304e-06,Very Low
MRC03058,POS_Grocery,Abuja,54,413530.01,0.0185185185185185,5.063662e-06,Very Low
MRC04674,POS_Retail,Kano,53,495617.8,0.0,5.0602002e-06,Very Low
MRC04610,Transfer_P2P,Abuja,95,1862113.16,0.031578947368421,5.0523163e-06,Very Low
MRC03060,Transfer_P2P,Lagos,108,2419351.17,0.0185185185185185,5.045893e-06,Very Low
MRC02049,POS_Retail,Kaduna,50,528072.46,0.0,5.0418716e-06,Very Low
MRC04314,POS_Restaurant,Kano,168,902521.01,0.0238095238095238,5.0375747e-06,Very Low
MRC00934,Online_Travel,Rivers,58,8848826.87,0.0172413793103448,5.0366957e-06,Very Low
MRC04368,POS_Grocery,Abuja,53,466570.86,0.0,5.034112e-06,Very Low
MRC04900,POS_Pharmacy,Abia,67,424353.34,0.0149253731343283,5.032634e-06,Very Low
MRC02085,Transfer_Business,Lagos,97,21929769.65,0.0,5.0309495e-06,Very Low
MRC00510,POS_Grocery,Rivers,70,592733.74,0.0,5.0254016e-06,Very Low
MRC00971,POS_Fuel,Abuja,48,594915.09,0.0,5.0233025e-06,Very Low
MRC01243,POS_Supermarket,Kaduna,499,3982648.61,0.0120240480961923,5.0226226e-06,Very Low
MRC04281,Online_Ecommerce,Lagos,47,1911415.59,0.0,5.017141e-06,Very Low
MRC02214,Online_Ecommerce,Bayelsa,44,1393643.58,0.0,5.0168205e-06,Very Low
MRC01641,POS_Grocery,Lagos,144,1123567.82,0.0277777777777777,5.013128e-06,Very Low
MRC01966,POS_Retail,Anambra,65,579840.1900000001,0.0153846153846153,5.0104327e-06,Very Low
MRC01258,POS_Fashion,Rivers,51,1399314.57,0.0,5.0048548e-06,Very Low
MRC02627,POS_Grocery,Benue,58,494515.83,0.0,4.9976e-06,Very Low
MRC02945,Online_Ecommerce,Rivers,73,2586808.75,0.0273972602739726,4.9900186e-06,Very Low
MRC01991,Online_Gaming,Lagos,111,376995.26,0.018018018018018,4.9885e-06,Very Low
MRC04239,Online_Ecommerce,Rivers,115,4010505.07,0.008695652173913,4.9741348e-06,Very Low
MRC03210,Online_Gaming,Lagos,120,382982.28,0.0,4.969218e-06,Very Low
MRC00423,POS_Retail,Abia,63,793577.23,0.0,4.9684554e-06,Very Low
MRC04415,Transfer_P2P,Enugu,58,1176307.44,0.0,4.9616415e-06,Very Low
MRC00193,Transfer_Business,Benue,88,21969398.17,0.0113636363636363,4.947462e-06,Very Low
MRC01411,POS_Grocery,Rivers,116,960723.11,0.0086206896551724,4.9471173e-06,Very Low
MRC02231,POS_Grocery,Abuja,159,1380939.45,0.0125786163522012,4.9469854e-06,Very Low
MRC01783,Transfer_Business,Oyo,144,35577939.64,0.0138888888888888,4.943981e-06,Very Low
MRC02363,Transfer_P2P,Cross River,60,1105025.93,0.0166666666666666,4.9411483e-06,Very Low
MRC04865,Transfer_Business,Lagos,81,18074498.3,0.0123456790123456,4.9240584e-06,Very Low
MRC00265,Online_Ecommerce,Lagos,76,2796613.67,0.0263157894736842,4.915824e-06,Very Low
MRC04310,Transfer_Business,Kwara,173,45120723.94,0.0057803468208092,4.9153364e-06,Very Low
MRC04980,POS_Fashion,Oyo,42,1102458.94,0.0,4.9127775e-06,Very Low
MRC01606,Online_Ecommerce,Anambra,72,2567689.79,0.0277777777777777,4.909335e-06,Very Low
MRC01605,POS_Electronics,Abuja,50,4231256.39,0.0,4.908244e-06,Very Low
MRC04165,POS_Restaurant,Lagos,69,355226.51,0.0,4.8971774e-06,Very Low
MRC04669,Online_Ecommerce,Lagos,764,27295304.63,0.0104712041884816,4.894833e-06,Very Low
MRC04656,Online_Bills,Lagos,139,1657239.38,0.0071942446043165,4.887985e-06,Very Low
MRC00571,Online_Bills,Lagos,205,2502835.5,0.0195121951219512,4.8870766e-06,Very Low
MRC04429,POS_Retail,Oyo,65,642337.14,0.0153846153846153,4.8848724e-06,Very Low
MRC03755,Online_Gaming,Bayelsa,247,736169.78,0.0283400809716599,4.8752204e-06,Very Low
MRC01214,Transfer_P2P,Abuja,97,1834752.87,0.0,4.8737697e-06,Very Low
MRC03700,POS_Grocery,Lagos,187,1574372.22,0.0267379679144385,4.8610186e-06,Very Low
MRC00886,POS_Electronics,Lagos,72,6143224.26,0.0138888888888888,4.854445e-06,Very Low
MRC04352,POS_Fashion,Rivers,46,1119614.01,0.0,4.84653e-06,Very Low
MRC02491,POS_Grocery,Rivers,44,352315.64,0.0,4.84234e-06,Very Low
MRC03919,Transfer_Business,Cross River,253,60934437.78,0.0276679841897233,4.8414345e-06,Very Low
MRC02858,POS_Electronics,Abia,46,4687542.58,0.0,4.840779e-06,Very Low
MRC02453,Transfer_Business,Kano,55,15518496.42,0.0181818181818181,4.837936e-06,Very Low
MRC03068,POS_Restaurant,Osun,437,2223679.15,0.011441647597254,4.835178e-06,Very Low
MRC01196,POS_Restaurant,Rivers,57,277135.99,0.0175438596491228,4.835058e-06,Very Low
MRC01295,POS_Supermarket,Bayelsa,95,807476.13,0.0105263157894736,4.822882e-06,Very Low
MRC01082,Online_Bills,Rivers,106,1264816.6,0.0188679245283018,4.818698e-06,Very Low
MRC00517,Transfer_P2P,Edo,91,1737901.04,0.0,4.8182615e-06,Very Low
MRC03530,POS_Supermarket,Oyo,66,567200.56,0.0,4.816681e-06,Very Low
MRC03593,POS_Retail,Lagos,54,519206.66,0.0185185185185185,4.815271e-06,Very Low
MRC01502,POS_Retail,Kaduna,65,565901.91,0.0153846153846153,4.8128795e-06,Very Low
MRC03815,POS_Grocery,Lagos,53,374246.9,0.0,4.7924655e-06,Very Low
MRC02690,Online_Gaming,Lagos,45,126353.3,0.0,4.786076e-06,Very Low
MRC04226,POS_Retail,Delta,77,726023.12,0.0129870129870129,4.7824665e-06,Very Low
MRC02838,Online_Ecommerce,Ogun,222,8280181.45,0.0315315315315315,4.778537e-06,Very Low
MRC02260,Transfer_Business,Lagos,70,19664914.16,0.0,4.7566896e-06,Very Low
MRC00678,POS_Supermarket,Lagos,128,1017210.8,0.015625,4.7542226e-06,Very Low
MRC02280,Transfer_Business,Delta,50,13488814.28,0.0,4.732347e-06,Very Low
MRC04940,Online_Ecommerce,Abuja,61,2402694.84,0.0163934426229508,4.729153e-06,Very Low
MRC02364,POS_Retail,Ogun,51,573549.7,0.0,4.725704e-06,Very Low
MRC04402,POS_Retail,Rivers,90,895498.51,0.0111111111111111,4.7217577e-06,Very Low
MRC01941,Transfer_P2P,Abuja,62,1403255.61,0.0,4.72101e-06,Very Low
MRC03169,POS_Retail,Enugu,116,1086830.56,0.0086206896551724,4.7143426e-06,Very Low
MRC01232,POS_Electronics,Delta,251,20376816.4,0.0119521912350597,4.7132635e-06,Very Low
MRC03696,POS_Restaurant,Kano,52,279354.64,0.0,4.7076705e-06,Very Low
MRC04907,Transfer_Business,Lagos,79,19878419.66,0.0,4.6999103e-06,Very Low
MRC04591,Transfer_P2P,Kano,66,1631336.72,0.0,4.691773e-06,Very Low
MRC02379,Online_Bills,Abuja,66,734000.29,0.0151515151515151,4.689778e-06,Very Low
MRC01130,POS_Retail,Bayelsa,97,992633.45,0.0206185567010309,4.6892324e-06,Very Low
MRC01529,Online_Gaming,Lagos,493,1482492.1,0.0162271805273833,4.687904e-06,Very Low
MRC03077,POS_Retail,Delta,254,2613230.38,0.0,4.68378e-06,Very Low
MRC04521,POS_Restaurant,Rivers,50,266413.88,0.0,4.6799755e-06,Very Low
MRC01676,Online_Ecommerce,Edo,237,7882915.77,0.0126582278481012,4.666494e-06,Very Low
MRC04282,Transfer_P2P,Enugu,129,2375877.68,0.0,4.66382e-06,Very Low
MRC00861,Online_Ecommerce,Delta,152,5660682.0,0.0197368421052631,4.6636515e-06,Very Low
MRC03040,POS_Supermarket,Anambra,41,382076.7,0.024390243902439,4.6590812e-06,Very Low
MRC01236,Online_Bills,Oyo,84,973353.26,0.0119047619047619,4.6582327e-06,Very Low
MRC00732,POS_Retail,Rivers,123,1321003.6,0.0,4.6528025e-06,Very Low
MRC03955,POS_Electronics,Kwara,41,2842411.25,0.0,4.6514588e-06,Very Low
MRC01912,POS_Restaurant,Abuja,48,257788.98,0.0,4.6358614e-06,Very Low
MRC02513,POS_Pharmacy,Cross River,164,1053010.94,0.0121951219512195,4.630634e-06,Very Low
MRC01508,Online_Ecommerce,Lagos,60,2311280.04,0.0166666666666666,4.624967e-06,Very Low
MRC03505,POS_Retail,Lagos,51,526731.01,0.0,4.6189725e-06,Very Low
MRC04285,POS_Fashion,Oyo,44,1200833.83,0.0,4.5985435e-06,Very Low
MRC01281,Online_Ecommerce,Rivers,50,1610492.14,0.0,4.5964216e-06,Very Low
MRC03152,Transfer_Business,Kano,47,12841247.24,0.0212765957446808,4.592132e-06,Very Low
MRC00493,POS_Restaurant,Ogun,48,231325.62,0.0208333333333333,4.5909237e-06,Very Low
MRC04096,Online_Ecommerce,Delta,106,3875233.81,0.0094339622641509,4.5808515e-06,Very Low
MRC02300,POS_Grocery,Kano,48,303035.69,0.0,4.580061e-06,Very Low
MRC00660,POS_Restaurant,Lagos,51,244723.29,0.0,4.5765028e-06,Very Low
MRC03495,POS_Restaurant,Plateau,83,440562.88,0.0240963855421686,4.5738802e-06,Very Low
MRC03520,Transfer_Business,Kaduna,173,37121153.49,0.0173410404624277,4.5722445e-06,Very Low
MRC00897,Transfer_Payroll,Rivers,147,24724578.97,0.0136054421768707,4.5680385e-06,Very Low
MRC03488,POS_Supermarket,Rivers,44,361958.9,0.0,4.563789e-06,Very Low
MRC01385,POS_Fuel,Bayelsa,82,1291231.06,0.0121951219512195,4.557087e-06,Very Low
MRC04417,Online_Ecommerce,Enugu,45,1733612.58,0.0,4.538918e-06,Very Low
MRC01403,Transfer_P2P,Ogun,56,1182713.36,0.0178571428571428,4.5367715e-06,Very Low
MRC04016,Transfer_Business,Lagos,47,13773491.64,0.0,4.5360403e-06,Very Low
MRC02695,POS_Pharmacy,Kano,66,388276.4,0.0151515151515151,4.5350153e-06,Very Low
MRC02739,POS_Restaurant,Abuja,54,286081.37,0.0,4.5241254e-06,Very Low
MRC01072,POS_Restaurant,Abuja,1067,5461169.47,0.0168697282099343,4.520313e-06,Very Low
MRC02693,Online_Bills,Lagos,93,1150829.71,0.021505376344086,4.5195497e-06,Very Low
MRC00969,Online_Ecommerce,Edo,119,3773552.89,0.0084033613445378,4.5189636e-06,Very Low
MRC03089,Transfer_Business,Edo,114,30534642.67,0.0,4.5173565e-06,Very Low
MRC02825,POS_Fuel,Edo,90,1286138.04,0.0,4.513481e-06,Very Low
MRC04839,Online_Travel,Benue,1273,198604178.41,0.0204241948153967,4.5102797e-06,Very Low
MRC03422,POS_Supermarket,Lagos,856,7140009.42,0.0163551401869158,4.508813e-06,Very Low
MRC02631,Online_Ecommerce,Delta,49,1858688.91,0.0,4.505572e-06,Very Low
MRC03559,POS_Grocery,Lagos,103,789553.8099999999,0.0097087378640776,4.5045795e-06,Very Low
MRC04005,Transfer_P2P,Kwara,127,2651539.29,0.0236220472440944,4.49727e-06,Very Low
MRC03424,POS_Restaurant,Imo,46,205602.23,0.0,4.486351e-06,Very Low
MRC00437,POS_Electronics,Abuja,57,4893187.03,0.0175438596491228,4.477977e-06,Very Low
MRC04903,POS_Retail,Kano,66,693391.02,0.0151515151515151,4.474067e-06,Very Low
MRC01972,Transfer_P2P,Rivers,62,1206040.15,0.0161290322580645,4.4697e-06,Very Low
MRC00441,Online_Bills,Abia,201,2729638.59,0.0099502487562189,4.465511e-06,Very Low
MRC02037,POS_Restaurant,Lagos,62,326013.73,0.0,4.4643575e-06,Very Low
MRC01804,POS_Fuel,Plateau,42,618257.76,0.0,4.458758e-06,Very Low
MRC00031,POS_Retail,Imo,45,468903.59,0.0,4.453378e-06,Very Low
MRC01545,POS_Fashion,Lagos,81,2081070.14,0.0123456790123456,4.4510894e-06,Very Low
MRC01256,POS_Grocery,Bayelsa,83,768858.0,0.0,4.4429808e-06,Very Low
MRC03626,POS_Fuel,Rivers,245,3707862.99,0.0,4.44285e-06,Very Low
MRC03070,POS_Fuel,Lagos,60,835185.23,0.0,4.4293115e-06,Very Low
MRC01771,POS_Electronics,Lagos,49,4220081.86,0.0,4.4273734e-06,Very Low
MRC03292,POS_Retail,Lagos,1231,12897881.08,0.0292445166531275,4.4180942e-06,Very Low
MRC03342,POS_Grocery,Rivers,42,321436.33,0.0,4.4111307e-06,Very Low
MRC02328,POS_Retail,Imo,72,721636.43,0.0138888888888888,4.3996192e-06,Very Low
MRC04990,POS_Grocery,Anambra,47,444892.04,0.0,4.3940468e-06,Very Low
MRC01368,POS_Pharmacy,Enugu,143,875107.33,0.0139860139860139,4.393502e-06,Very Low
MRC02352,Online_Bills,Rivers,299,3648652.14,0.020066889632107,4.3918512e-06,Very Low
MRC00427,POS_Fashion,Benue,65,1764058.7,0.0,4.3914697e-06,Very Low
MRC00786,Online_Ecommerce,Enugu,43,1323520.05,0.0,4.3900004e-06,Very Low
MRC00763,POS_Retail,Lagos,80,898583.78,0.025,4.385874e-06,Very Low
MRC00014,Transfer_P2P,Kano,48,996821.77,0.0,4.379968e-06,Very Low
MRC04018,Transfer_Business,Delta,46,11920202.09,0.0,4.3769905e-06,Very Low
MRC03620,POS_Fashion,Benue,84,2104511.3,0.0119047619047619,4.37226e-06,Very Low
MRC01718,POS_Fuel,Abuja,47,747092.43,0.0,4.353084e-06,Very Low
MRC01162,POS_Supermarket,Lagos,114,898316.28,0.0263157894736842,4.3416535e-06,Very Low
MRC02786,POS_Retail,Kano,41,381123.78,0.0,4.336299e-06,Very Low
MRC02320,Online_Ecommerce,Abuja,167,5691831.88,0.0,4.3340788e-06,Very Low
MRC01597,Online_Ecommerce,Abia,68,2335019.43,0.0,4.333488e-06,Very Low
MRC03828,Transfer_P2P,Kano,72,1427482.81,0.0138888888888888,4.325824e-06,Very Low
MRC04725,POS_Retail,Imo,62,584742.55,0.0,4.3254367e-06,Very Low
MRC02361,POS_Fuel,Abuja,61,906440.48,0.0327868852459016,4.3210457e-06,Very Low
MRC01310,Transfer_Payroll,Anambra,72,13295680.59,0.0138888888888888,4.3194964e-06,Very Low
MRC01409,POS_Retail,Lagos,75,774837.85,0.0266666666666666,4.318685e-06,Very Low
MRC02885,Transfer_P2P,Lagos,42,811012.43,0.0,4.3163504e-06,Very Low
MRC02138,Online_Bills,Cross River,43,470411.2,0.0,4.3114383e-06,Very Low
MRC04225,Transfer_P2P,Anambra,122,2756795.12,0.0,4.307764e-06,Very Low
MRC00593,Online_Bills,Anambra,65,794483.59,0.0,4.3018645e-06,Very Low
MRC02457,Online_Ecommerce,Plateau,192,7242744.37,0.0052083333333333,4.2873453e-06,Very Low
MRC01412,POS_Retail,Lagos,142,1330897.6,0.0070422535211267,4.2730753e-06,Very Low
MRC02699,POS_Electronics,Lagos,147,13274513.07,0.0,4.25973e-06,Very Low
MRC00341,POS_Retail,Rivers,70,724299.08,0.0142857142857142,4.2568504e-06,Very Low
MRC03544,Online_Ecommerce,Lagos,79,3189252.59,0.0126582278481012,4.2472684e-06,Very Low
MRC01859,POS_Electronics,Kaduna,166,14775581.74,0.0120481927710843,4.2446322e-06,Very Low
MRC01611,POS_Supermarket,Abuja,52,471621.97,0.0,4.2445554e-06,Very Low
MRC00142,Online_Bills,Kano,116,1484115.06,0.0086206896551724,4.237688e-06,Very Low
MRC02868,Transfer_Business,Oyo,107,27716290.79,0.0,4.2256534e-06,Very Low
MRC03897,POS_Grocery,Ogun,132,1061699.32,0.0227272727272727,4.215398e-06,Very Low
MRC03302,Transfer_P2P,Abuja,85,1765502.86,0.0,4.200101e-06,Very Low
MRC03761,Transfer_P2P,Abuja,137,2924128.19,0.0,4.1996605e-06,Very Low
MRC00365,Online_Bills,Abia,111,1302699.62,0.027027027027027,4.1982667e-06,Very Low
MRC01151,Transfer_P2P,Edo,47,937717.59,0.0,4.197122e-06,Very Low
MRC03352,POS_Fuel,Enugu,83,1131008.18,0.0120481927710843,4.187251e-06,Very Low
MRC03729,POS_Grocery,Rivers,98,831100.02,0.0,4.1851627e-06,Very Low
MRC03557,POS_Grocery,Delta,78,626372.66,0.0,4.1746075e-06,Very Low
MRC02751,POS_Retail,Kano,920,9173270.3,0.0032608695652173,4.1637686e-06,Very Low
MRC02422,POS_Grocery,Rivers,60,464596.9,0.0166666666666666,4.163459e-06,Very Low
MRC00448,Transfer_P2P,Rivers,172,3779242.84,0.0,4.1631256e-06,Very Low
MRC03774,Transfer_P2P,Kano,469,9606137.62,0.0127931769722814,4.155153e-06,Very Low
MRC04460,POS_Pharmacy,Kano,51,316420.27,0.0,4.1533744e-06,Very Low
MRC04931,POS_Fuel,Lagos,54,813569.3099999999,0.0185185185185185,4.152586e-06,Very Low
MRC00154,POS_Retail,Kwara,52,464416.32,0.0,4.1390763e-06,Very Low
MRC02507,Online_Bills,Oyo,129,1554694.09,0.0077519379844961,4.1362664e-06,Very Low
MRC01846,POS_Electronics,Lagos,692,61149234.02,0.0043352601156069,4.1264716e-06,Very Low
MRC01977,Online_Ecommerce,Delta,44,1403771.38,0.0,4.115032e-06,Very Low
MRC04778,POS_Pharmacy,Ogun,64,354181.74,0.015625,4.1032995e-06,Very Low
MRC02026,POS_Grocery,Osun,89,750351.26,0.0224719101123595,4.100635e-06,Very Low
MRC04583,Online_Bills,Cross River,43,495767.99,0.0,4.098078e-06,Very Low
MRC02647,POS_Fuel,Abuja,55,895100.15,0.0,4.0912837e-06,Very Low
MRC01509,POS_Grocery,Abuja,659,5479410.11,0.0015174506828528,4.084664e-06,Very Low
MRC02133,Transfer_P2P,Lagos,98,2016455.38,0.0204081632653061,4.0845084e-06,Very Low
MRC01080,POS_Retail,Kano,80,853515.32,0.025,4.0837526e-06,Very Low
MRC00799,POS_Retail,Enugu,141,1340040.34,0.0212765957446808,4.0833083e-06,Very Low
MRC03503,Transfer_Business,Rivers,98,26482599.87,0.010204081632653,4.072478e-06,Very Low
MRC02289,POS_Fuel,Ekiti,61,1023007.37,0.0163934426229508,4.0671566e-06,Very Low
MRC00966,Online_Ecommerce,Kano,61,2280492.69,0.0327868852459016,4.0665905e-06,Very Low
MRC01736,POS_Fuel,Kaduna,99,1583738.08,0.0202020202020202,4.0648765e-06,Very Low
MRC00272,POS_Retail,Lagos,154,1660814.51,0.0129870129870129,4.0630975e-06,Very Low
MRC02115,POS_Restaurant,Lagos,63,330025.04,0.0158730158730158,4.061676e-06,Very Low
MRC04546,POS_Fashion,Kaduna,1190,29478441.51,0.0252100840336134,4.05852e-06,Very Low
MRC00113,POS_Retail,Ogun,88,936280.35,0.0113636363636363,4.0564228e-06,Very Low
MRC01722,POS_Pharmacy,Kwara,54,306354.66,0.0185185185185185,4.0522277e-06,Very Low
MRC02029,Online_Travel,Enugu,112,18323615.3,0.0178571428571428,4.05164e-06,Very Low
MRC01254,Transfer_P2P,Rivers,91,1704315.36,0.0329670329670329,4.0496666e-06,Very Low
MRC02669,POS_Retail,Oyo,176,1804713.7,0.0056818181818181,4.0377963e-06,Very Low
MRC04488,Transfer_Business,Cross River,44,11322993.73,0.0,4.0374e-06,Very Low
MRC03881,Online_Bills,Ekiti,64,833167.47,0.0,4.0370724e-06,Very Low
MRC02254,Online_Ecommerce,Imo,125,4178663.87,0.024,4.035579e-06,Very Low
MRC03892,Online_Ecommerce,Lagos,126,4712466.25,0.0079365079365079,4.0261034e-06,Very Low
MRC03359,Transfer_Payroll,Ogun,80,13714542.97,0.0125,4.0253126e-06,Very Low
MRC02863,Transfer_P2P,Lagos,61,1350929.25,0.0163934426229508,4.0227487e-06,Very Low
MRC00837,POS_Grocery,Kaduna,66,470650.51,0.0,4.0135674e-06,Very Low
MRC01018,POS_Fuel,Lagos,104,1537254.68,0.0096153846153846,4.012419e-06,Very Low
MRC02164,Online_Ecommerce,Abuja,102,3753067.35,0.0,4.0090954e-06,Very Low
MRC02110,Online_Ecommerce,Lagos,80,2939236.47,0.0,4.00843e-06,Very Low
MRC03224,Transfer_Business,Lagos,46,12302256.37,0.0,4.0084033e-06,Very Low
MRC00004,Online_Ecommerce,Delta,80,2422154.73,0.0125,4.007448e-06,Very Low
MRC01971,Transfer_P2P,Cross River,50,986907.44,0.0,3.995976e-06,Very Low
MRC04524,POS_Retail,Lagos,398,3999480.7,0.0150753768844221,3.990416e-06,Very Low
MRC02623,Transfer_Payroll,Ogun,59,11046812.11,0.0169491525423728,3.9825045e-06,Very Low
MRC01374,Online_Ecommerce,Delta,95,3222549.73,0.0105263157894736,3.978697e-06,Very Low
MRC01684,POS_Retail,Lagos,100,950213.23,0.0,3.9760494e-06,Very Low
MRC03286,POS_Retail,Lagos,281,2948755.9,0.0177935943060498,3.965352e-06,Very Low
MRC02494,POS_Grocery,Delta,57,452033.75,0.0175438596491228,3.964641e-06,Very Low
MRC04123,Transfer_Business,Kano,42,10817432.06,0.0,3.9523006e-06,Very Low
MRC00425,Transfer_P2P,Abuja,133,2665590.1,0.0150375939849624,3.947825e-06,Very Low
MRC00954,POS_Supermarket,Rivers,91,587518.18,0.0329670329670329,3.9366705e-06,Very Low
MRC03637,POS_Grocery,Benue,115,908090.51,0.0260869565217391,3.9349134e-06,Very Low
MRC01349,POS_Restaurant,Kano,212,1058603.87,0.0094339622641509,3.9223437e-06,Very Low
MRC04613,POS_Electronics,Abia,264,23750615.14,0.0265151515151515,3.919214e-06,Very Low
MRC00192,POS_Supermarket,Lagos,69,571438.87,0.0144927536231884,3.912679e-06,Very Low
MRC03335,Online_Ecommerce,Osun,106,3653421.94,0.0,3.901281e-06,Very Low
MRC02552,POS_Retail,Enugu,189,1845696.71,0.0264550264550264,3.8896087e-06,Very Low
MRC01589,POS_Pharmacy,Abuja,62,361469.99,0.0,3.887732e-06,Very Low
MRC02689,POS_Fashion,Lagos,82,2236428.65,0.0121951219512195,3.8775866e-06,Very Low
MRC03969,POS_Retail,Kano,163,1554116.3,0.0245398773006134,3.8771873e-06,Very Low
MRC02911,Online_Travel,Abuja,144,21590086.94,0.0069444444444444,3.875446e-06,Very Low
MRC02446,POS_Retail,Lagos,684,6889040.88,0.0321637426900584,3.873868e-06,Very Low
MRC00474,POS_Fashion,Lagos,46,1132909.87,0.0,3.871678e-06,Very Low
MRC04542,Transfer_Payroll,Delta,58,10717147.61,0.0,3.8712383e-06,Very Low
MRC00405,POS_Retail,Delta,47,419745.24,0.0,3.8704115e-06,Very Low
MRC03356,Transfer_Payroll,Oyo,56,9236799.24,0.0357142857142857,3.8658077e-06,Very Low
MRC01011,POS_Retail,Abia,46,488794.76,0.0,3.862016e-06,Very Low
MRC02426,Online_Ecommerce,Bayelsa,57,2324887.08,0.0,3.848119e-06,Very Low
MRC01181,Transfer_Business,Lagos,49,11699611.23,0.0,3.847301e-06,Very Low
MRC04037,POS_Grocery,Abuja,84,716145.76,0.0119047619047619,3.8277944e-06,Very Low
MRC01089,Online_Ecommerce,Lagos,86,3092359.46,0.0116279069767441,3.81826e-06,Very Low
MRC00472,POS_Retail,Rivers,126,1337420.47,0.0238095238095238,3.8104065e-06,Very Low
MRC02003,POS_Grocery,Enugu,105,888818.03,0.0,3.8029211e-06,Very Low
MRC01944,POS_Pharmacy,Kano,446,2657601.09,0.0044843049327354,3.7967825e-06,Very Low
MRC03502,POS_Retail,Ogun,147,1423200.5,0.0204081632653061,3.7954608e-06,Very Low
MRC02061,Transfer_P2P,Lagos,56,1040545.99,0.0178571428571428,3.794976e-06,Very Low
MRC04145,POS_Fuel,Delta,145,2192105.89,0.0137931034482758,3.7882464e-06,Very Low
MRC02894,POS_Fuel,Oyo,44,750369.75,0.0,3.7846644e-06,Very Low
MRC04289,Transfer_Business,Delta,60,16219006.85,0.0166666666666666,3.7820848e-06,Very Low
MRC02722,POS_Grocery,Rivers,58,509854.59,0.0,3.7787318e-06,Very Low
MRC00587,POS_Supermarket,Abuja,54,451885.86,0.0185185185185185,3.7786378e-06,Very Low
MRC00484,POS_Supermarket,Imo,89,747728.35,0.0112359550561797,3.7734706e-06,Very Low
MRC00396,Online_Bills,Kano,67,571142.98,0.0149253731343283,3.7702403e-06,Very Low
MRC01924,POS_Grocery,Ogun,46,398188.53,0.0,3.7600894e-06,Very Low
MRC02345,Online_Bills,Lagos,88,1225090.58,0.0,3.759584e-06,Very Low
MRC03675,POS_Retail,Osun,66,741225.13,0.0151515151515151,3.7590244e-06,Very Low
MRC01547,POS_Electronics,Ogun,74,5887634.33,0.0,3.756645e-06,Very Low
MRC03653,Transfer_Business,Rivers,69,16455524.76,0.0,3.7521693e-06,Very Low
MRC03283,POS_Electronics,Enugu,77,6665293.69,0.0129870129870129,3.7440375e-06,Very Low
MRC04491,Online_Ecommerce,Lagos,78,3038490.79,0.0128205128205128,3.734534e-06,Very Low
MRC03586,POS_Fashion,Enugu,114,2773723.98,0.0087719298245614,3.7236125e-06,Very Low
MRC01414,POS_Electronics,Bayelsa,223,19981794.57,0.0134529147982062,3.7174884e-06,Very Low
MRC03178,POS_Retail,Kaduna,184,1913747.9,0.0108695652173913,3.7052528e-06,Very Low
MRC04575,Transfer_Business,Lagos,825,206582548.08,0.0145454545454545,3.7009477e-06,Very Low
MRC00290,POS_Restaurant,Lagos,112,558540.67,0.0089285714285714,3.7008347e-06,Very Low
MRC02173,POS_Retail,Lagos,441,4377371.58,0.0204081632653061,3.6996066e-06,Very Low
MRC00157,POS_Electronics,Plateau,55,5057158.7700000005,0.0,3.695354e-06,Very Low
MRC02740,POS_Grocery,Plateau,46,367056.66,0.0,3.6946385e-06,Very Low
MRC02451,POS_Fashion,Lagos,1337,33012879.12,0.0172026925953627,3.692645e-06,Very Low
MRC01695,POS_Restaurant,Delta,330,1658683.27,0.0212121212121212,3.6906101e-06,Very Low
MRC02644,POS_Retail,Oyo,63,579874.17,0.0158730158730158,3.6899276e-06,Very Low
MRC02175,POS_Supermarket,Lagos,54,425960.51,0.0185185185185185,3.6847512e-06,Very Low
MRC01575,POS_Electronics,Abuja,66,5356926.72,0.0,3.6801084e-06,Very Low
MRC04128,POS_Retail,Rivers,173,1781136.88,0.0173410404624277,3.6774068e-06,Very Low
MRC02116,POS_Supermarket,Abuja,279,2391195.62,0.017921146953405,3.664758e-06,Very Low
MRC04003,POS_Fuel,Lagos,62,945239.02,0.0,3.6646427e-06,Very Low
MRC04453,Online_Ecommerce,Anambra,57,2083666.57,0.0,3.6639856e-06,Very Low
MRC04532,Transfer_P2P,Lagos,168,3304468.24,0.0059523809523809,3.6606361e-06,Very Low
MRC01097,POS_Retail,Ekiti,99,1020420.74,0.0,3.6593794e-06,Very Low
MRC00811,Online_Ecommerce,Abuja,133,4702770.16,0.0,3.658713e-06,Very Low
MRC04681,POS_Fuel,Kaduna,77,1125911.3,0.0259740259740259,3.6543022e-06,Very Low
MRC00267,POS_Restaurant,Abuja,94,455248.87,0.0212765957446808,3.6523368e-06,Very Low
MRC01210,POS_Fashion,Lagos,50,1303423.06,0.0,3.6516542e-06,Very Low
MRC01190,POS_Grocery,Lagos,69,543556.8099999999,0.0,3.6463684e-06,Very Low
MRC04272,Online_Travel,Kaduna,1670,252176327.64,0.0269461077844311,3.6385281e-06,Very Low
MRC04627,Online_Gaming,Anambra,132,400590.69,0.0075757575757575,3.6382505e-06,Very Low
MRC04843,POS_Grocery,Lagos,65,476454.5,0.0,3.6367e-06,Very Low
MRC00404,POS_Grocery,Enugu,45,368274.66,0.0,3.6297113e-06,Very Low
MRC03194,POS_Supermarket,Delta,75,597550.98,0.0133333333333333,3.6243948e-06,Very Low
MRC00842,POS_Pharmacy,Lagos,145,893163.98,0.0068965517241379,3.621285e-06,Very Low
MRC04953,Transfer_Payroll,Delta,179,32514541.58,0.0111731843575419,3.6201839e-06,Very Low
MRC04879,POS_Grocery,Kano,91,746743.2,0.0219780219780219,3.6150536e-06,Very Low
MRC04448,Transfer_P2P,Delta,117,2339420.3,0.017094017094017,3.615019e-06,Very Low
MRC01154,POS_Grocery,Abuja,85,700446.84,0.0,3.606249e-06,Very Low
MRC03374,Transfer_P2P,Ogun,116,2283787.94,0.0086206896551724,3.6050315e-06,Very Low
MRC01161,Transfer_P2P,Abuja,48,824860.18,0.0,3.6047154e-06,Very Low
MRC03400,POS_Retail,Abuja,56,561580.52,0.0178571428571428,3.6001218e-06,Very Low
MRC00975,Online_Ecommerce,Rivers,176,5968271.4,0.0227272727272727,3.5973799e-06,Very Low
MRC04294,POS_Retail,Lagos,176,1869153.22,0.0170454545454545,3.5952294e-06,Very Low
MRC01574,Online_Bills,Delta,148,1893790.7,0.0135135135135135,3.5930632e-06,Very Low
MRC01691,POS_Retail,Abuja,76,724780.84,0.0,3.5844146e-06,Very Low
MRC03980,POS_Grocery,Kwara,129,1005404.9,0.0077519379844961,3.5807961e-06,Very Low
MRC02023,Transfer_P2P,Enugu,43,787566.07,0.0,3.57413e-06,Very Low
MRC01155,POS_Fuel,Enugu,99,1459376.39,0.0101010101010101,3.573247e-06,Very Low
MRC02123,Transfer_Business,Abuja,387,102012381.21,0.0103359173126615,3.5682992e-06,Very Low
MRC02839,Online_Ecommerce,Bayelsa,57,2143730.28,0.0175438596491228,3.5556998e-06,Very Low
MRC03604,POS_Restaurant,Abuja,42,237914.67,0.0,3.5500684e-06,Very Low
MRC03325,Online_Ecommerce,Edo,43,1663539.07,0.0,3.5409053e-06,Very Low
MRC00792,Online_Gaming,Lagos,69,197826.37,0.0,3.538586e-06,Very Low
MRC03616,POS_Pharmacy,Benue,45,284725.88,0.0,3.5379855e-06,Very Low
MRC03280,POS_Retail,Abuja,48,495003.12,0.0,3.537736e-06,Very Low
MRC03053,POS_Retail,Lagos,89,891997.19,0.0112359550561797,3.5364744e-06,Very Low
MRC03913,Online_Travel,Anambra,59,8981313.07,0.0,3.535773e-06,Very Low
MRC04882,POS_Grocery,Lagos,119,1037293.82,0.0,3.5285072e-06,Very Low
MRC02339,POS_Fuel,Abia,44,671843.88,0.0,3.526334e-06,Very Low
MRC04414,POS_Fuel,Enugu,55,824285.02,0.0181818181818181,3.524656e-06,Very Low
MRC00928,POS_Restaurant,Anambra,42,217143.75,0.0,3.5181413e-06,Very Low
MRC04228,POS_Retail,Kaduna,44,445251.59,0.0,3.4981479e-06,Very Low
MRC03832,POS_Restaurant,Abia,159,832298.36,0.0188679245283018,3.4978743e-06,Very Low
MRC04330,POS_Retail,Lagos,70,664922.72,0.0,3.4915454e-06,Very Low
MRC02325,Online_Ecommerce,Enugu,59,2182496.84,0.0169491525423728,3.491422e-06,Very Low
MRC04998,POS_Pharmacy,Kano,106,728668.79,0.0094339622641509,3.4840714e-06,Very Low
MRC04924,POS_Restaurant,Lagos,179,950800.6,0.0,3.4826626e-06,Very Low
MRC01023,POS_Electronics,Bayelsa,3291,281946757.4,0.0200546946216955,3.4824102e-06,Very Low
MRC04539,Online_Travel,Kaduna,113,16237831.73,0.0176991150442477,3.4812979e-06,Very Low
MRC02789,Transfer_P2P,Plateau,1451,30552413.24,0.0186078566505858,3.481215e-06,Very Low
MRC00155,POS_Restaurant,Abuja,62,323680.54,0.0,3.478822e-06,Very Low
MRC02492,POS_Retail,Lagos,288,2922717.51,0.0208333333333333,3.4772963e-06,Very Low
MRC04917,Transfer_Payroll,Kaduna,1585,285220477.74,0.0088328075709779,3.4678148e-06,Very Low
MRC03531,Online_Ecommerce,Abuja,71,2749879.94,0.0140845070422535,3.463931e-06,Very Low
MRC00015,POS_Electronics,Anambra,55,5001259.05,0.0,3.457558e-06,Very Low
MRC02870,POS_Restaurant,Abuja,55,286911.43,0.0181818181818181,3.4503378e-06,Very Low
MRC02575,Transfer_Business,Kano,47,12792968.15,0.0,3.4399754e-06,Very Low
MRC03204,Transfer_P2P,Lagos,95,2135244.53,0.0210526315789473,3.4360146e-06,Very Low
MRC00477,POS_Retail,Ekiti,60,720395.96,0.0,3.4341374e-06,Very Low
MRC04684,Online_Ecommerce,Oyo,54,1734989.91,0.0185185185185185,3.4329912e-06,Very Low
MRC01908,POS_Fuel,Abia,239,3641311.08,0.0251046025104602,3.4325888e-06,Very Low
MRC04325,Online_Ecommerce,Abuja,120,4473990.11,0.0083333333333333,3.4324282e-06,Very Low
MRC01659,Transfer_P2P,Abuja,101,2015795.78,0.0099009900990099,3.4317015e-06,Very Low
MRC00294,POS_Supermarket,Lagos,59,506675.98,0.0,3.4256298e-06,Very Low
MRC02862,POS_Grocery,Kaduna,62,551551.78,0.0161290322580645,3.4175014e-06,Very Low
MRC02267,Online_Travel,Lagos,170,25953098.26,0.0,3.405665e-06,Very Low
MRC01568,POS_Supermarket,Lagos,321,2547539.48,0.0062305295950155,3.4047816e-06,Very Low
MRC04300,POS_Restaurant,Ogun,84,441048.92,0.0,3.3993667e-06,Very Low
MRC01485,POS_Retail,Rivers,77,776025.29,0.0259740259740259,3.3973572e-06,Very Low
MRC03052,POS_Retail,Bayelsa,107,1002220.96,0.0,3.3970236e-06,Very Low
MRC03085,POS_Retail,Lagos,445,4594381.46,0.0112359550561797,3.3906736e-06,Very Low
MRC01826,POS_Grocery,Lagos,64,547408.93,0.0,3.3882975e-06,Very Low
MRC00135,POS_Retail,Lagos,155,1618788.39,0.0193548387096774,3.385029e-06,Very Low
MRC02947,POS_Retail,Bayelsa,47,515756.9,0.0,3.3772742e-06,Very Low
MRC00751,POS_Supermarket,Kwara,224,1887917.61,0.03125,3.3764206e-06,Very Low
MRC03284,POS_Fuel,Abuja,144,2109498.34,0.0138888888888888,3.373772e-06,Very Low
MRC00363,Online_Ecommerce,Enugu,67,2680255.13,0.0149253731343283,3.3729127e-06,Very Low
MRC03617,POS_Fuel,Lagos,62,905911.74,0.0161290322580645,3.3714398e-06,Very Low
MRC04138,POS_Retail,Delta,280,3068572.43,0.025,3.3709e-06,Very Low
MRC00368,POS_Retail,Abia,64,589548.66,0.015625,3.3675033e-06,Very Low
MRC00183,POS_Fashion,Lagos,98,2428700.63,0.010204081632653,3.3599265e-06,Very Low
MRC02558,POS_Restaurant,Oyo,59,285324.14,0.0169491525423728,3.3590102e-06,Very Low
MRC01655,POS_Fuel,Oyo,98,1443019.56,0.010204081632653,3.3525837e-06,Very Low
MRC04625,POS_Pharmacy,Rivers,288,1764052.36,0.0243055555555555,3.3458605e-06,Very Low
MRC00713,Transfer_Business,Kano,46,11262346.01,0.0,3.3406761e-06,Very Low
MRC03064,Transfer_Business,Lagos,78,18123383.67,0.0,3.340335e-06,Very Low
MRC04624,POS_Fashion,Edo,94,2180118.08,0.0106382978723404,3.3352994e-06,Very Low
MRC00547,POS_Pharmacy,Cross River,64,453195.91,0.015625,3.3352042e-06,Very Low
MRC03944,POS_Grocery,Kaduna,138,1227639.48,0.0,3.3291947e-06,Very Low
MRC03989,POS_Restaurant,Lagos,70,326605.99,0.0,3.3261388e-06,Very Low
MRC01118,Transfer_Business,Enugu,75,17894240.5,0.0133333333333333,3.3239728e-06,Very Low
MRC03451,POS_Grocery,Enugu,156,1384492.99,0.0064102564102564,3.3216659e-06,Very Low
MRC01564,Online_Travel,Kano,129,19895126.33,0.0077519379844961,3.320646e-06,Very Low
MRC03640,Transfer_P2P,Lagos,118,2352936.59,0.0169491525423728,3.3199842e-06,Very Low
MRC04831,Transfer_P2P,Abuja,106,2169048.76,0.0,3.317889e-06,Very Low
MRC04358,POS_Retail,Lagos,65,622405.44,0.0,3.3146566e-06,Very Low
MRC02210,POS_Grocery,Osun,83,681563.46,0.0120481927710843,3.3101646e-06,Very Low
MRC00041,POS_Electronics,Abuja,78,6148848.77,0.0128205128205128,3.3085742e-06,Very Low
MRC02687,Transfer_Business,Enugu,144,37207780.46,0.0,3.3064512e-06,Very Low
MRC02892,POS_Supermarket,Abuja,105,817859.03,0.0095238095238095,3.3041313e-06,Very Low
MRC01343,Online_Travel,Lagos,56,8874067.11,0.0178571428571428,3.2996156e-06,Very Low
MRC01840,POS_Fashion,Bayelsa,74,1838838.84,0.0,3.2829644e-06,Very Low
MRC03836,POS_Retail,Abuja,44,419812.86,0.0,3.282019e-06,Very Low
MRC00307,POS_Restaurant,Lagos,43,186452.06,0.0,3.2806515e-06,Very Low
MRC00383,Transfer_P2P,Rivers,65,1356984.7,0.0153846153846153,3.2793282e-06,Very Low
MRC00073,POS_Retail,Cross River,127,1153947.36,0.0078740157480314,3.27634e-06,Very Low
MRC04483,POS_Electronics,Lagos,44,3602078.86,0.0,3.274822e-06,Very Low
MRC01863,Online_Ecommerce,Lagos,44,1663555.92,0.0,3.274806e-06,Very Low
MRC01088,Online_Ecommerce,Lagos,231,7634889.91,0.0129870129870129,3.2725582e-06,Very Low
MRC02032,POS_Electronics,Oyo,341,28357708.27,0.0146627565982404,3.2709609e-06,Very Low
MRC04047,Online_Ecommerce,Anambra,50,1522553.29,0.0,3.2651046e-06,Very Low
MRC02251,Online_Ecommerce,Kwara,146,5450748.65,0.0068493150684931,3.2643482e-06,Very Low
MRC05000,Transfer_P2P,Edo,52,1093928.74,0.0,3.2634919e-06,Very Low
MRC03353,POS_Grocery,Oyo,71,618628.42,0.0,3.2574162e-06,Very Low
MRC04394,POS_Fuel,Oyo,47,741561.95,0.0,3.257286e-06,Very Low
MRC02399,POS_Retail,Abia,64,605025.56,0.0,3.2529863e-06,Very Low
MRC02088,POS_Retail,Abuja,44,438870.36,0.0,3.252949e-06,Very Low
MRC04451,POS_Fuel,Kaduna,1962,29643050.04,0.0275229357798165,3.2513951e-06,Very Low
MRC01670,Online_Bills,Rivers,239,3045455.31,0.0251046025104602,3.2499847e-06,Very Low
MRC01721,POS_Grocery,Oyo,117,911917.12,0.017094017094017,3.2415032e-06,Very Low
MRC00019,POS_Supermarket,Imo,153,1168201.76,0.0196078431372549,3.2384783e-06,Very Low
MRC00868,POS_Retail,Abuja,76,735341.71,0.0,3.230058e-06,Very Low
MRC00467,POS_Pharmacy,Oyo,45,279601.78,0.0,3.2208634e-06,Very Low
MRC02979,Online_Bills,Oyo,498,6122130.36,0.0060240963855421,3.219141e-06,Very Low
MRC03518,POS_Grocery,Lagos,144,1117897.1,0.0208333333333333,3.215959e-06,Very Low
MRC02726,POS_Restaurant,Benue,49,211846.46,0.0,3.2125165e-06,Very Low
MRC03746,Transfer_Business,Lagos,98,26270808.11,0.010204081632653,3.2078815e-06,Very Low
MRC03655,POS_Retail,Abuja,44,380719.22,0.0,3.2054747e-06,Very Low
MRC01100,Transfer_P2P,Kano,176,3536972.2,0.0170454545454545,3.204796e-06,Very Low
MRC04277,POS_Retail,Lagos,71,821709.66,0.0140845070422535,3.2014054e-06,Very Low
MRC01440,POS_Retail,Rivers,49,492700.64,0.0,3.199986e-06,Very Low
MRC02626,POS_Retail,Edo,78,743971.55,0.0,3.1992415e-06,Very Low
MRC02721,POS_Retail,Oyo,132,1474547.82,0.0151515151515151,3.1982959e-06,Very Low
MRC04633,POS_Electronics,Lagos,58,4674249.69,0.0,3.1899588e-06,Very Low
MRC02985,Online_Bills,Abuja,53,608015.16,0.0,3.186863e-06,Very Low
MRC02306,POS_Fuel,Delta,123,1811782.46,0.0,3.1865166e-06,Very Low
MRC02881,Online_Bills,Osun,60,811778.86,0.0,3.18638e-06,Very Low
MRC04184,Transfer_P2P,Kaduna,4449,91249315.1,0.0242751180040458,3.1846332e-06,Very Low
MRC03340,Transfer_P2P,Lagos,88,1802544.68,0.0,3.1834277e-06,Very Low
MRC04897,POS_Pharmacy,Plateau,101,640873.5,0.0099009900990099,3.1788284e-06,Very Low
MRC00378,POS_Supermarket,Lagos,93,762785.55,0.021505376344086,3.170823e-06,Very Low
MRC01465,Online_Travel,Bayelsa,42,6371133.08,0.0,3.1670907e-06,Very Low
MRC04384,Transfer_P2P,Cross River,137,2805231.14,0.0072992700729927,3.1551797e-06,Very Low
MRC04902,Transfer_P2P,Lagos,52,1344089.23,0.0,3.147261e-06,Very Low
MRC01798,POS_Grocery,Edo,46,405641.3,0.0,3.1393918e-06,Very Low
MRC02978,POS_Grocery,Abuja,88,757905.47,0.0,3.1391944e-06,Very Low
MRC02544,Transfer_Business,Benue,290,73899931.14,0.0137931034482758,3.1390866e-06,Very Low
MRC04334,Transfer_P2P,Ogun,41,674895.85,0.0,3.1362051e-06,Very Low
MRC01737,POS_Retail,Ogun,93,929298.09,0.0,3.133365e-06,Very Low
MRC04395,Transfer_P2P,Edo,59,1230867.91,0.0169491525423728,3.1331826e-06,Very Low
MRC04074,POS_Electronics,Rivers,229,19883333.82,0.0043668122270742,3.1260286e-06,Very Low
MRC01830,Online_Bills,Enugu,111,1434169.61,0.0,3.122072e-06,Very Low
MRC04994,Online_Ecommerce,Rivers,56,1956997.74,0.0178571428571428,3.115487e-06,Very Low
MRC04049,POS_Retail,Rivers,49,457041.94,0.0,3.1154723e-06,Very Low
MRC00711,POS_Fuel,Benue,161,2336017.51,0.0124223602484472,3.112737e-06,Very Low
MRC00601,POS_Fuel,Oyo,47,654789.59,0.0,3.1107159e-06,Very Low
MRC01423,POS_Grocery,Osun,53,428906.29,0.0,3.1010748e-06,Very Low
MRC04476,POS_Retail,Enugu,50,556666.97,0.0,3.1008262e-06,Very Low
MRC00229,Transfer_Business,Rivers,53,13928978.44,0.0,3.0967628e-06,Very Low
MRC02816,POS_Restaurant,Abuja,230,1117332.38,0.0130434782608695,3.092923e-06,Very Low
MRC01824,Transfer_Business,Enugu,48,11573547.0,0.0,3.0928668e-06,Very Low
MRC01009,Online_Bills,Kano,293,3592187.95,0.0204778156996587,3.0875976e-06,Very Low
MRC04810,Online_Ecommerce,Abia,92,3311230.56,0.0217391304347826,3.0872322e-06,Very Low
MRC01002,Transfer_Business,Lagos,76,18768242.53,0.0,3.0779222e-06,Very Low
MRC03139,POS_Grocery,Lagos,226,1772978.47,0.0176991150442477,3.0709177e-06,Very Low
MRC01272,POS_Fuel,Lagos,45,740690.46,0.0,3.0669814e-06,Very Low
MRC00935,Online_Bills,Ogun,100,1294683.58,0.03,3.0614697e-06,Very Low
MRC00080,POS_Pharmacy,Delta,182,1088618.8,0.0109890109890109,3.0564522e-06,Very Low
MRC00930,Online_Ecommerce,Cross River,2061,74104865.87,0.0063076176613294,3.0558256e-06,Very Low
MRC04673,POS_Fuel,Oyo,512,7624384.74,0.029296875,3.0494557e-06,Very Low
MRC01445,POS_Retail,Oyo,77,863021.98,0.0129870129870129,3.0388594e-06,Very Low
MRC01176,POS_Retail,Benue,64,751811.47,0.015625,3.0369793e-06,Very Low
MRC01757,POS_Fuel,Enugu,182,2668150.5,0.0,3.0321203e-06,Very Low
MRC03787,POS_Grocery,Cross River,44,338138.26,0.0,3.0314263e-06,Very Low
MRC04436,POS_Electronics,Imo,149,13605677.22,0.0,3.0294525e-06,Very Low
MRC04001,POS_Grocery,Osun,91,835474.85,0.0219780219780219,3.0283807e-06,Very Low
MRC04178,POS_Restaurant,Abuja,88,475578.83,0.0113636363636363,3.0220856e-06,Very Low
MRC02928,Online_Bills,Lagos,57,736280.74,0.0,3.0197548e-06,Very Low
MRC04296,POS_Retail,Enugu,72,750278.49,0.0138888888888888,3.0185975e-06,Very Low
MRC01193,POS_Retail,Delta,162,1817297.21,0.0308641975308641,3.0160766e-06,Very Low
MRC03366,Online_Ecommerce,Rivers,17995,648877628.89,0.0081689358155043,3.0160306e-06,Very Low
MRC03562,POS_Fashion,Oyo,71,1838723.09,0.0140845070422535,3.0057938e-06,Very Low
MRC01367,Online_Bills,Abia,80,970777.21,0.0125,3.0046363e-06,Very Low
MRC03898,POS_Restaurant,Cross River,288,1523376.08,0.0034722222222222,2.9960463e-06,Very Low
MRC01427,Transfer_P2P,Plateau,470,9371408.01,0.0042553191489361,2.9890514e-06,Very Low
MRC00431,Transfer_Payroll,Lagos,376,67298678.97,0.0053191489361702,2.9879197e-06,Very Low
MRC04359,POS_Retail,Abuja,82,833526.35,0.0121951219512195,2.9852197e-06,Very Low
MRC02295,POS_Supermarket,Lagos,50,466814.78,0.0,2.9792643e-06,Very Low
MRC02073,POS_Fuel,Lagos,57,918708.22,0.0,2.9758398e-06,Very Low
MRC04116,Transfer_P2P,Kano,98,1925183.0,0.0,2.9680455e-06,Very Low
MRC04564,Online_Ecommerce,Rivers,156,5924324.81,0.0064102564102564,2.9619212e-06,Very Low
MRC02114,POS_Fuel,Lagos,171,2519697.71,0.0175438596491228,2.9536168e-06,Very Low
MRC02935,POS_Fuel,Edo,336,5083551.25,0.0208333333333333,2.9420596e-06,Very Low
MRC00585,POS_Grocery,Abuja,43,437066.72,0.0,2.9266964e-06,Very Low
MRC03242,Online_Gaming,Abuja,111,329240.05,0.018018018018018,2.9227244e-06,Very Low
MRC01666,Online_Ecommerce,Lagos,51,1800385.09,0.0,2.9174112e-06,Very Low
MRC03455,POS_Retail,Lagos,46,412106.45,0.0,2.9157393e-06,Very Low
MRC03297,Transfer_Business,Rivers,90,22496080.35,0.0111111111111111,2.910422e-06,Very Low
MRC01497,Online_Ecommerce,Abuja,83,2901109.26,0.0,2.9084022e-06,Very Low
MRC01289,Transfer_P2P,Ekiti,51,1043405.76,0.0,2.907171e-06,Very Low
MRC02360,POS_Retail,Abuja,77,732765.79,0.0259740259740259,2.9070932e-06,Very Low
MRC03963,POS_Pharmacy,Benue,45,304617.13,0.0,2.906317e-06,Very Low
MRC02757,POS_Restaurant,Lagos,71,359484.07,0.0140845070422535,2.8965717e-06,Very Low
MRC01549,POS_Retail,Abuja,148,1473838.88,0.0202702702702702,2.8772254e-06,Very Low
MRC02993,Online_Bills,Lagos,76,888667.88,0.0,2.8634317e-06,Very Low
MRC01793,POS_Supermarket,Lagos,55,452978.28,0.0,2.8610486e-06,Very Low
MRC03611,Online_Bills,Delta,92,1069864.92,0.0326086956521739,2.8531172e-06,Very Low
MRC04365,POS_Retail,Abuja,60,740292.31,0.0166666666666666,2.8495901e-06,Very Low
MRC00355,POS_Grocery,Enugu,46,344040.44,0.0,2.8480172e-06,Very Low
MRC02724,Online_Bills,Anambra,1267,15567494.85,0.0236779794790844,2.8465565e-06,Very Low
MRC00905,POS_Grocery,Lagos,51,384548.93,0.0,2.844543e-06,Very Low
MRC01197,Transfer_Business,Kano,77,19934802.96,0.0,2.8342422e-06,Very Low
MRC02081,Online_Bills,Lagos,278,3478205.8,0.0287769784172661,2.8288712e-06,Very Low
MRC02634,POS_Fashion,Lagos,42,962611.48,0.0,2.8287066e-06,Very Low
MRC00328,POS_Fashion,Lagos,138,3356234.7800000003,0.0072463768115942,2.8267837e-06,Very Low
MRC02027,Transfer_P2P,Ogun,42,840603.4,0.0,2.8236395e-06,Very Low
MRC02656,Online_Bills,Lagos,60,716355.26,0.0166666666666666,2.8156317e-06,Very Low
MRC01646,Transfer_P2P,Abuja,114,2431554.25,0.0263157894736842,2.810749e-06,Very Low
MRC04054,POS_Restaurant,Lagos,63,298434.82,0.0158730158730158,2.8062518e-06,Very Low
MRC01437,POS_Retail,Anambra,269,2579836.94,0.0111524163568773,2.8051174e-06,Very Low
MRC04603,POS_Grocery,Kaduna,66,607078.03,0.0,2.803117e-06,Very Low
MRC00524,POS_Retail,Lagos,48,550907.06,0.0208333333333333,2.8012544e-06,Very Low
MRC04749,Online_Bills,Oyo,74,858027.67,0.0,2.7900885e-06,Very Low
MRC02633,Online_Ecommerce,Anambra,101,3534715.8,0.0,2.7895458e-06,Very Low
MRC01520,POS_Grocery,Kwara,43,324359.17,0.0,2.78186e-06,Very Low
MRC03491,POS_Restaurant,Bayelsa,137,727229.7,0.0218978102189781,2.777759e-06,Very Low
MRC04249,Transfer_Business,Kwara,45,10701928.11,0.0,2.7758178e-06,Very Low
MRC02065,POS_Restaurant,Rivers,1507,7604777.95,0.0079628400796284,2.7750505e-06,Very Low
MRC02811,POS_Fashion,Lagos,133,3401571.34,0.0150375939849624,2.7705707e-06,Very Low
MRC02857,POS_Fuel,Abuja,50,754589.92,0.0,2.7681147e-06,Very Low
MRC02779,Online_Ecommerce,Delta,97,3418254.69,0.0,2.7639414e-06,Very Low
MRC03153,POS_Grocery,Kwara,190,1429396.02,0.0052631578947368,2.7531476e-06,Very Low
MRC03748,POS_Retail,Kano,43,354196.99,0.0,2.751919e-06,Very Low
MRC02511,Transfer_P2P,Lagos,72,1740633.5,0.0,2.7443791e-06,Very Low
MRC02776,Online_Ecommerce,Ogun,80,3226656.1,0.0125,2.7423566e-06,Very Low
MRC01484,POS_Fuel,Rivers,120,1891648.28,0.0083333333333333,2.7399828e-06,Very Low
MRC03013,POS_Supermarket,Lagos,42,296030.91,0.0,2.7357373e-06,Very Low
MRC04710,POS_Retail,Delta,49,437603.24,0.0,2.7316523e-06,Very Low
MRC03219,POS_Pharmacy,Lagos,2122,12847010.07,0.0169651272384542,2.729876e-06,Very Low
MRC01621,POS_Electronics,Enugu,283,24191634.62,0.0070671378091872,2.726075e-06,Very Low
MRC04136,POS_Electronics,Cross River,157,13724935.58,0.019108280254777,2.7213864e-06,Very Low
MRC02347,POS_Restaurant,Abuja,90,488443.09,0.0222222222222222,2.7209974e-06,Very Low
MRC03173,POS_Pharmacy,Bayelsa,130,802162.4,0.023076923076923,2.7169108e-06,Very Low
MRC03965,POS_Restaurant,Rivers,50,262661.72,0.0,2.714155e-06,Very Low
MRC03796,Online_Ecommerce,Rivers,61,2088610.95,0.0,2.7088463e-06,Very Low
MRC00993,POS_Fashion,Bayelsa,52,1441908.63,0.0,2.706458e-06,Very Low
MRC02610,POS_Fuel,Benue,60,834379.25,0.0166666666666666,2.704337e-06,Very Low
MRC02017,POS_Retail,Abia,84,845438.02,0.0119047619047619,2.7023675e-06,Very Low
MRC01211,POS_Pharmacy,Anambra,59,364406.22,0.0169491525423728,2.6960606e-06,Very Low
MRC02190,POS_Restaurant,Edo,169,928699.99,0.0236686390532544,2.6924045e-06,Very Low
MRC04302,Transfer_P2P,Abuja,109,2213306.13,0.0091743119266055,2.6793155e-06,Very Low
MRC01976,POS_Fuel,Cross River,251,3726700.39,0.0159362549800796,2.6722673e-06,Very Low
MRC00974,POS_Retail,Lagos,288,3018375.21,0.0104166666666666,2.6713678e-06,Very Low
MRC02381,POS_Grocery,Kaduna,52,411466.41,0.0,2.6707464e-06,Very Low
MRC00153,Online_Ecommerce,Lagos,55,1884990.08,0.0181818181818181,2.665975e-06,Very Low
MRC01896,Transfer_P2P,Lagos,151,3012988.66,0.0132450331125827,2.6640407e-06,Very Low
MRC01687,Transfer_Business,Kwara,56,14520142.93,0.0,2.6633245e-06,Very Low
MRC04525,POS_Retail,Cross River,91,954479.42,0.0109890109890109,2.6610294e-06,Very Low
MRC04659,POS_Restaurant,Kwara,74,384245.58,0.027027027027027,2.6599484e-06,Very Low
MRC04078,POS_Retail,Anambra,92,928725.33,0.0108695652173913,2.6588225e-06,Very Low
MRC03263,POS_Grocery,Abuja,720,5964620.14,0.0041666666666666,2.6503822e-06,Very Low
MRC02316,Online_Ecommerce,Lagos,44,1685257.54,0.0,2.6492246e-06,Very Low
MRC04811,Online_Ecommerce,Bayelsa,54,1864695.17,0.0,2.6483178e-06,Very Low
MRC03452,Transfer_Business,Abia,61,14159715.48,0.0,2.64278e-06,Very Low
MRC00638,Transfer_P2P,Oyo,42,850496.59,0.0,2.6314526e-06,Very Low
MRC00500,POS_Grocery,Lagos,73,603024.65,0.0136986301369863,2.62833e-06,Very Low
MRC02247,POS_Restaurant,Enugu,75,366494.32,0.0133333333333333,2.6273626e-06,Very Low
MRC04861,POS_Retail,Lagos,77,865358.57,0.0259740259740259,2.6264934e-06,Very Low
MRC04579,POS_Retail,Kano,103,1059013.11,0.0097087378640776,2.6232392e-06,Very Low
MRC02916,POS_Supermarket,Kaduna,185,1556919.54,0.0054054054054054,2.6221637e-06,Very Low
MRC02050,POS_Restaurant,Imo,51,258850.93,0.0,2.6204636e-06,Very Low
MRC00129,POS_Retail,Anambra,52,496882.38,0.0,2.6188823e-06,Very Low
MRC04691,POS_Retail,Lagos,256,2699385.88,0.015625,2.6091923e-06,Very Low
MRC00088,Transfer_P2P,Kaduna,50,971182.66,0.0,2.6070434e-06,Very Low
MRC03595,Online_Bills,Lagos,81,1031499.27,0.0,2.605962e-06,Very Low
MRC02723,POS_Supermarket,Abuja,43,321052.51,0.0,2.6016512e-06,Very Low
MRC02763,POS_Pharmacy,Edo,56,319546.02,0.0178571428571428,2.6004134e-06,Very Low
MRC04480,POS_Electronics,Enugu,59,5521247.88,0.0,2.6000043e-06,Very Low
MRC03519,POS_Restaurant,Abuja,52,255676.76,0.0,2.5981674e-06,Very Low
MRC04923,Transfer_P2P,Abuja,41,888758.06,0.0,2.5906584e-06,Very Low
MRC01482,POS_Retail,Enugu,73,849936.52,0.0,2.589574e-06,Very Low
MRC01631,POS_Retail,Abuja,96,1011020.13,0.0208333333333333,2.5853371e-06,Very Low
MRC03029,POS_Grocery,Lagos,126,1013610.54,0.0079365079365079,2.5757565e-06,Very Low
MRC04297,POS_Fuel,Ogun,78,1167758.23,0.0,2.5726215e-06,Very Low
MRC02431,Online_Bills,Imo,49,574718.0700000001,0.0,2.5713925e-06,Very Low
MRC04397,POS_Grocery,Lagos,57,460715.27,0.0175438596491228,2.5706422e-06,Very Low
MRC03886,Online_Gaming,Bayelsa,114,377312.67,0.0087719298245614,2.5701545e-06,Very Low
MRC03906,POS_Fuel,Rivers,183,2843101.0,0.0054644808743169,2.5698064e-06,Very Low
MRC04445,Transfer_P2P,Ogun,73,1393769.87,0.0136986301369863,2.5676654e-06,Very Low
MRC03500,POS_Retail,Lagos,55,565223.71,0.0,2.5658296e-06,Very Low
MRC01225,Transfer_Business,Bayelsa,42,11053369.81,0.0,2.5652694e-06,Very Low
MRC03841,POS_Retail,Oyo,144,1408204.65,0.0069444444444444,2.5652325e-06,Very Low
MRC03803,Online_Ecommerce,Ekiti,98,3973649.79,0.0,2.5621837e-06,Very Low
MRC02433,POS_Electronics,Cross River,52,4797496.04,0.0,2.5613947e-06,Very Low
MRC03278,POS_Supermarket,Abuja,62,487602.26,0.0,2.5577012e-06,Very Low
MRC04943,POS_Fashion,Abuja,56,1312472.32,0.0,2.5513964e-06,Very Low
MRC01123,POS_Restaurant,Benue,163,814807.78,0.0,2.5494214e-06,Very Low
MRC03893,POS_Retail,Delta,181,1842892.93,0.0165745856353591,2.547407e-06,Very Low
MRC00976,POS_Retail,Enugu,44,564466.18,0.0,2.5442214e-06,Very Low
MRC04042,POS_Fuel,Lagos,76,1048985.42,0.0131578947368421,2.5382087e-06,Very Low
MRC00556,Transfer_P2P,Benue,55,1126226.57,0.0181818181818181,2.527431e-06,Very Low
MRC04637,Transfer_Business,Lagos,109,28694620.19,0.0,2.5244412e-06,Very Low
MRC01740,POS_Grocery,Kwara,46,405209.18,0.0,2.5198065e-06,Very Low
MRC04589,Online_Ecommerce,Lagos,110,3870949.84,0.009090909090909,2.5136164e-06,Very Low
MRC02414,Transfer_P2P,Kwara,66,1333913.97,0.0,2.504973e-06,Very Low
MRC02930,Online_Ecommerce,Osun,64,2500375.16,0.0,2.5022105e-06,Very Low
MRC00669,POS_Grocery,Lagos,112,893717.74,0.0178571428571428,2.5012846e-06,Very Low
MRC03926,Transfer_Business,Lagos,42,9091835.55,0.0,2.4985952e-06,Very Low
MRC01405,POS_Grocery,Kano,1203,9747170.02,0.0199501246882793,2.4979092e-06,Very Low
MRC02821,Online_Bills,Kaduna,120,1601075.75,0.0166666666666666,2.4974925e-06,Very Low
MRC04561,POS_Fashion,Anambra,41,1129104.58,0.0,2.4937274e-06,Very Low
MRC03877,Transfer_Business,Delta,111,28403987.98,0.0,2.4907918e-06,Very Low
MRC01699,POS_Restaurant,Lagos,48,229480.51,0.0,2.4895428e-06,Very Low
MRC04713,POS_Restaurant,Delta,100,482520.38,0.01,2.4879596e-06,Very Low
MRC03261,Online_Ecommerce,Abuja,50,1804757.8,0.0,2.4827002e-06,Very Low
MRC00554,POS_Retail,Oyo,84,974808.69,0.0119047619047619,2.4798487e-06,Very Low
MRC02604,POS_Pharmacy,Rivers,92,596343.0,0.0217391304347826,2.4785438e-06,Very Low
MRC02637,Transfer_P2P,Imo,75,1576329.77,0.0133333333333333,2.4766628e-06,Very Low
MRC01980,POS_Grocery,Cross River,111,878499.9,0.0,2.4707297e-06,Very Low
MRC00006,Transfer_P2P,Lagos,177,3581429.99,0.0056497175141242,2.4675037e-06,Very Low
MRC02245,Online_Bills,Rivers,68,817686.27,0.0,2.464677e-06,Very Low
MRC03141,POS_Supermarket,Rivers,63,523660.46,0.0158730158730158,2.4624496e-06,Very Low
MRC03350,POS_Fuel,Abuja,145,2207336.75,0.0275862068965517,2.4608391e-06,Very Low
MRC03736,POS_Electronics,Abuja,175,15125389.08,0.0114285714285714,2.4537057e-06,Very Low
MRC00314,Transfer_P2P,Abuja,225,4661923.16,0.0222222222222222,2.4450442e-06,Very Low
MRC04419,POS_Restaurant,Abuja,41,196229.95,0.0,2.4251933e-06,Very Low
MRC03709,Online_Bills,Rivers,83,1054605.53,0.0120481927710843,2.4221122e-06,Very Low
MRC01653,POS_Supermarket,Ogun,66,540503.37,0.0,2.4187214e-06,Very Low
MRC03404,Online_Bills,Cross River,44,505868.54,0.0,2.4111237e-06,Very Low
MRC04411,POS_Supermarket,Enugu,49,373627.09,0.0,2.4027638e-06,Very Low
MRC02553,Online_Travel,Enugu,42,6399838.74,0.0,2.3963426e-06,Very Low
MRC04004,POS_Supermarket,Osun,44,350682.13,0.0,2.3943142e-06,Very Low
MRC04291,POS_Retail,Kaduna,46,428572.91,0.0,2.3881157e-06,Very Low
MRC02165,POS_Electronics,Abuja,44,3890201.88,0.0,2.3805483e-06,Very Low
MRC02599,POS_Pharmacy,Oyo,49,300495.56,0.0,2.3793862e-06,Very Low
MRC00613,Online_Ecommerce,Lagos,83,2921173.08,0.0120481927710843,2.3791345e-06,Very Low
MRC02853,POS_Fashion,Enugu,61,1559362.21,0.0,2.378066e-06,Very Low
MRC01014,Transfer_Payroll,Lagos,56,10040514.62,0.0,2.366063e-06,Very Low
MRC01858,POS_Fashion,Abuja,157,3939327.53,0.0,2.3607706e-06,Very Low
MRC01428,POS_Grocery,Kano,136,1134463.03,0.0147058823529411,2.359004e-06,Very Low
MRC02824,POS_Grocery,Lagos,58,489799.13,0.0172413793103448,2.3531259e-06,Very Low
MRC03785,POS_Retail,Lagos,78,716901.87,0.0128205128205128,2.3489379e-06,Very Low
MRC01067,Transfer_Business,Ogun,248,62528824.7,0.0,2.346475e-06,Very Low
MRC01219,Online_Gaming,Rivers,74,206494.32,0.0135135135135135,2.3398202e-06,Very Low
MRC00631,Online_Gaming,Oyo,52,174416.26,0.0,2.3319433e-06,Very Low
MRC00176,POS_Retail,Oyo,249,2623545.9,0.0120481927710843,2.3237005e-06,Very Low
MRC02976,POS_Retail,Benue,184,1950360.2,0.0271739130434782,2.3218886e-06,Very Low
MRC00429,POS_Retail,Lagos,48,546092.92,0.0,2.318313e-06,Very Low
MRC00275,POS_Restaurant,Kano,73,391435.05,0.0273972602739726,2.310991e-06,Very Low
MRC04059,Online_Ecommerce,Abuja,43,1712311.56,0.0,2.2976715e-06,Very Low
MRC02311,POS_Restaurant,Abuja,143,688438.22,0.0139860139860139,2.294713e-06,Very Low
MRC02346,POS_Fashion,Lagos,78,1816137.77,0.0,2.2927356e-06,Very Low
MRC04236,POS_Supermarket,Oyo,76,604163.48,0.0263157894736842,2.2908232e-06,Very Low
MRC01126,POS_Retail,Osun,47,595660.0700000001,0.0,2.2875943e-06,Very Low
MRC01929,POS_Retail,Abuja,55,513478.98,0.0,2.2856032e-06,Very Low
MRC01677,POS_Retail,Enugu,50,498725.6,0.0,2.2801344e-06,Very Low
MRC00718,Transfer_P2P,Abia,49,1018438.39,0.0,2.27868e-06,Very Low
MRC01477,Transfer_P2P,Plateau,52,1175614.26,0.0,2.2759652e-06,Very Low
MRC02055,Transfer_P2P,Bayelsa,71,1581297.27,0.0140845070422535,2.2752254e-06,Very Low
MRC01370,POS_Grocery,Lagos,101,893877.55,0.0,2.268643e-06,Very Low
MRC01090,POS_Restaurant,Abuja,61,337727.47,0.0163934426229508,2.2681822e-06,Very Low
MRC04399,POS_Grocery,Enugu,53,423313.39,0.0,2.267196e-06,Very Low
MRC00490,Transfer_P2P,Kwara,59,1233697.84,0.0169491525423728,2.2640997e-06,Very Low
MRC02252,POS_Grocery,Lagos,930,7899780.81,0.0172043010752688,2.2594277e-06,Very Low
MRC04386,Online_Bills,Abuja,267,3381152.89,0.0262172284644194,2.2549439e-06,Very Low
MRC03848,POS_Electronics,Kano,48,4104851.58,0.0,2.249735e-06,Very Low
MRC03610,POS_Pharmacy,Lagos,81,526657.61,0.0123456790123456,2.2492138e-06,Very Low
MRC02925,POS_Grocery,Benue,91,687909.17,0.0,2.2443219e-06,Very Low
MRC02568,POS_Electronics,Oyo,57,4828471.59,0.0,2.2401243e-06,Very Low
MRC04726,Transfer_P2P,Lagos,90,1714854.75,0.0222222222222222,2.2374213e-06,Very Low
MRC02432,POS_Grocery,Lagos,78,596474.29,0.0128205128205128,2.2353122e-06,Very Low
MRC01138,POS_Pharmacy,Lagos,55,353941.64,0.0181818181818181,2.2344148e-06,Very Low
MRC04349,Online_Gaming,Kano,57,154406.81,0.0,2.231191e-06,Very Low
MRC04027,Transfer_Business,Delta,134,33847415.94,0.0074626865671641,2.2272686e-06,Very Low
MRC03456,Transfer_Payroll,Rivers,145,25260318.41,0.0137931034482758,2.2267461e-06,Very Low
MRC03762,Online_Bills,Lagos,50,623744.13,0.0,2.2239342e-06,Very Low
MRC00977,POS_Pharmacy,Lagos,73,469922.41,0.0273972602739726,2.2233573e-06,Very Low
MRC04227,POS_Pharmacy,Lagos,47,326199.75,0.0,2.2218292e-06,Very Low
MRC00435,POS_Fuel,Lagos,52,669558.06,0.0,2.2188372e-06,Very Low
MRC04985,Transfer_Business,Enugu,57,13841486.97,0.0175438596491228,2.2172146e-06,Very Low
MRC03191,POS_Retail,Abia,188,1937881.52,0.0319148936170212,2.2125253e-06,Very Low
MRC02640,POS_Retail,Enugu,49,437942.44,0.0,2.210891e-06,Very Low
MRC00931,POS_Retail,Abuja,169,1676335.25,0.0118343195266272,2.2106335e-06,Very Low
MRC03296,POS_Supermarket,Kaduna,56,412057.55,0.0,2.2076124e-06,Very Low
MRC02818,POS_Fashion,Oyo,73,1638882.08,0.0136986301369863,2.2047552e-06,Very Low
MRC02330,POS_Grocery,Abuja,177,1585309.91,0.0225988700564971,2.2020151e-06,Very Low
MRC00057,POS_Pharmacy,Cross River,43,267977.42,0.0,2.196918e-06,Very Low
MRC01845,Online_Gaming,Oyo,77,240033.87,0.0129870129870129,2.193579e-06,Very Low
MRC02580,POS_Grocery,Lagos,42,298614.25,0.0,2.1888916e-06,Very Low
MRC03438,POS_Grocery,Kaduna,43,345694.35,0.0,2.1884387e-06,Very Low
MRC03265,Online_Ecommerce,Rivers,41,1496442.69,0.0,2.1864403e-06,Very Low
MRC03026,POS_Restaurant,Lagos,55,329931.77,0.0181818181818181,2.1864278e-06,Very Low
MRC00376,POS_Grocery,Oyo,2819,22567592.24,0.0063852429939694,2.177019e-06,Very Low
MRC00370,Online_Travel,Plateau,145,20750738.45,0.0068965517241379,2.176145e-06,Very Low
MRC00690,POS_Grocery,Kwara,92,790362.02,0.0108695652173913,2.1755993e-06,Very Low
MRC04570,Transfer_Business,Enugu,581,153204786.45,0.0154905335628227,2.1608541e-06,Very Low
MRC03731,Online_Ecommerce,Kaduna,57,1872069.76,0.0,2.155805e-06,Very Low
MRC04331,Transfer_Business,Ogun,126,32220866.88,0.0079365079365079,2.1480066e-06,Very Low
MRC03866,POS_Fashion,Abuja,42,1133489.78,0.0,2.145202e-06,Very Low
MRC01263,Online_Gaming,Abuja,48,157394.01,0.0,2.1393732e-06,Very Low
MRC03639,POS_Restaurant,Imo,58,303987.86,0.0172413793103448,2.138908e-06,Very Low
MRC00748,Online_Gaming,Lagos,67,216812.89,0.0,2.1382411e-06,Very Low
MRC04791,POS_Electronics,Plateau,65,5543634.85,0.0,2.1375276e-06,Very Low
MRC00075,POS_Fuel,Edo,111,1559608.43,0.0,2.1370852e-06,Very Low
MRC04203,POS_Retail,Delta,76,787826.29,0.0131578947368421,2.1359972e-06,Very Low
MRC02109,POS_Fuel,Lagos,193,3026780.87,0.005181347150259,2.1351195e-06,Very Low
MRC04507,POS_Grocery,Rivers,60,519716.77,0.0,2.1341748e-06,Very Low
MRC00779,POS_Pharmacy,Abuja,133,847185.26,0.0075187969924812,2.1318335e-06,Very Low
MRC02060,POS_Fashion,Lagos,61,1663395.94,0.0163934426229508,2.1290764e-06,Very Low
MRC04183,Online_Ecommerce,Abuja,61,2227388.27,0.0163934426229508,2.1183462e-06,Very Low
MRC03420,POS_Grocery,Ekiti,52,459076.48,0.0,2.1162361e-06,Very Low
MRC03221,POS_Restaurant,Oyo,155,760333.98,0.0129032258064516,2.1158528e-06,Very Low
MRC02537,Online_Bills,Kano,42,478322.13,0.0,2.115643e-06,Very Low
MRC04069,POS_Supermarket,Ogun,69,549096.33,0.0,2.113866e-06,Very Low
MRC04102,Online_Bills,Osun,46,533926.54,0.0,2.1114847e-06,Very Low
MRC03987,POS_Pharmacy,Enugu,398,2442157.32,0.0150753768844221,2.109639e-06,Very Low
MRC02651,Transfer_P2P,Delta,60,1346512.1,0.0,2.1087822e-06,Very Low
MRC03529,POS_Fuel,Lagos,192,2889425.94,0.0260416666666666,2.1035858e-06,Very Low
MRC01328,Online_Ecommerce,Lagos,60,2053979.53,0.0166666666666666,2.1035496e-06,Very Low
MRC02024,Transfer_P2P,Lagos,73,1408833.81,0.0,2.1028857e-06,Very Low
MRC00999,Transfer_P2P,Lagos,89,1767477.51,0.0,2.0945356e-06,Very Low
MRC02160,POS_Retail,Lagos,228,2169351.33,0.0263157894736842,2.0838283e-06,Very Low
MRC01448,Online_Travel,Kano,64,8998205.96,0.0,2.078882e-06,Very Low
MRC04190,POS_Supermarket,Abia,43,384478.48,0.0,2.0607006e-06,Very Low
MRC03984,POS_Restaurant,Abuja,76,359251.92,0.0,2.0603507e-06,Very Low
MRC02126,POS_Grocery,Edo,118,993030.28,0.0,2.0600814e-06,Very Low
MRC04308,Online_Ecommerce,Lagos,57,2260416.22,0.0175438596491228,2.052827e-06,Very Low
MRC02565,POS_Fuel,Oyo,74,1118392.13,0.0135135135135135,2.0509017e-06,Very Low
MRC01854,POS_Retail,Rivers,339,3529589.38,0.0206489675516224,2.0486202e-06,Very Low
MRC00018,POS_Grocery,Lagos,100,776818.04,0.03,2.0425339e-06,Very Low
MRC04463,POS_Supermarket,Rivers,56,389081.65,0.0178571428571428,2.0361063e-06,Very Low
MRC00697,Transfer_P2P,Kaduna,351,7153296.09,0.0028490028490028,2.036077e-06,Very Low
MRC02205,POS_Grocery,Kano,211,1600410.85,0.0142180094786729,2.034204e-06,Very Low
MRC02253,Transfer_Business,Delta,59,13881075.37,0.0,2.0326836e-06,Very Low
MRC03614,POS_Retail,Osun,77,772330.94,0.0,2.0313485e-06,Very Low
MRC01108,POS_Retail,Rivers,54,568357.14,0.0,2.0281489e-06,Very Low
MRC01078,POS_Retail,Kano,61,652650.81,0.0163934426229508,2.0276382e-06,Very Low
MRC04662,POS_Retail,Lagos,53,503024.66,0.0,2.0270427e-06,Very Low
MRC00996,Online_Bills,Oyo,135,1630771.18,0.0148148148148148,2.0270118e-06,Very Low
MRC03086,POS_Fuel,Benue,143,2123745.42,0.0209790209790209,2.0250525e-06,Very Low
MRC03100,POS_Retail,Abuja,150,1391713.75,0.02,2.0241991e-06,Very Low
MRC03589,Online_Bills,Kano,164,1975090.81,0.0121951219512195,2.0173595e-06,Very Low
MRC04862,POS_Grocery,Benue,46,363143.67,0.0,2.0155596e-06,Very Low
MRC02728,Online_Ecommerce,Abuja,54,2225020.67,0.0185185185185185,2.013723e-06,Very Low
MRC03251,Online_Travel,Rivers,119,19503553.44,0.0,2.0129128e-06,Very Low
MRC04432,Online_Bills,Abia,44,540830.66,0.0,2.0118534e-06,Very Low
MRC03406,POS_Grocery,Abuja,51,419751.97,0.0,2.0090195e-06,Very Low
MRC03447,Online_Bills,Oyo,95,1196996.57,0.0105263157894736,2.0077784e-06,Very Low
MRC03231,POS_Fuel,Abia,61,872495.09,0.0163934426229508,2.0065609e-06,Very Low
MRC02919,POS_Restaurant,Abuja,58,291162.34,0.0172413793103448,2.0051398e-06,Very Low
MRC02362,POS_Retail,Oyo,173,1662014.88,0.0057803468208092,2.0036314e-06,Very Low
MRC02571,POS_Fashion,Rivers,54,1442409.13,0.0,1.9947183e-06,Very Low
MRC01337,Transfer_P2P,Abia,52,1107015.64,0.0,1.9937445e-06,Very Low
MRC03248,Transfer_Business,Kano,179,45407103.38,0.0055865921787709,1.987135e-06,Very Low
MRC04464,POS_Restaurant,Delta,187,907720.06,0.0213903743315508,1.9863921e-06,Very Low
MRC01422,POS_Retail,Lagos,57,601969.08,0.0,1.9846784e-06,Very Low
MRC02397,Online_Travel,Kaduna,100,15164005.17,0.01,1.9825125e-06,Very Low
MRC00386,POS_Fashion,Rivers,73,1877492.33,0.0136986301369863,1.9792783e-06,Very Low
MRC01779,POS_Retail,Delta,46,497860.61,0.0,1.9792217e-06,Very Low
MRC02464,POS_Fashion,Ekiti,111,3016995.29,0.018018018018018,1.9782706e-06,Very Low
MRC04752,Transfer_P2P,Lagos,42,897636.39,0.0,1.9763904e-06,Very Low
MRC01922,Transfer_P2P,Abuja,151,3200557.09,0.0198675496688741,1.9734712e-06,Very Low
MRC02662,Online_Bills,Lagos,63,793973.66,0.0,1.9715505e-06,Very Low
MRC03130,POS_Retail,Benue,74,681413.54,0.0,1.971201e-06,Very Low
MRC03817,Transfer_Business,Lagos,69,19060771.42,0.0,1.9651907e-06,Very Low
MRC04345,Transfer_Business,Lagos,71,16353888.12,0.0,1.9651438e-06,Very Low
MRC04841,Transfer_Business,Oyo,110,30924912.83,0.009090909090909,1.9649003e-06,Very Low
MRC01937,Transfer_Business,Anambra,110,28701728.99,0.009090909090909,1.9560346e-06,Very Low
MRC01593,POS_Retail,Imo,89,793137.78,0.0,1.950275e-06,Very Low
MRC00389,POS_Restaurant,Rivers,572,2968027.53,0.0157342657342657,1.9463732e-06,Very Low
MRC03385,Online_Gaming,Lagos,90,237972.59,0.0111111111111111,1.941577e-06,Very Low
MRC00872,POS_Pharmacy,Lagos,47,302156.86,0.0,1.9395284e-06,Very Low
MRC04949,POS_Restaurant,Abuja,44,214494.56,0.0,1.9363054e-06,Very Low
MRC03459,POS_Retail,Oyo,75,718345.02,0.0266666666666666,1.932798e-06,Very Low
MRC01747,POS_Grocery,Kwara,46,409789.32,0.0,1.932223e-06,Very Low
MRC00238,Online_Ecommerce,Oyo,46,1619811.99,0.0,1.9310608e-06,Very Low
MRC03078,Online_Bills,Rivers,74,854166.71,0.0,1.929746e-06,Very Low
MRC04602,Online_Bills,Lagos,96,1225474.33,0.0104166666666666,1.9291997e-06,Very Low
MRC01173,Transfer_Payroll,Lagos,96,17039583.2,0.0,1.9271108e-06,Very Low
MRC03065,Transfer_Business,Abuja,281,71905612.6,0.0106761565836298,1.9258393e-06,Very Low
MRC00514,Online_Bills,Oyo,135,1570220.4,0.0074074074074074,1.9224062e-06,Very Low
MRC01200,Transfer_P2P,Abuja,42,841382.37,0.0,1.9201066e-06,Very Low
MRC00795,POS_Restaurant,Abuja,435,2284431.44,0.0206896551724137,1.919942e-06,Very Low
MRC00401,POS_Retail,Lagos,52,491431.46,0.0,1.9159947e-06,Very Low
MRC02447,POS_Grocery,Lagos,133,1041734.54,0.0,1.9129127e-06,Very Low
MRC00400,POS_Retail,Lagos,282,2883343.08,0.0212765957446808,1.9075278e-06,Very Low
MRC02349,POS_Restaurant,Rivers,193,1030698.01,0.0103626943005181,1.9058439e-06,Very Low
MRC04702,Online_Gaming,Lagos,42,122942.35,0.0,1.9030888e-06,Very Low
MRC01759,POS_Retail,Osun,56,568185.95,0.0178571428571428,1.9028346e-06,Very Low
MRC04988,POS_Retail,Lagos,120,1136729.32,0.0,1.8991725e-06,Very Low
MRC03399,POS_Restaurant,Ekiti,1581,7978087.74,0.0113851992409867,1.8987541e-06,Very Low
MRC02871,POS_Grocery,Plateau,72,636438.89,0.0,1.8981766e-06,Very Low
MRC01781,Transfer_P2P,Oyo,76,1766335.78,0.0,1.8974598e-06,Very Low
MRC04614,Transfer_P2P,Lagos,77,1686066.38,0.0,1.8970275e-06,Very Low
MRC04412,Transfer_Business,Lagos,207,53341476.76,0.0048309178743961,1.8928494e-06,Very Low
MRC01461,Transfer_P2P,Imo,42,791409.73,0.0,1.8912056e-06,Very Low
MRC03859,POS_Retail,Lagos,157,1774230.45,0.019108280254777,1.8856695e-06,Very Low
MRC01237,POS_Retail,Anambra,55,559594.54,0.0181818181818181,1.8822683e-06,Very Low
MRC00395,Transfer_P2P,Delta,75,1610517.76,0.0,1.8799468e-06,Very Low
MRC02102,Transfer_P2P,Kano,61,1363753.41,0.0163934426229508,1.8789664e-06,Very Low
MRC01199,Online_Ecommerce,Oyo,96,3345627.39,0.0208333333333333,1.8744955e-06,Very Low
MRC00881,POS_Grocery,Anambra,54,364353.9,0.0185185185185185,1.8618177e-06,Very Low
MRC01638,POS_Restaurant,Abia,532,2703032.4,0.0244360902255639,1.8616971e-06,Very Low
MRC04148,Transfer_Business,Lagos,41,10558104.88,0.0,1.8565536e-06,Very Low
MRC01696,POS_Restaurant,Rivers,74,371182.86,0.0,1.85209e-06,Very Low
MRC01561,POS_Supermarket,Abuja,178,1455994.11,0.0280898876404494,1.8413856e-06,Very Low
MRC04002,Online_Bills,Delta,46,510630.99,0.0,1.8253977e-06,Very Low
MRC00496,POS_Retail,Enugu,82,740798.07,0.0,1.8213478e-06,Very Low
MRC01268,Online_Bills,Rivers,97,1204214.39,0.0103092783505154,1.820563e-06,Very Low
MRC03246,POS_Grocery,Abia,77,557162.09,0.0129870129870129,1.8179501e-06,Very Low
MRC02390,POS_Grocery,Abuja,1552,12406638.72,0.0115979381443298,1.8126095e-06,Very Low
MRC04269,POS_Retail,Oyo,45,481819.7,0.0,1.8125869e-06,Very Low
MRC00228,POS_Retail,Lagos,78,817813.46,0.0,1.8115674e-06,Very Low
MRC00390,Online_Ecommerce,Abuja,78,2704839.5,0.0,1.8111027e-06,Very Low
MRC02672,POS_Pharmacy,Ekiti,150,884521.81,0.0133333333333333,1.8110941e-06,Very Low
MRC01444,Online_Travel,Lagos,78,11224195.31,0.0,1.8079999e-06,Very Low
MRC03118,POS_Supermarket,Kano,73,653761.01,0.0136986301369863,1.8053585e-06,Very Low
MRC04493,POS_Restaurant,Anambra,132,707699.27,0.0075757575757575,1.7989462e-06,Very Low
MRC01380,POS_Fuel,Lagos,80,1232194.01,0.0125,1.7957066e-06,Very Low
MRC00890,Online_Ecommerce,Cross River,56,1679551.28,0.0178571428571428,1.7950287e-06,Very Low
MRC03660,POS_Grocery,Oyo,93,822194.02,0.021505376344086,1.7917312e-06,Very Low
MRC01334,POS_Pharmacy,Lagos,83,594505.42,0.0,1.787761e-06,Very Low
MRC04961,POS_Grocery,Ogun,43,356550.22000000003,0.0,1.782611e-06,Very Low
MRC03300,POS_Supermarket,Osun,129,986922.7,0.0155038759689922,1.7731585e-06,Very Low
MRC04538,POS_Retail,Lagos,44,484955.19,0.0,1.7716743e-06,Very Low
MRC00981,Online_Ecommerce,Rivers,50,1430977.46,0.0,1.7686713e-06,Very Low
MRC00284,POS_Grocery,Osun,55,403273.31,0.0181818181818181,1.7684166e-06,Very Low
MRC00180,POS_Restaurant,Enugu,62,341177.17,0.0,1.7674605e-06,Very Low
MRC00672,Online_Bills,Bayelsa,123,1421212.56,0.0,1.7627237e-06,Very Low
MRC00867,POS_Pharmacy,Kano,42,248109.19,0.0,1.7608687e-06,Very Low
MRC03535,Online_Ecommerce,Enugu,67,2623257.78,0.0,1.7482823e-06,Very Low
MRC02700,Transfer_Payroll,Rivers,45,8209511.56,0.0,1.7480972e-06,Very Low
MRC02545,Online_Bills,Edo,59,711747.1900000001,0.0,1.744505e-06,Very Low
MRC01410,POS_Retail,Lagos,207,2142277.78,0.0048309178743961,1.7443137e-06,Very Low
MRC01467,POS_Pharmacy,Kano,51,346306.66,0.0,1.7383652e-06,Very Low
MRC00759,POS_Supermarket,Lagos,122,1021472.19,0.0081967213114754,1.7370245e-06,Very Low
MRC00521,POS_Retail,Delta,54,513822.68,0.0,1.7340271e-06,Very Low
MRC04812,POS_Retail,Bayelsa,63,705443.05,0.0,1.7336187e-06,Very Low
MRC00409,Transfer_P2P,Enugu,61,1164305.68,0.0163934426229508,1.7279176e-06,Very Low
MRC04113,Transfer_P2P,Delta,93,2020058.39,0.021505376344086,1.7225112e-06,Very Low
MRC03508,POS_Fuel,Imo,61,959928.67,0.0,1.7200686e-06,Very Low
MRC00333,Online_Bills,Abuja,810,9650533.06,0.0160493827160493,1.719488e-06,Very Low
MRC03855,POS_Restaurant,Edo,63,357550.33,0.0,1.7160264e-06,Very Low
MRC02292,POS_Fuel,Lagos,124,1888225.13,0.0080645161290322,1.7116838e-06,Very Low
MRC04392,POS_Fuel,Ogun,61,988065.62,0.0163934426229508,1.7086452e-06,Very Low
MRC01221,POS_Electronics,Lagos,54,4251455.88,0.0,1.7080652e-06,Very Low
MRC03094,POS_Retail,Lagos,135,1250155.62,0.0222222222222222,1.7058546e-06,Very Low
MRC03510,POS_Restaurant,Plateau,57,308852.36,0.0,1.7037815e-06,Very Low
MRC04091,Online_Ecommerce,Bayelsa,228,8649744.24,0.0043859649122807,1.700394e-06,Very Low
MRC02452,Online_Bills,Enugu,110,1307961.9,0.0,1.6971861e-06,Very Low
MRC01766,Online_Bills,Kano,51,623817.83,0.0,1.6852573e-06,Very Low
MRC03097,POS_Restaurant,Abuja,77,392504.14,0.0,1.684846e-06,Very Low
MRC02396,POS_Grocery,Edo,49,363562.52,0.0,1.6847207e-06,Very Low
MRC02268,Transfer_Business,Oyo,60,16504220.74,0.0,1.6825034e-06,Very Low
MRC02595,POS_Retail,Abia,64,671881.02,0.0,1.6808227e-06,Very Low
MRC00231,POS_Retail,Enugu,98,1045612.33,0.010204081632653,1.6767544e-06,Very Low
MRC04930,POS_Retail,Delta,94,971857.56,0.0106382978723404,1.6751817e-06,Very Low
MRC00876,Online_Bills,Lagos,54,764140.48,0.0,1.6701347e-06,Very Low
MRC04829,POS_Grocery,Enugu,132,1087171.61,0.0227272727272727,1.6687637e-06,Very Low
MRC01774,Transfer_P2P,Abia,75,1513017.23,0.0133333333333333,1.6667042e-06,Very Low
MRC02380,POS_Pharmacy,Lagos,61,413330.05,0.0,1.6628936e-06,Very Low
MRC01566,Online_Travel,Osun,211,32473402.53,0.0142180094786729,1.6539892e-06,Very Low
MRC04473,POS_Retail,Abuja,742,7572922.47,0.0256064690026954,1.653617e-06,Very Low
MRC04558,POS_Retail,Ogun,1517,15666552.36,0.007910349373764,1.6495942e-06,Very Low
MRC01787,POS_Grocery,Enugu,419,3289697.63,0.0190930787589498,1.6494998e-06,Very Low
MRC02713,Transfer_P2P,Lagos,100,2474764.77,0.02,1.6483252e-06,Very Low
MRC04936,POS_Retail,Cross River,96,1046390.84,0.0208333333333333,1.6449051e-06,Very Low
MRC04714,POS_Grocery,Lagos,59,483686.93,0.0169491525423728,1.6389484e-06,Very Low
MRC00204,Online_Gaming,Oyo,237,744778.2,0.0042194092827004,1.6346293e-06,Very Low
MRC01354,POS_Grocery,Oyo,55,434349.52,0.0,1.6298318e-06,Very Low
MRC00494,POS_Retail,Rivers,71,694707.57,0.0,1.6216054e-06,Very Low
MRC04256,Online_Bills,Oyo,91,1222379.13,0.0109890109890109,1.6199608e-06,Very Low
MRC00059,POS_Fuel,Abuja,114,1712784.89,0.0175438596491228,1.6157179e-06,Very Low
MRC04565,POS_Fashion,Lagos,126,3483692.05,0.0158730158730158,1.6139329e-06,Very Low
MRC04617,Online_Bills,Rivers,92,1181181.46,0.0,1.613716e-06,Very Low
MRC01694,POS_Fuel,Rivers,253,3628362.02,0.0197628458498023,1.6116612e-06,Very Low
MRC04012,POS_Restaurant,Bayelsa,75,389092.13,0.0133333333333333,1.6090565e-06,Very Low
MRC04286,POS_Retail,Lagos,130,1258144.28,0.0153846153846153,1.6058987e-06,Very Low
MRC03720,POS_Grocery,Rivers,139,1104051.17,0.014388489208633,1.6025879e-06,Very Low
MRC02694,Online_Bills,Lagos,323,3803601.71,0.0247678018575851,1.6011519e-06,Very Low
MRC02860,POS_Grocery,Ogun,43,405708.92,0.0,1.6005031e-06,Very Low
MRC03324,Online_Gaming,Abuja,317,966451.49,0.0063091482649842,1.5999155e-06,Very Low
MRC00821,Online_Ecommerce,Lagos,65,1916077.04,0.0,1.5956367e-06,Very Low
MRC00206,Online_Travel,Abuja,113,15422366.8,0.0,1.5937327e-06,Very Low
MRC03506,POS_Supermarket,Bayelsa,135,1071990.97,0.0,1.5930549e-06,Very Low
MRC03227,POS_Retail,Rivers,170,1730542.86,0.0176470588235294,1.5910023e-06,Very Low
MRC00962,POS_Restaurant,Lagos,55,268400.17,0.0,1.5884385e-06,Very Low
MRC02376,POS_Restaurant,Abuja,681,3436677.11,0.0058737151248164,1.5861166e-06,Very Low
MRC01036,POS_Restaurant,Lagos,103,540093.06,0.0097087378640776,1.581754e-06,Very Low
MRC04092,POS_Pharmacy,Kwara,100,642777.73,0.01,1.5810649e-06,Very Low
MRC02394,POS_Grocery,Lagos,92,788246.04,0.0,1.5680399e-06,Very Low
MRC03912,Transfer_P2P,Lagos,51,1027725.32,0.0,1.5667097e-06,Very Low
MRC00084,POS_Supermarket,Lagos,190,1508527.01,0.0157894736842105,1.5629608e-06,Very Low
MRC01001,POS_Restaurant,Abuja,162,759237.99,0.0123456790123456,1.5580393e-06,Very Low
MRC01668,POS_Restaurant,Kano,242,1188712.75,0.012396694214876,1.5505892e-06,Very Low
MRC02660,POS_Retail,Enugu,68,756444.13,0.0,1.5501663e-06,Very Low
MRC00602,Online_Ecommerce,Enugu,56,1944200.78,0.0,1.53934e-06,Very Low
MRC04974,Online_Bills,Delta,104,1195334.57,0.0096153846153846,1.5379974e-06,Very Low
MRC02828,POS_Retail,Enugu,75,801323.21,0.0133333333333333,1.5342397e-06,Very Low
MRC00304,POS_Supermarket,Abuja,50,338935.23,0.0,1.5269661e-06,Very Low
MRC03930,POS_Fuel,Lagos,72,1236796.52,0.0138888888888888,1.5254421e-06,Very Low
MRC02833,POS_Restaurant,Bayelsa,66,343983.31,0.0,1.5250465e-06,Very Low
MRC00502,POS_Fuel,Enugu,93,1309501.83,0.010752688172043,1.5184187e-06,Very Low
MRC01291,POS_Pharmacy,Abuja,64,414798.95,0.0,1.5063653e-06,Very Low
MRC03831,POS_Grocery,Lagos,79,589082.66,0.0,1.495491e-06,Very Low
MRC04593,POS_Grocery,Ogun,61,460796.32,0.0,1.4897118e-06,Very Low
MRC03214,POS_Retail,Abuja,49,492356.32,0.0,1.48953e-06,Very Low
MRC01579,POS_Fuel,Anambra,54,843511.73,0.0,1.4839393e-06,Very Low
MRC02034,Transfer_P2P,Oyo,47,1077215.64,0.0,1.4817107e-06,Very Low
MRC00356,POS_Retail,Enugu,160,1688578.74,0.01875,1.4792131e-06,Very Low
MRC00805,POS_Fuel,Lagos,45,615844.23,0.0,1.4786376e-06,Very Low
MRC03298,POS_Restaurant,Kano,115,573602.65,0.017391304347826,1.4683471e-06,Very Low
MRC00955,POS_Electronics,Lagos,60,5128189.74,0.0166666666666666,1.4673644e-06,Very Low
MRC01075,POS_Restaurant,Lagos,65,326274.26,0.0,1.4653215e-06,Very Low
MRC04670,Online_Bills,Edo,42,533176.36,0.0,1.46532e-06,Very Low
MRC00646,POS_Fuel,Lagos,139,2127430.67,0.0071942446043165,1.4634027e-06,Very Low
MRC02865,Transfer_P2P,Delta,128,2869733.15,0.0,1.4614403e-06,Very Low
MRC02659,Online_Bills,Delta,53,531281.63,0.0,1.4603661e-06,Very Low
MRC02476,Online_Bills,Lagos,76,884368.09,0.0263157894736842,1.4578683e-06,Very Low
MRC02124,POS_Supermarket,Anambra,54,410711.11,0.0,1.4572776e-06,Very Low
MRC02258,POS_Retail,Oyo,70,645931.62,0.0,1.453214e-06,Very Low
MRC04068,POS_Retail,Lagos,90,901582.87,0.0111111111111111,1.4501488e-06,Very Low
MRC04026,POS_Retail,Abia,48,542155.81,0.0,1.4493704e-06,Very Low
MRC00081,Transfer_P2P,Enugu,136,2904263.2,0.0,1.4457853e-06,Very Low
MRC01417,POS_Grocery,Lagos,57,479376.26,0.0,1.4439678e-06,Very Low
MRC04215,Transfer_P2P,Abuja,83,1960595.28,0.0,1.4432616e-06,Very Low
MRC03440,Online_Ecommerce,Rivers,101,3286659.88,0.0,1.441777e-06,Very Low
MRC03038,POS_Retail,Cross River,889,9103015.25,0.014623172103487,1.4374044e-06,Very Low
MRC03738,POS_Restaurant,Lagos,493,2509591.88,0.0202839756592292,1.4280681e-06,Very Low
MRC02259,POS_Retail,Lagos,59,629725.21,0.0169491525423728,1.4198143e-06,Very Low
MRC04756,POS_Retail,Abuja,122,1191292.37,0.0081967213114754,1.4192404e-06,Very Low
MRC04406,POS_Retail,Lagos,130,1323091.87,0.0153846153846153,1.4139204e-06,Very Low
MRC02973,Transfer_Payroll,Anambra,49,9017636.82,0.0,1.4133163e-06,Very Low
MRC02228,Online_Ecommerce,Enugu,48,2059094.17,0.0,1.4129014e-06,Very Low
MRC00640,POS_Retail,Lagos,119,1344588.49,0.0168067226890756,1.4029346e-06,Very Low
MRC00707,POS_Supermarket,Anambra,61,458890.52,0.0,1.4015678e-06,Very Low
MRC00665,POS_Grocery,Oyo,42,325042.12,0.0,1.3972505e-06,Very Low
MRC04009,POS_Restaurant,Oyo,182,959643.73,0.0164835164835164,1.3969227e-06,Very Low
MRC00998,Transfer_P2P,Enugu,167,3186790.66,0.0059880239520958,1.3941345e-06,Very Low
MRC01006,Online_Bills,Kaduna,52,721930.14,0.0,1.3912191e-06,Very Low
MRC04485,Transfer_P2P,Lagos,63,1369010.26,0.0,1.3900494e-06,Very Low
MRC01020,Online_Ecommerce,Lagos,58,2155902.75,0.0172413793103448,1.3826218e-06,Very Low
MRC01198,POS_Pharmacy,Lagos,56,305443.75,0.0178571428571428,1.3819878e-06,Very Low
MRC00563,POS_Fashion,Oyo,47,1137296.89,0.0,1.3797372e-06,Very Low
MRC03367,POS_Fuel,Lagos,67,1100788.9,0.0,1.3729433e-06,Very Low
MRC02019,POS_Retail,Rivers,44,466877.13,0.0,1.3687272e-06,Very Low
MRC02613,POS_Grocery,Ogun,59,431660.67,0.0169491525423728,1.3669584e-06,Very Low
MRC04449,POS_Fashion,Abia,60,1594892.02,0.0166666666666666,1.3607307e-06,Very Low
MRC00958,POS_Fuel,Rivers,42,614204.85,0.0,1.3606244e-06,Very Low
MRC00280,Online_Bills,Abia,43,536541.8,0.0,1.360431e-06,Very Low
MRC01682,POS_Electronics,Abuja,61,5469801.5,0.0,1.3553728e-06,Very Low
MRC00677,Transfer_P2P,Lagos,135,2818823.52,0.0074074074074074,1.3550795e-06,Very Low
MRC04315,POS_Grocery,Enugu,75,573383.13,0.0,1.3528328e-06,Very Low
MRC01891,POS_Retail,Lagos,57,522127.62,0.0,1.3509658e-06,Very Low
MRC01133,POS_Grocery,Oyo,239,1908889.69,0.0167364016736401,1.3433447e-06,Very Low
MRC04595,POS_Fuel,Imo,252,3848700.72,0.0039682539682539,1.3411993e-06,Very Low
MRC04955,Online_Ecommerce,Kaduna,54,1940463.99,0.0,1.3398915e-06,Very Low
MRC02215,POS_Fuel,Plateau,213,3190626.95,0.0187793427230046,1.338576e-06,Very Low
MRC01942,POS_Retail,Enugu,57,521767.13,0.0,1.3385109e-06,Very Low
MRC04070,Online_Travel,Lagos,56,8278187.53,0.0,1.3358035e-06,Very Low
MRC02462,Transfer_P2P,Anambra,74,1301073.97,0.0,1.3252869e-06,Very Low
MRC01959,Transfer_P2P,Abuja,43,906730.18,0.0,1.3240577e-06,Very Low
MRC01833,POS_Restaurant,Oyo,80,409116.27,0.0,1.3238962e-06,Very Low
MRC03334,POS_Pharmacy,Kano,98,615498.03,0.0,1.3188203e-06,Very Low
MRC03916,Transfer_P2P,Imo,42,903449.25,0.0,1.3119085e-06,Very Low
MRC02502,POS_Restaurant,Plateau,57,250306.27,0.0175438596491228,1.3113155e-06,Very Low
MRC00794,POS_Electronics,Kano,74,7133248.79,0.0135135135135135,1.3070842e-06,Very Low
MRC04609,POS_Fuel,Lagos,98,1574385.96,0.010204081632653,1.3043534e-06,Very Low
MRC01278,Online_Ecommerce,Kano,76,2998067.86,0.0,1.2943719e-06,Very Low
MRC03698,POS_Grocery,Delta,73,640914.47,0.0,1.2908944e-06,Very Low
MRC04455,POS_Retail,Kano,169,1648012.93,0.0059171597633136,1.2873832e-06,Very Low
MRC02230,POS_Grocery,Lagos,74,599458.6799999999,0.0,1.2779788e-06,Very Low
MRC04287,POS_Supermarket,Benue,92,851136.73,0.0217391304347826,1.276662e-06,Very Low
MRC02400,POS_Retail,Rivers,277,2658835.1,0.003610108303249,1.275709e-06,Very Low
MRC00641,POS_Retail,Kaduna,59,651128.34,0.0169491525423728,1.271053e-06,Very Low
MRC03323,POS_Restaurant,Abia,112,562708.6900000001,0.0,1.2626491e-06,Very Low
MRC01888,POS_Retail,Lagos,42,424940.55,0.0,1.2625227e-06,Very Low
MRC03192,Online_Ecommerce,Abuja,78,2986394.08,0.0,1.2565275e-06,Very Low
MRC01389,Online_Bills,Lagos,129,1605237.49,0.0077519379844961,1.2552293e-06,Very Low
MRC01871,POS_Retail,Abuja,42,428539.44,0.0,1.2536597e-06,Very Low
MRC04220,POS_Supermarket,Ekiti,42,335713.17,0.0,1.244269e-06,Very Low
MRC04504,Online_Ecommerce,Edo,72,2543842.3,0.0138888888888888,1.2407593e-06,Very Low
MRC02500,POS_Electronics,Abuja,108,10010822.9,0.0,1.2405995e-06,Very Low
MRC01401,POS_Fuel,Lagos,57,845353.53,0.0,1.2330341e-06,Very Low
MRC01069,Transfer_P2P,Abuja,77,1438091.24,0.0,1.227878e-06,Very Low
MRC00965,POS_Retail,Enugu,58,662121.75,0.0172413793103448,1.2169152e-06,Very Low
MRC02879,POS_Retail,Abuja,130,1435781.08,0.0076923076923076,1.2098092e-06,Very Low
MRC00892,POS_Electronics,Lagos,74,6659173.13,0.0,1.2090491e-06,Very Low
MRC03941,POS_Pharmacy,Lagos,75,414833.34,0.0133333333333333,1.2081235e-06,Very Low
MRC00169,Online_Ecommerce,Rivers,59,2318382.55,0.0,1.2068452e-06,Very Low
MRC01710,Transfer_P2P,Kano,58,1324552.38,0.0,1.204053e-06,Very Low
MRC03022,POS_Pharmacy,Lagos,41,288458.75,0.0,1.2009555e-06,Very Low
MRC00046,POS_Fuel,Delta,57,787613.09,0.0175438596491228,1.1978476e-06,Very Low
MRC04155,POS_Supermarket,Delta,95,805149.68,0.0,1.1939949e-06,Very Low
MRC00445,Transfer_P2P,Kano,113,2355748.35,0.0088495575221238,1.1916334e-06,Very Low
MRC00302,POS_Retail,Oyo,316,3246956.18,0.0,1.1886631e-06,Very Low
MRC04576,POS_Supermarket,Oyo,200,1566385.28,0.005,1.1851304e-06,Very Low
MRC02455,Online_Bills,Lagos,55,604257.59,0.0,1.182792e-06,Very Low
MRC03431,POS_Restaurant,Enugu,55,262569.49,0.0,1.1817524e-06,Very Low
MRC00823,Transfer_P2P,Anambra,60,1324079.03,0.0,1.1689964e-06,Very Low
MRC01363,POS_Grocery,Oyo,57,427306.61,0.0,1.166573e-06,Very Low
MRC04707,POS_Retail,Rivers,43,446270.3,0.0,1.1602422e-06,Very Low
MRC04820,POS_Restaurant,Cross River,54,303695.83,0.0,1.1593154e-06,Very Low
MRC00443,POS_Restaurant,Lagos,138,680677.6900000001,0.0,1.1558831e-06,Very Low
MRC02239,Online_Bills,Imo,114,1395313.37,0.0087719298245614,1.1549553e-06,Very Low
MRC00131,Online_Bills,Bayelsa,77,970622.08,0.0129870129870129,1.1543915e-06,Very Low
MRC02326,Online_Bills,Abuja,76,856186.79,0.0263157894736842,1.1510047e-06,Very Low
MRC02942,POS_Retail,Lagos,210,2317806.29,0.0095238095238095,1.1436769e-06,Very Low
MRC01744,POS_Pharmacy,Rivers,110,622326.32,0.009090909090909,1.1428123e-06,Very Low
MRC02697,POS_Fashion,Abuja,44,1209926.06,0.0,1.1402116e-06,Very Low
MRC01265,POS_Supermarket,Oyo,50,417011.57,0.0,1.1390496e-06,Very Low
MRC03277,POS_Supermarket,Plateau,74,671918.9299999999,0.0135135135135135,1.1329612e-06,Very Low
MRC00270,Online_Bills,Enugu,282,3383046.01,0.0070921985815602,1.1321122e-06,Very Low
MRC02635,POS_Pharmacy,Lagos,47,279060.58,0.0,1.1285947e-06,Very Low
MRC03346,POS_Retail,Enugu,276,2924327.92,0.0,1.1271093e-06,Very Low
MRC04121,POS_Retail,Bayelsa,50,544471.68,0.0,1.1242902e-06,Very Low
MRC02333,Online_Ecommerce,Imo,287,10167203.53,0.0034843205574912,1.124153e-06,Very Low
MRC04982,POS_Grocery,Benue,76,686485.43,0.0131578947368421,1.1071489e-06,Very Low
MRC02015,POS_Retail,Kwara,44,491210.74,0.0,1.1036816e-06,Very Low
MRC04263,POS_Supermarket,Lagos,307,2520867.96,0.006514657980456,1.0997721e-06,Very Low
MRC01973,POS_Fuel,Plateau,56,847502.1799999999,0.0,1.0879238e-06,Very Low
MRC01386,POS_Pharmacy,Lagos,109,577621.98,0.018348623853211,1.0858704e-06,Very Low
MRC02864,POS_Fuel,Lagos,41,554683.0,0.0,1.0851902e-06,Very Low
MRC04632,POS_Fashion,Cross River,71,1859877.93,0.0,1.0841734e-06,Very Low
MRC03390,POS_Restaurant,Lagos,185,894310.92,0.0216216216216216,1.0796634e-06,Very Low
MRC02467,POS_Retail,Enugu,59,594209.65,0.0169491525423728,1.0783658e-06,Very Low
MRC02796,Online_Gaming,Oyo,57,177295.1,0.0,1.0776698e-06,Very Low
MRC03025,Online_Ecommerce,Benue,41,1257114.58,0.0,1.0721108e-06,Very Low
MRC03584,POS_Grocery,Rivers,42,341702.02,0.0,1.0684669e-06,Very Low
MRC01387,Online_Bills,Lagos,55,637940.85,0.0,1.0616109e-06,Very Low
MRC04200,Transfer_P2P,Rivers,60,1448202.63,0.0,1.0532187e-06,Very Low
MRC01262,POS_Electronics,Lagos,72,6101389.7700000005,0.0,1.0511908e-06,Very Low
MRC03643,Online_Ecommerce,Kaduna,98,3334608.97,0.0,1.0484475e-06,Very Low
MRC00090,Online_Bills,Abuja,176,2222156.88,0.0056818181818181,1.042549e-06,Very Low
MRC01709,Online_Bills,Abuja,253,3165233.33,0.0118577075098814,1.0400405e-06,Very Low
MRC00012,POS_Restaurant,Delta,67,344871.88,0.0,1.024769e-06,Very Low
MRC00053,Online_Gaming,Lagos,171,539009.4,0.0116959064327485,1.021135e-06,Very Low
MRC01754,Online_Bills,Ogun,303,3773800.7,0.0099009900990099,1.0197706e-06,Very Low
MRC04189,Transfer_Business,Lagos,60,16087419.23,0.0,1.0177789e-06,Very Low
MRC03902,Online_Ecommerce,Lagos,56,2091320.08,0.0,1.0168573e-06,Very Low
MRC00614,POS_Fuel,Rivers,56,730489.65,0.0,1.0167214e-06,Very Low
MRC03991,POS_Retail,Abuja,74,716116.5700000001,0.0,1.0164597e-06,Very Low
MRC01406,POS_Electronics,Lagos,55,4545552.96,0.0,1.0151025e-06,Very Low
MRC03555,Transfer_Business,Kano,41,10068822.92,0.0,1.0130512e-06,Very Low
MRC03765,POS_Supermarket,Imo,157,1216339.22,0.0063694267515923,1.0099836e-06,Very Low
MRC01488,POS_Restaurant,Edo,57,287299.09,0.0175438596491228,1.0059713e-06,Very Low
MRC00398,POS_Retail,Kwara,72,859872.61,0.0138888888888888,1.0046962e-06,Very Low
MRC00419,Transfer_P2P,Abuja,76,1641013.5,0.0131578947368421,1.0003785e-06,Very Low
MRC00825,POS_Fuel,Kwara,228,3517022.51,0.0043859649122807,9.982247e-07,Very Low
MRC02341,POS_Restaurant,Imo,113,558337.69,0.0088495575221238,9.858417e-07,Very Low
MRC02969,POS_Retail,Delta,114,1058905.29,0.0087719298245614,9.81605e-07,Very Low
MRC02020,POS_Retail,Lagos,54,549594.07,0.0185185185185185,9.810416e-07,Very Low
MRC02918,POS_Grocery,Enugu,215,1728353.8,0.0046511627906976,9.754561e-07,Very Low
MRC04361,POS_Grocery,Oyo,55,474828.09,0.0181818181818181,9.653862e-07,Very Low
MRC04322,Online_Gaming,Lagos,189,604472.48,0.0105820105820105,9.601508e-07,Very Low
MRC03238,POS_Retail,Enugu,55,612023.88,0.0,9.5184066e-07,Very Low
MRC02618,POS_Retail,Kano,113,1067870.25,0.0088495575221238,9.487783e-07,Very Low
MRC02528,POS_Restaurant,Oyo,193,1022401.9,0.0103626943005181,9.349744e-07,Very Low
MRC01216,Online_Ecommerce,Kano,198,7038428.03,0.0,9.3254243e-07,Very Low
MRC00565,POS_Electronics,Edo,74,6396741.15,0.0,9.2700594e-07,Very Low
MRC04046,POS_Fashion,Lagos,49,1207963.56,0.0,9.2509214e-07,Very Low
MRC02826,POS_Retail,Lagos,59,627244.91,0.0,9.2091005e-07,Very Low
MRC04081,POS_Restaurant,Delta,41,176567.47,0.0,9.197077e-07,Very Low
MRC00964,POS_Grocery,Rivers,55,421458.19,0.0181818181818181,9.173609e-07,Very Low
MRC01748,POS_Grocery,Oyo,161,1225197.23,0.0,9.1564954e-07,Very Low
MRC02226,POS_Pharmacy,Lagos,42,242950.33,0.0,9.1395356e-07,Very Low
MRC01878,POS_Grocery,Rivers,66,509943.15,0.0,9.129092e-07,Very Low
MRC02225,Online_Bills,Anambra,75,991553.13,0.0266666666666666,9.075835e-07,Very Low
MRC01609,POS_Restaurant,Lagos,186,924299.14,0.0,9.043288e-07,Very Low
MRC04983,POS_Fuel,Oyo,55,929806.91,0.0,9.0290865e-07,Very Low
MRC02578,Transfer_P2P,Benue,76,1503565.83,0.0,9.0129816e-07,Very Low
MRC03708,Online_Bills,Ekiti,54,690094.88,0.0,8.9386475e-07,Very Low
MRC03464,POS_Fuel,Lagos,75,1115317.73,0.0133333333333333,8.902958e-07,Very Low
MRC03873,POS_Restaurant,Kaduna,56,276342.85,0.0,8.8983154e-07,Very Low
MRC03701,POS_Grocery,Lagos,90,663817.65,0.0111111111111111,8.886738e-07,Very Low
MRC04186,Online_Bills,Abuja,54,567908.13,0.0,8.837685e-07,Very Low
MRC03393,POS_Retail,Ogun,113,1207517.18,0.0,8.815362e-07,Very Low
MRC00873,POS_Supermarket,Lagos,89,764147.26,0.0,8.794747e-07,Very Low
MRC03195,Online_Ecommerce,Lagos,91,3282407.43,0.0,8.7666774e-07,Very Low
MRC03927,POS_Retail,Benue,168,1697694.95,0.0238095238095238,8.6907266e-07,Very Low
MRC00804,POS_Fuel,Anambra,101,1538603.41,0.0,8.676764e-07,Very Low
MRC03793,POS_Retail,Benue,56,552090.95,0.0,8.6032253e-07,Very Low
MRC02735,Transfer_P2P,Rivers,41,892209.99,0.0,8.568769e-07,Very Low
MRC04644,POS_Restaurant,Imo,257,1304262.81,0.0077821011673151,8.543164e-07,Very Low
MRC01775,POS_Retail,Abuja,159,1583053.87,0.0062893081761006,8.5162065e-07,Very Low
MRC03673,POS_Retail,Delta,57,629004.25,0.0,8.505752e-07,Very Low
MRC02499,POS_Retail,Abuja,57,640749.46,0.0,8.453665e-07,Very Low
MRC01149,POS_Grocery,Oyo,117,988609.02,0.017094017094017,8.4474914e-07,Very Low
MRC04380,POS_Grocery,Osun,201,1602081.4,0.0099502487562189,8.403442e-07,Very Low
MRC01453,POS_Fuel,Oyo,77,1076147.04,0.0129870129870129,8.349792e-07,Very Low
MRC04062,POS_Restaurant,Abia,42,187609.55,0.0,8.1891363e-07,Very Low
MRC04372,POS_Restaurant,Kwara,93,463607.61,0.0,8.183429e-07,Very Low
MRC01306,Online_Bills,Lagos,132,1503375.14,0.0,8.144298e-07,Very Low
MRC01834,POS_Fuel,Bayelsa,73,1059260.2,0.0,8.1226494e-07,Very Low
MRC01486,POS_Retail,Rivers,108,1215125.04,0.0092592592592592,8.0942544e-07,Very Low
MRC03123,Online_Gaming,Oyo,192,636048.97,0.0052083333333333,8.089648e-07,Very Low
MRC03992,POS_Retail,Enugu,57,559722.16,0.0175438596491228,8.08169e-07,Very Low
MRC01604,Transfer_P2P,Kaduna,90,1464472.23,0.0111111111111111,8.0476184e-07,Very Low
MRC03563,POS_Fuel,Kano,75,1193259.89,0.0,8.00735e-07,Very Low
MRC03585,POS_Grocery,Lagos,119,929797.24,0.0,7.997833e-07,Very Low
MRC03228,POS_Grocery,Edo,42,268309.08,0.0,7.995278e-07,Very Low
MRC02334,POS_Retail,Rivers,108,1094925.0,0.0092592592592592,7.9862104e-07,Very Low
MRC01128,POS_Supermarket,Lagos,169,1236324.73,0.0118343195266272,7.9790533e-07,Very Low
MRC00111,POS_Retail,Kano,147,1427411.47,0.0068027210884353,7.9078e-07,Very Low
MRC04255,POS_Retail,Edo,54,539237.83,0.0185185185185185,7.8972636e-07,Very Low
MRC02532,Online_Bills,Lagos,91,1160969.68,0.0109890109890109,7.829891e-07,Very Low
MRC00319,POS_Retail,Lagos,55,619657.9400000001,0.0,7.8218073e-07,Very Low
MRC04169,Online_Bills,Osun,121,1421491.36,0.0082644628099173,7.8102613e-07,Very Low
MRC00066,POS_Fuel,Abuja,58,901607.17,0.0,7.763618e-07,Very Low
MRC01235,POS_Grocery,Rivers,61,505545.2,0.0,7.704891e-07,Very Low
MRC02288,POS_Retail,Plateau,166,1683416.76,0.0060240963855421,7.7039357e-07,Very Low
MRC02072,POS_Retail,Abuja,134,1323419.41,0.0,7.683919e-07,Very Low
MRC00026,POS_Fashion,Anambra,59,1461927.41,0.0,7.6755623e-07,Very Low
MRC04562,POS_Retail,Delta,98,1041171.78,0.0,7.617254e-07,Very Low
MRC00048,POS_Grocery,Abuja,59,465766.37,0.0169491525423728,7.479041e-07,Very Low
MRC02428,Transfer_P2P,Abuja,56,1089615.29,0.0,7.4144145e-07,Very Low
MRC01231,POS_Grocery,Delta,238,1865130.3,0.0084033613445378,7.390617e-07,Very Low
MRC01003,Online_Bills,Lagos,145,1657394.73,0.0137931034482758,7.3869455e-07,Very Low
MRC00298,POS_Retail,Lagos,72,745843.71,0.0,7.286459e-07,Very Low
MRC03411,POS_Fuel,Delta,56,846594.99,0.0178571428571428,7.221438e-07,Very Low
MRC01786,POS_Retail,Kaduna,60,642211.56,0.0,7.116773e-07,Very Low
MRC00624,POS_Retail,Lagos,61,660973.13,0.0,7.046227e-07,Very Low
MRC01770,POS_Grocery,Anambra,182,1530585.99,0.0054945054945054,7.02213e-07,Very Low
MRC03182,POS_Grocery,Kano,56,487483.94,0.0,7.0159183e-07,Very Low
MRC00056,POS_Fuel,Kaduna,78,1102416.69,0.0128205128205128,7.0041386e-07,Very Low
MRC00694,POS_Fashion,Enugu,56,1489869.86,0.0178571428571428,6.9917326e-07,Very Low
MRC02144,POS_Restaurant,Abuja,76,424705.64,0.0131578947368421,6.916817e-07,Very Low
MRC04238,Transfer_P2P,Rivers,62,1272492.68,0.0,6.8780275e-07,Very Low
MRC03741,POS_Retail,Ekiti,109,1122365.83,0.018348623853211,6.8618317e-07,Very Low
MRC03713,POS_Retail,Abia,79,858107.8,0.0,6.7901857e-07,Very Low
MRC01443,POS_Fashion,Oyo,76,1664765.69,0.0131578947368421,6.6822173e-07,Very Low
MRC02227,Online_Bills,Lagos,59,683337.8099999999,0.0,6.6655736e-07,Very Low
MRC04122,Online_Bills,Lagos,126,1578970.36,0.0158730158730158,6.568501e-07,Very Low
MRC01743,POS_Retail,Enugu,91,845208.75,0.0109890109890109,6.4967696e-07,Very Low
MRC01811,POS_Grocery,Ogun,93,641204.11,0.0,6.4570406e-07,Very Low
MRC03091,Transfer_P2P,Lagos,74,1458227.27,0.0,6.434628e-07,Very Low
MRC03473,Online_Bills,Abuja,72,960941.81,0.0,6.3629557e-07,Very Low
MRC03575,Online_Bills,Kano,85,1084861.5,0.0,6.3464114e-07,Very Low
MRC02744,POS_Grocery,Kwara,184,1476732.8,0.0163043478260869,6.2514823e-07,Very Low
MRC00159,POS_Retail,Rivers,55,576776.46,0.0,6.245964e-07,Very Low
MRC04719,POS_Retail,Imo,76,780877.39,0.0,6.2225746e-07,Very Low
MRC00607,POS_Fashion,Delta,96,2432394.96,0.0104166666666666,6.2046433e-07,Very Low
MRC00846,Online_Ecommerce,Anambra,76,2624562.95,0.0131578947368421,6.1792747e-07,Very Low
MRC02901,Online_Ecommerce,Lagos,54,1987402.92,0.0,6.1632727e-07,Very Low
MRC01059,POS_Restaurant,Lagos,62,333916.84,0.0,6.085082e-07,Very Low
MRC00008,POS_Retail,Oyo,54,513485.46,0.0,6.0434246e-07,Very Low
MRC01365,Online_Bills,Edo,76,973312.44,0.0,6.007521e-07,Very Low
MRC03986,POS_Retail,Abuja,90,900696.45,0.0111111111111111,5.909777e-07,Very Low
MRC01209,POS_Retail,Abuja,76,814314.63,0.0,5.8948154e-07,Very Low
MRC02884,POS_Electronics,Ogun,74,6394165.89,0.0,5.889157e-07,Very Low
MRC00936,POS_Grocery,Delta,55,496910.15,0.0,5.878238e-07,Very Low
MRC01172,Transfer_P2P,Lagos,76,1477663.16,0.0131578947368421,5.749466e-07,Very Low
MRC03133,POS_Retail,Rivers,60,729326.15,0.0166666666666666,5.691703e-07,Very Low
MRC01517,POS_Restaurant,Abuja,73,389561.4,0.0136986301369863,5.6680483e-07,Very Low
MRC01446,POS_Fuel,Benue,56,851491.98,0.0,5.664925e-07,Very Low
MRC04549,Online_Ecommerce,Abuja,73,2646363.53,0.0,5.6448255e-07,Very Low
MRC00459,POS_Grocery,Oyo,79,590951.85,0.0,5.611713e-07,Very Low
MRC03638,POS_Retail,Osun,148,1411484.54,0.0135135135135135,5.4717106e-07,Very Low
MRC00458,Transfer_P2P,Abuja,42,845300.28,0.0,5.305317e-07,Very Low
MRC02011,POS_Fuel,Osun,55,841938.87,0.0181818181818181,4.996648e-07,Very Low
MRC04970,Online_Bills,Ekiti,131,1740889.33,0.015267175572519,4.8735797e-07,Very Low
MRC02040,POS_Grocery,Ogun,108,867871.4400000001,0.0092592592592592,4.873515e-07,Very Low
MRC04853,POS_Retail,Abuja,55,541934.09,0.0,4.667673e-07,Very Low
MRC00727,Online_Ecommerce,Delta,59,2069988.5,0.0,4.6014293e-07,Very Low
MRC00397,POS_Fuel,Lagos,56,850549.84,0.0178571428571428,4.561808e-07,Very Low
MRC01320,Online_Bills,Abuja,101,1225626.07,0.0099009900990099,4.5424247e-07,Very Low
MRC04874,POS_Retail,Ogun,73,805727.6,0.0136986301369863,4.5379952e-07,Very Low
MRC00720,POS_Fuel,Oyo,110,1616327.08,0.009090909090909,4.372112e-07,Very Low
MRC04366,POS_Fashion,Osun,74,1745522.47,0.0,4.2200008e-07,Very Low
MRC00344,POS_Retail,Kaduna,144,1439189.79,0.0069444444444444,4.0641143e-07,Very Low
MRC01739,POS_Retail,Enugu,75,789405.26,0.0,3.8561208e-07,Very Low
MRC03347,POS_Fuel,Anambra,90,1381302.88,0.0111111111111111,3.8496026e-07,Very Low
MRC04115,Online_Bills,Lagos,54,759887.73,0.0,3.5639457e-07,Very Low
MRC03623,Online_Bills,Anambra,57,751761.9,0.0,3.4767217e-07,Very Low
MRC04948,POS_Restaurant,Delta,55,276342.83,0.0,3.3521832e-07,Very Low
MRC02698,POS_Grocery,Abuja,57,422571.58,0.0,2.7888677e-07,Very Low
MRC00042,POS_Grocery,Lagos,95,746455.89,0.0,2.6862028e-07,Very Low
